phase,call,module_name,us
prefill,0,model.embed_tokens,1466.56
prefill,0,model.layers.0.input_layernorm,8253.28
prefill,0,model.layers.0.self_attn.q_proj,12392.8
prefill,0,model.layers.0.self_attn.k_proj,6458.8
prefill,0,model.layers.0.self_attn.v_proj,6231.93
prefill,0,model.layers.0.self_attn.q_norm,755
prefill,0,model.layers.0.self_attn.k_norm,165
prefill,0,model.layers.0.self_attn.q_rope,473.229
prefill,0,model.layers.0.self_attn.k_rope,167.135
prefill,0,model.layers.0.self_attn.qk_matmul,1831.88
prefill,0,model.layers.0.self_attn.mask,433.281
prefill,0,model.layers.0.self_attn.softmax,314.948
prefill,0,model.layers.0.self_attn.av_matmul,2006.88
prefill,0,model.layers.0.self_attn.o_proj,12257
prefill,0,model.layers.0.self_attn,83924.1
prefill,0,model.layers.0.post_attention_layernorm,466.614
prefill,0,model.layers.0.mlp.gate_proj,38089.4
prefill,0,model.layers.0.mlp.act,2997.76
prefill,0,model.layers.0.mlp.up_proj,37115.1
prefill,0,model.layers.0.mlp.down_proj,37934.5
prefill,0,model.layers.0.mlp,118358
prefill,0,model.layers.0,226619
prefill,0,model.layers.1.input_layernorm,356.406
prefill,0,model.layers.1.self_attn.q_proj,12208.6
prefill,0,model.layers.1.self_attn.k_proj,8171.98
prefill,0,model.layers.1.self_attn.v_proj,6647.97
prefill,0,model.layers.1.self_attn.q_norm,586.979
prefill,0,model.layers.1.self_attn.k_norm,345.938
prefill,0,model.layers.1.self_attn.q_rope,449.323
prefill,0,model.layers.1.self_attn.k_rope,539.532
prefill,0,model.layers.1.self_attn.qk_matmul,2188.7
prefill,0,model.layers.1.self_attn.mask,944.062
prefill,0,model.layers.1.self_attn.softmax,645.625
prefill,0,model.layers.1.self_attn.av_matmul,2131.82
prefill,0,model.layers.1.self_attn.o_proj,12305.6
prefill,0,model.layers.1.self_attn,47725.1
prefill,0,model.layers.1.post_attention_layernorm,912.343
prefill,0,model.layers.1.mlp.gate_proj,35685.7
prefill,0,model.layers.1.mlp.act,758.438
prefill,0,model.layers.1.mlp.up_proj,35681
prefill,0,model.layers.1.mlp.down_proj,36064.8
prefill,0,model.layers.1.mlp,108367
prefill,0,model.layers.1,158470
prefill,0,model.layers.2.input_layernorm,551.562
prefill,0,model.layers.2.self_attn.q_proj,12543.5
prefill,0,model.layers.2.self_attn.k_proj,6559.84
prefill,0,model.layers.2.self_attn.v_proj,6374.17
prefill,0,model.layers.2.self_attn.q_norm,715
prefill,0,model.layers.2.self_attn.k_norm,632.604
prefill,0,model.layers.2.self_attn.q_rope,626.979
prefill,0,model.layers.2.self_attn.k_rope,628.489
prefill,0,model.layers.2.self_attn.qk_matmul,2105
prefill,0,model.layers.2.self_attn.mask,181.198
prefill,0,model.layers.2.self_attn.softmax,290.73
prefill,0,model.layers.2.self_attn.av_matmul,1972.87
prefill,0,model.layers.2.self_attn.o_proj,11929.6
prefill,0,model.layers.2.self_attn,48559.8
prefill,0,model.layers.2.post_attention_layernorm,188.386
prefill,0,model.layers.2.mlp.gate_proj,35114.8
prefill,0,model.layers.2.mlp.act,249.062
prefill,0,model.layers.2.mlp.up_proj,35029.9
prefill,0,model.layers.2.mlp.down_proj,35728.8
prefill,0,model.layers.2.mlp,106223
prefill,0,model.layers.2,156148
prefill,0,model.layers.3.input_layernorm,275.52
prefill,0,model.layers.3.self_attn.q_proj,12465.1
prefill,0,model.layers.3.self_attn.k_proj,6592.66
prefill,0,model.layers.3.self_attn.v_proj,6627.19
prefill,0,model.layers.3.self_attn.q_norm,734.844
prefill,0,model.layers.3.self_attn.k_norm,368.438
prefill,0,model.layers.3.self_attn.q_rope,637.813
prefill,0,model.layers.3.self_attn.k_rope,632.812
prefill,0,model.layers.3.self_attn.qk_matmul,2125.16
prefill,0,model.layers.3.self_attn.mask,563.437
prefill,0,model.layers.3.self_attn.softmax,776.875
prefill,0,model.layers.3.self_attn.av_matmul,2553.85
prefill,0,model.layers.3.self_attn.o_proj,12327
prefill,0,model.layers.3.self_attn,50557.8
prefill,0,model.layers.3.post_attention_layernorm,583.906
prefill,0,model.layers.3.mlp.gate_proj,35621.9
prefill,0,model.layers.3.mlp.act,636.406
prefill,0,model.layers.3.mlp.up_proj,35712.5
prefill,0,model.layers.3.mlp.down_proj,35881.2
prefill,0,model.layers.3.mlp,108111
prefill,0,model.layers.3,160381
prefill,0,model.layers.4.input_layernorm,644.114
prefill,0,model.layers.4.self_attn.q_proj,12159.5
prefill,0,model.layers.4.self_attn.k_proj,6475.05
prefill,0,model.layers.4.self_attn.v_proj,6706.88
prefill,0,model.layers.4.self_attn.q_norm,749.062
prefill,0,model.layers.4.self_attn.k_norm,356.354
prefill,0,model.layers.4.self_attn.q_rope,616.146
prefill,0,model.layers.4.self_attn.k_rope,653.438
prefill,0,model.layers.4.self_attn.qk_matmul,2168.75
prefill,0,model.layers.4.self_attn.mask,568.75
prefill,0,model.layers.4.self_attn.softmax,887.865
prefill,0,model.layers.4.self_attn.av_matmul,2319.95
prefill,0,model.layers.4.self_attn.o_proj,12383
prefill,0,model.layers.4.self_attn,50140.8
prefill,0,model.layers.4.post_attention_layernorm,590.677
prefill,0,model.layers.4.mlp.gate_proj,35683.4
prefill,0,model.layers.4.mlp.act,737.709
prefill,0,model.layers.4.mlp.up_proj,35203.6
prefill,0,model.layers.4.mlp.down_proj,36130.6
prefill,0,model.layers.4.mlp,107946
prefill,0,model.layers.4,160268
prefill,0,model.layers.5.input_layernorm,585.781
prefill,0,model.layers.5.self_attn.q_proj,12440.9
prefill,0,model.layers.5.self_attn.k_proj,6522.19
prefill,0,model.layers.5.self_attn.v_proj,6242.29
prefill,0,model.layers.5.self_attn.q_norm,613.281
prefill,0,model.layers.5.self_attn.k_norm,658.959
prefill,0,model.layers.5.self_attn.q_rope,652.344
prefill,0,model.layers.5.self_attn.k_rope,601.042
prefill,0,model.layers.5.self_attn.qk_matmul,2111.09
prefill,0,model.layers.5.self_attn.mask,546.562
prefill,0,model.layers.5.self_attn.softmax,783.958
prefill,0,model.layers.5.self_attn.av_matmul,2109.06
prefill,0,model.layers.5.self_attn.o_proj,12294.5
prefill,0,model.layers.5.self_attn,49862.5
prefill,0,model.layers.5.post_attention_layernorm,602.135
prefill,0,model.layers.5.mlp.gate_proj,35557.5
prefill,0,model.layers.5.mlp.act,650
prefill,0,model.layers.5.mlp.up_proj,35597.9
prefill,0,model.layers.5.mlp.down_proj,35980.1
prefill,0,model.layers.5.mlp,107965
prefill,0,model.layers.5,159994
prefill,0,model.layers.6.input_layernorm,679.115
prefill,0,model.layers.6.self_attn.q_proj,12407.6
prefill,0,model.layers.6.self_attn.k_proj,6518.59
prefill,0,model.layers.6.self_attn.v_proj,6492.24
prefill,0,model.layers.6.self_attn.q_norm,667.344
prefill,0,model.layers.6.self_attn.k_norm,647.761
prefill,0,model.layers.6.self_attn.q_rope,598.073
prefill,0,model.layers.6.self_attn.k_rope,676.406
prefill,0,model.layers.6.self_attn.qk_matmul,2104.74
prefill,0,model.layers.6.self_attn.mask,557.813
prefill,0,model.layers.6.self_attn.softmax,932.239
prefill,0,model.layers.6.self_attn.av_matmul,2367.86
prefill,0,model.layers.6.self_attn.o_proj,12299.5
prefill,0,model.layers.6.self_attn,50418.9
prefill,0,model.layers.6.post_attention_layernorm,591.041
prefill,0,model.layers.6.mlp.gate_proj,35496.6
prefill,0,model.layers.6.mlp.act,829.323
prefill,0,model.layers.6.mlp.up_proj,41075.6
prefill,0,model.layers.6.mlp.down_proj,35790.9
prefill,0,model.layers.6.mlp,113367
prefill,0,model.layers.6,165621
prefill,0,model.layers.7.input_layernorm,216.667
prefill,0,model.layers.7.self_attn.q_proj,11860.9
prefill,0,model.layers.7.self_attn.k_proj,6064.74
prefill,0,model.layers.7.self_attn.v_proj,6087.03
prefill,0,model.layers.7.self_attn.q_norm,263.906
prefill,0,model.layers.7.self_attn.k_norm,203.75
prefill,0,model.layers.7.self_attn.q_rope,236.25
prefill,0,model.layers.7.self_attn.k_rope,184.688
prefill,0,model.layers.7.self_attn.qk_matmul,1779.48
prefill,0,model.layers.7.self_attn.mask,216.302
prefill,0,model.layers.7.self_attn.softmax,325.156
prefill,0,model.layers.7.self_attn.av_matmul,1934.06
prefill,0,model.layers.7.self_attn.o_proj,11964.5
prefill,0,model.layers.7.self_attn,41868.1
prefill,0,model.layers.7.post_attention_layernorm,256.302
prefill,0,model.layers.7.mlp.gate_proj,35318.6
prefill,0,model.layers.7.mlp.act,635.312
prefill,0,model.layers.7.mlp.up_proj,35235.5
prefill,0,model.layers.7.mlp.down_proj,35915
prefill,0,model.layers.7.mlp,107287
prefill,0,model.layers.7,150521
prefill,0,model.layers.8.input_layernorm,552.813
prefill,0,model.layers.8.self_attn.q_proj,12528.4
prefill,0,model.layers.8.self_attn.k_proj,6413.12
prefill,0,model.layers.8.self_attn.v_proj,6496.41
prefill,0,model.layers.8.self_attn.q_norm,683.75
prefill,0,model.layers.8.self_attn.k_norm,623.281
prefill,0,model.layers.8.self_attn.q_rope,611.094
prefill,0,model.layers.8.self_attn.k_rope,345.469
prefill,0,model.layers.8.self_attn.qk_matmul,2093.91
prefill,0,model.layers.8.self_attn.mask,562.708
prefill,0,model.layers.8.self_attn.softmax,772.605
prefill,0,model.layers.8.self_attn.av_matmul,2252.66
prefill,0,model.layers.8.self_attn.o_proj,12537
prefill,0,model.layers.8.self_attn,49895.5
prefill,0,model.layers.8.post_attention_layernorm,555.782
prefill,0,model.layers.8.mlp.gate_proj,35277.4
prefill,0,model.layers.8.mlp.act,613.021
prefill,0,model.layers.8.mlp.up_proj,35249.2
prefill,0,model.layers.8.mlp.down_proj,36015
prefill,0,model.layers.8.mlp,107362
prefill,0,model.layers.8,159317
prefill,0,model.layers.9.input_layernorm,1668.75
prefill,0,model.layers.9.self_attn.q_proj,12331
prefill,0,model.layers.9.self_attn.k_proj,6582.34
prefill,0,model.layers.9.self_attn.v_proj,6202.19
prefill,0,model.layers.9.self_attn.q_norm,636.198
prefill,0,model.layers.9.self_attn.k_norm,657.187
prefill,0,model.layers.9.self_attn.q_rope,644.844
prefill,0,model.layers.9.self_attn.k_rope,646.146
prefill,0,model.layers.9.self_attn.qk_matmul,2104.17
prefill,0,model.layers.9.self_attn.mask,642.5
prefill,0,model.layers.9.self_attn.softmax,714.063
prefill,0,model.layers.9.self_attn.av_matmul,2507.34
prefill,0,model.layers.9.self_attn.o_proj,12392.8
prefill,0,model.layers.9.self_attn,49863
prefill,0,model.layers.9.post_attention_layernorm,582.76
prefill,0,model.layers.9.mlp.gate_proj,35681.7
prefill,0,model.layers.9.mlp.act,762.812
prefill,0,model.layers.9.mlp.up_proj,35231.6
prefill,0,model.layers.9.mlp.down_proj,35870.8
prefill,0,model.layers.9.mlp,107759
prefill,0,model.layers.9,160992
prefill,0,model.layers.10.input_layernorm,670.208
prefill,0,model.layers.10.self_attn.q_proj,12175.6
prefill,0,model.layers.10.self_attn.k_proj,6378.7
prefill,0,model.layers.10.self_attn.v_proj,6640.42
prefill,0,model.layers.10.self_attn.q_norm,579.688
prefill,0,model.layers.10.self_attn.k_norm,665.052
prefill,0,model.layers.10.self_attn.q_rope,626.302
prefill,0,model.layers.10.self_attn.k_rope,372.292
prefill,0,model.layers.10.self_attn.qk_matmul,2058.75
prefill,0,model.layers.10.self_attn.mask,533.958
prefill,0,model.layers.10.self_attn.softmax,821.563
prefill,0,model.layers.10.self_attn.av_matmul,2498.75
prefill,0,model.layers.10.self_attn.o_proj,12400.9
prefill,0,model.layers.10.self_attn,49678
prefill,0,model.layers.10.post_attention_layernorm,617.761
prefill,0,model.layers.10.mlp.gate_proj,35496.9
prefill,0,model.layers.10.mlp.act,771.302
prefill,0,model.layers.10.mlp.up_proj,35715.9
prefill,0,model.layers.10.mlp.down_proj,35963.6
prefill,0,model.layers.10.mlp,108198
prefill,0,model.layers.10,160038
prefill,0,model.layers.11.input_layernorm,727.031
prefill,0,model.layers.11.self_attn.q_proj,12266.2
prefill,0,model.layers.11.self_attn.k_proj,6722.4
prefill,0,model.layers.11.self_attn.v_proj,6539.84
prefill,0,model.layers.11.self_attn.q_norm,644.115
prefill,0,model.layers.11.self_attn.k_norm,645.469
prefill,0,model.layers.11.self_attn.q_rope,681.667
prefill,0,model.layers.11.self_attn.k_rope,613.282
prefill,0,model.layers.11.self_attn.qk_matmul,2065.62
prefill,0,model.layers.11.self_attn.mask,555.885
prefill,0,model.layers.11.self_attn.softmax,723.593
prefill,0,model.layers.11.self_attn.av_matmul,2115.78
prefill,0,model.layers.11.self_attn.o_proj,12301.7
prefill,0,model.layers.11.self_attn,49798.4
prefill,0,model.layers.11.post_attention_layernorm,587.656
prefill,0,model.layers.11.mlp.gate_proj,35678.4
prefill,0,model.layers.11.mlp.act,717.968
prefill,0,model.layers.11.mlp.up_proj,35559.1
prefill,0,model.layers.11.mlp.down_proj,36115.1
prefill,0,model.layers.11.mlp,108275
prefill,0,model.layers.11,160337
prefill,0,model.layers.12.input_layernorm,542.291
prefill,0,model.layers.12.self_attn.q_proj,12423.5
prefill,0,model.layers.12.self_attn.k_proj,6467.34
prefill,0,model.layers.12.self_attn.v_proj,6271.88
prefill,0,model.layers.12.self_attn.q_norm,617.708
prefill,0,model.layers.12.self_attn.k_norm,633.75
prefill,0,model.layers.12.self_attn.q_rope,780.469
prefill,0,model.layers.12.self_attn.k_rope,574.479
prefill,0,model.layers.12.self_attn.qk_matmul,2195.31
prefill,0,model.layers.12.self_attn.mask,583.698
prefill,0,model.layers.12.self_attn.softmax,766.875
prefill,0,model.layers.12.self_attn.av_matmul,2150.94
prefill,0,model.layers.12.self_attn.o_proj,12287.2
prefill,0,model.layers.12.self_attn,49659.5
prefill,0,model.layers.12.post_attention_layernorm,675.833
prefill,0,model.layers.12.mlp.gate_proj,35566.1
prefill,0,model.layers.12.mlp.act,697.344
prefill,0,model.layers.12.mlp.up_proj,35299.4
prefill,0,model.layers.12.mlp.down_proj,35975.6
prefill,0,model.layers.12.mlp,107656
prefill,0,model.layers.12,159454
prefill,0,model.layers.13.input_layernorm,372.084
prefill,0,model.layers.13.self_attn.q_proj,12365.4
prefill,0,model.layers.13.self_attn.k_proj,6381.67
prefill,0,model.layers.13.self_attn.v_proj,6346.09
prefill,0,model.layers.13.self_attn.q_norm,689.427
prefill,0,model.layers.13.self_attn.k_norm,662.24
prefill,0,model.layers.13.self_attn.q_rope,614.323
prefill,0,model.layers.13.self_attn.k_rope,325.834
prefill,0,model.layers.13.self_attn.qk_matmul,2115.31
prefill,0,model.layers.13.self_attn.mask,607.084
prefill,0,model.layers.13.self_attn.softmax,755.417
prefill,0,model.layers.13.self_attn.av_matmul,2141.72
prefill,0,model.layers.13.self_attn.o_proj,12399.1
prefill,0,model.layers.13.self_attn,49664.6
prefill,0,model.layers.13.post_attention_layernorm,562.396
prefill,0,model.layers.13.mlp.gate_proj,35692.4
prefill,0,model.layers.13.mlp.act,624.531
prefill,0,model.layers.13.mlp.up_proj,35221.3
prefill,0,model.layers.13.mlp.down_proj,36061.7
prefill,0,model.layers.13.mlp,107709
prefill,0,model.layers.13,159096
prefill,0,model.layers.14.input_layernorm,629.479
prefill,0,model.layers.14.self_attn.q_proj,12128.4
prefill,0,model.layers.14.self_attn.k_proj,6383.12
prefill,0,model.layers.14.self_attn.v_proj,6528.49
prefill,0,model.layers.14.self_attn.q_norm,621.719
prefill,0,model.layers.14.self_attn.k_norm,451.823
prefill,0,model.layers.14.self_attn.q_rope,619.375
prefill,0,model.layers.14.self_attn.k_rope,604.531
prefill,0,model.layers.14.self_attn.qk_matmul,2071.04
prefill,0,model.layers.14.self_attn.mask,558.437
prefill,0,model.layers.14.self_attn.softmax,777.344
prefill,0,model.layers.14.self_attn.av_matmul,2475.99
prefill,0,model.layers.14.self_attn.o_proj,12270.6
prefill,0,model.layers.14.self_attn,49503
prefill,0,model.layers.14.post_attention_layernorm,578.593
prefill,0,model.layers.14.mlp.gate_proj,35319.7
prefill,0,model.layers.14.mlp.act,684.375
prefill,0,model.layers.14.mlp.up_proj,35676
prefill,0,model.layers.14.mlp.down_proj,36037.7
prefill,0,model.layers.14.mlp,107828
prefill,0,model.layers.14,159673
prefill,0,model.layers.15.input_layernorm,365.312
prefill,0,model.layers.15.self_attn.q_proj,12443.9
prefill,0,model.layers.15.self_attn.k_proj,6428.33
prefill,0,model.layers.15.self_attn.v_proj,6708.75
prefill,0,model.layers.15.self_attn.q_norm,742.656
prefill,0,model.layers.15.self_attn.k_norm,346.406
prefill,0,model.layers.15.self_attn.q_rope,655
prefill,0,model.layers.15.self_attn.k_rope,695.052
prefill,0,model.layers.15.self_attn.qk_matmul,2125.89
prefill,0,model.layers.15.self_attn.mask,564.115
prefill,0,model.layers.15.self_attn.softmax,530.365
prefill,0,model.layers.15.self_attn.av_matmul,2474.22
prefill,0,model.layers.15.self_attn.o_proj,12361.9
prefill,0,model.layers.15.self_attn,50112.4
prefill,0,model.layers.15.post_attention_layernorm,550.156
prefill,0,model.layers.15.mlp.gate_proj,35509.1
prefill,0,model.layers.15.mlp.act,846.718
prefill,0,model.layers.15.mlp.up_proj,35289.9
prefill,0,model.layers.15.mlp.down_proj,35972
prefill,0,model.layers.15.mlp,107863
prefill,0,model.layers.15,159722
prefill,0,model.layers.16.input_layernorm,645.157
prefill,0,model.layers.16.self_attn.q_proj,12173.2
prefill,0,model.layers.16.self_attn.k_proj,6485.94
prefill,0,model.layers.16.self_attn.v_proj,6267.14
prefill,0,model.layers.16.self_attn.q_norm,656.407
prefill,0,model.layers.16.self_attn.k_norm,646.459
prefill,0,model.layers.16.self_attn.q_rope,658.125
prefill,0,model.layers.16.self_attn.k_rope,576.511
prefill,0,model.layers.16.self_attn.qk_matmul,2112.29
prefill,0,model.layers.16.self_attn.mask,568.75
prefill,0,model.layers.16.self_attn.softmax,757.239
prefill,0,model.layers.16.self_attn.av_matmul,2244.53
prefill,0,model.layers.16.self_attn.o_proj,12489.3
prefill,0,model.layers.16.self_attn,49591.9
prefill,0,model.layers.16.post_attention_layernorm,656.771
prefill,0,model.layers.16.mlp.gate_proj,35513.1
prefill,0,model.layers.16.mlp.act,764.375
prefill,0,model.layers.16.mlp.up_proj,35507.2
prefill,0,model.layers.16.mlp.down_proj,36050.4
prefill,0,model.layers.16.mlp,108049
prefill,0,model.layers.16,159680
prefill,0,model.layers.17.input_layernorm,621.406
prefill,0,model.layers.17.self_attn.q_proj,12441.9
prefill,0,model.layers.17.self_attn.k_proj,6401.98
prefill,0,model.layers.17.self_attn.v_proj,6667.86
prefill,0,model.layers.17.self_attn.q_norm,748.646
prefill,0,model.layers.17.self_attn.k_norm,659.115
prefill,0,model.layers.17.self_attn.q_rope,639.322
prefill,0,model.layers.17.self_attn.k_rope,725.312
prefill,0,model.layers.17.self_attn.qk_matmul,2124.17
prefill,0,model.layers.17.self_attn.mask,573.594
prefill,0,model.layers.17.self_attn.softmax,882.031
prefill,0,model.layers.17.self_attn.av_matmul,2294.38
prefill,0,model.layers.17.self_attn.o_proj,12341.4
prefill,0,model.layers.17.self_attn,50422.3
prefill,0,model.layers.17.post_attention_layernorm,586.146
prefill,0,model.layers.17.mlp.gate_proj,35706.6
prefill,0,model.layers.17.mlp.act,702.812
prefill,0,model.layers.17.mlp.up_proj,35499.5
prefill,0,model.layers.17.mlp.down_proj,36079.5
prefill,0,model.layers.17.mlp,108097
prefill,0,model.layers.17,160546
prefill,0,model.layers.18.input_layernorm,568.594
prefill,0,model.layers.18.self_attn.q_proj,12200.5
prefill,0,model.layers.18.self_attn.k_proj,6416.2
prefill,0,model.layers.18.self_attn.v_proj,6571.09
prefill,0,model.layers.18.self_attn.q_norm,603.073
prefill,0,model.layers.18.self_attn.k_norm,658.594
prefill,0,model.layers.18.self_attn.q_rope,656.562
prefill,0,model.layers.18.self_attn.k_rope,651.146
prefill,0,model.layers.18.self_attn.qk_matmul,2091.93
prefill,0,model.layers.18.self_attn.mask,569.219
prefill,0,model.layers.18.self_attn.softmax,758.334
prefill,0,model.layers.18.self_attn.av_matmul,2396.77
prefill,0,model.layers.18.self_attn.o_proj,12499.4
prefill,0,model.layers.18.self_attn,49972.4
prefill,0,model.layers.18.post_attention_layernorm,625
prefill,0,model.layers.18.mlp.gate_proj,35531.6
prefill,0,model.layers.18.mlp.act,797.708
prefill,0,model.layers.18.mlp.up_proj,35222.5
prefill,0,model.layers.18.mlp.down_proj,36041.2
prefill,0,model.layers.18.mlp,107828
prefill,0,model.layers.18,159726
prefill,0,model.layers.19.input_layernorm,608.125
prefill,0,model.layers.19.self_attn.q_proj,12467.4
prefill,0,model.layers.19.self_attn.k_proj,6504.06
prefill,0,model.layers.19.self_attn.v_proj,6524.38
prefill,0,model.layers.19.self_attn.q_norm,682.604
prefill,0,model.layers.19.self_attn.k_norm,640.781
prefill,0,model.layers.19.self_attn.q_rope,645.468
prefill,0,model.layers.19.self_attn.k_rope,620.677
prefill,0,model.layers.19.self_attn.qk_matmul,2115.36
prefill,0,model.layers.19.self_attn.mask,560.416
prefill,0,model.layers.19.self_attn.softmax,923.281
prefill,0,model.layers.19.self_attn.av_matmul,2320.68
prefill,0,model.layers.19.self_attn.o_proj,12373.1
prefill,0,model.layers.19.self_attn,50582.5
prefill,0,model.layers.19.post_attention_layernorm,567.917
prefill,0,model.layers.19.mlp.gate_proj,35708.8
prefill,0,model.layers.19.mlp.act,740.261
prefill,0,model.layers.19.mlp.up_proj,35295.5
prefill,0,model.layers.19.mlp.down_proj,35938.1
prefill,0,model.layers.19.mlp,107904
prefill,0,model.layers.19,160434
prefill,0,model.layers.20.input_layernorm,666.719
prefill,0,model.layers.20.self_attn.q_proj,12293.3
prefill,0,model.layers.20.self_attn.k_proj,6227.34
prefill,0,model.layers.20.self_attn.v_proj,6304.32
prefill,0,model.layers.20.self_attn.q_norm,609.323
prefill,0,model.layers.20.self_attn.k_norm,593.646
prefill,0,model.layers.20.self_attn.q_rope,755.781
prefill,0,model.layers.20.self_attn.k_rope,294.584
prefill,0,model.layers.20.self_attn.qk_matmul,2160.94
prefill,0,model.layers.20.self_attn.mask,559.688
prefill,0,model.layers.20.self_attn.softmax,776.51
prefill,0,model.layers.20.self_attn.av_matmul,2372.4
prefill,0,model.layers.20.self_attn.o_proj,12530.4
prefill,0,model.layers.20.self_attn,49293.4
prefill,0,model.layers.20.post_attention_layernorm,598.125
prefill,0,model.layers.20.mlp.gate_proj,35554.5
prefill,0,model.layers.20.mlp.act,594.063
prefill,0,model.layers.20.mlp.up_proj,35832
prefill,0,model.layers.20.mlp.down_proj,35983
prefill,0,model.layers.20.mlp,108214
prefill,0,model.layers.20,159601
prefill,0,model.layers.21.input_layernorm,591.094
prefill,0,model.layers.21.self_attn.q_proj,12481.1
prefill,0,model.layers.21.self_attn.k_proj,6576.2
prefill,0,model.layers.21.self_attn.v_proj,6294.06
prefill,0,model.layers.21.self_attn.q_norm,614.948
prefill,0,model.layers.21.self_attn.k_norm,616.51
prefill,0,model.layers.21.self_attn.q_rope,593.385
prefill,0,model.layers.21.self_attn.k_rope,370.885
prefill,0,model.layers.21.self_attn.qk_matmul,2115.42
prefill,0,model.layers.21.self_attn.mask,565
prefill,0,model.layers.21.self_attn.softmax,798.75
prefill,0,model.layers.21.self_attn.av_matmul,2305.31
prefill,0,model.layers.21.self_attn.o_proj,12260.6
prefill,0,model.layers.21.self_attn,49647.6
prefill,0,model.layers.21.post_attention_layernorm,587.188
prefill,0,model.layers.21.mlp.gate_proj,35694
prefill,0,model.layers.21.mlp.act,769.01
prefill,0,model.layers.21.mlp.up_proj,35319.2
prefill,0,model.layers.21.mlp.down_proj,35896.7
prefill,0,model.layers.21.mlp,107789
prefill,0,model.layers.21,159636
prefill,0,model.layers.22.input_layernorm,613.282
prefill,0,model.layers.22.self_attn.q_proj,12331.4
prefill,0,model.layers.22.self_attn.k_proj,6246.35
prefill,0,model.layers.22.self_attn.v_proj,6608.7
prefill,0,model.layers.22.self_attn.q_norm,587.864
prefill,0,model.layers.22.self_attn.k_norm,398.281
prefill,0,model.layers.22.self_attn.q_rope,645.26
prefill,0,model.layers.22.self_attn.k_rope,617.552
prefill,0,model.layers.22.self_attn.qk_matmul,2145.68
prefill,0,model.layers.22.self_attn.mask,637.969
prefill,0,model.layers.22.self_attn.softmax,796.562
prefill,0,model.layers.22.self_attn.av_matmul,2566.72
prefill,0,model.layers.22.self_attn.o_proj,14029.8
prefill,0,model.layers.22.self_attn,51640.4
prefill,0,model.layers.22.post_attention_layernorm,605.312
prefill,0,model.layers.22.mlp.gate_proj,35596.7
prefill,0,model.layers.22.mlp.act,665.73
prefill,0,model.layers.22.mlp.up_proj,35542
prefill,0,model.layers.22.mlp.down_proj,35874.5
prefill,0,model.layers.22.mlp,107838
prefill,0,model.layers.22,161678
prefill,0,model.layers.23.input_layernorm,597.187
prefill,0,model.layers.23.self_attn.q_proj,12379.5
prefill,0,model.layers.23.self_attn.k_proj,6469.58
prefill,0,model.layers.23.self_attn.v_proj,6554.06
prefill,0,model.layers.23.self_attn.q_norm,625.469
prefill,0,model.layers.23.self_attn.k_norm,647.5
prefill,0,model.layers.23.self_attn.q_rope,585.886
prefill,0,model.layers.23.self_attn.k_rope,299.583
prefill,0,model.layers.23.self_attn.qk_matmul,2122.55
prefill,0,model.layers.23.self_attn.mask,556.042
prefill,0,model.layers.23.self_attn.softmax,796.458
prefill,0,model.layers.23.self_attn.av_matmul,2424.38
prefill,0,model.layers.23.self_attn.o_proj,12403.3
prefill,0,model.layers.23.self_attn,49920.2
prefill,0,model.layers.23.post_attention_layernorm,618.281
prefill,0,model.layers.23.mlp.gate_proj,35629.1
prefill,0,model.layers.23.mlp.act,808.386
prefill,0,model.layers.23.mlp.up_proj,35538.1
prefill,0,model.layers.23.mlp.down_proj,35991.9
prefill,0,model.layers.23.mlp,108113
prefill,0,model.layers.23,160244
prefill,0,model.layers.24.input_layernorm,580.469
prefill,0,model.layers.24.self_attn.q_proj,12367.7
prefill,0,model.layers.24.self_attn.k_proj,6427.08
prefill,0,model.layers.24.self_attn.v_proj,6298.54
prefill,0,model.layers.24.self_attn.q_norm,628.75
prefill,0,model.layers.24.self_attn.k_norm,671.094
prefill,0,model.layers.24.self_attn.q_rope,709.375
prefill,0,model.layers.24.self_attn.k_rope,612.292
prefill,0,model.layers.24.self_attn.qk_matmul,2133.39
prefill,0,model.layers.24.self_attn.mask,604.583
prefill,0,model.layers.24.self_attn.softmax,767.187
prefill,0,model.layers.24.self_attn.av_matmul,2151.77
prefill,0,model.layers.24.self_attn.o_proj,12391.7
prefill,0,model.layers.24.self_attn,49639.3
prefill,0,model.layers.24.post_attention_layernorm,684.375
prefill,0,model.layers.24.mlp.gate_proj,35513.4
prefill,0,model.layers.24.mlp.act,608.437
prefill,0,model.layers.24.mlp.up_proj,35561
prefill,0,model.layers.24.mlp.down_proj,35926.1
prefill,0,model.layers.24.mlp,107827
prefill,0,model.layers.24,159655
prefill,0,model.layers.25.input_layernorm,591.51
prefill,0,model.layers.25.self_attn.q_proj,12364.6
prefill,0,model.layers.25.self_attn.k_proj,6745.68
prefill,0,model.layers.25.self_attn.v_proj,6201.98
prefill,0,model.layers.25.self_attn.q_norm,678.229
prefill,0,model.layers.25.self_attn.k_norm,371.406
prefill,0,model.layers.25.self_attn.q_rope,614.479
prefill,0,model.layers.25.self_attn.k_rope,675.052
prefill,0,model.layers.25.self_attn.qk_matmul,2111.35
prefill,0,model.layers.25.self_attn.mask,605.156
prefill,0,model.layers.25.self_attn.softmax,774.062
prefill,0,model.layers.25.self_attn.av_matmul,2240.94
prefill,0,model.layers.25.self_attn.o_proj,12408.6
prefill,0,model.layers.25.self_attn,49629.5
prefill,0,model.layers.25.post_attention_layernorm,558.802
prefill,0,model.layers.25.mlp.gate_proj,35400.5
prefill,0,model.layers.25.mlp.act,836.25
prefill,0,model.layers.25.mlp.up_proj,35356.9
prefill,0,model.layers.25.mlp.down_proj,35879.4
prefill,0,model.layers.25.mlp,107579
prefill,0,model.layers.25,159382
prefill,0,model.layers.26.input_layernorm,582.656
prefill,0,model.layers.26.self_attn.q_proj,12432.5
prefill,0,model.layers.26.self_attn.k_proj,6358.91
prefill,0,model.layers.26.self_attn.v_proj,6307.03
prefill,0,model.layers.26.self_attn.q_norm,624.896
prefill,0,model.layers.26.self_attn.k_norm,649.167
prefill,0,model.layers.26.self_attn.q_rope,636.406
prefill,0,model.layers.26.self_attn.k_rope,622.24
prefill,0,model.layers.26.self_attn.qk_matmul,2100.16
prefill,0,model.layers.26.self_attn.mask,529.531
prefill,0,model.layers.26.self_attn.softmax,791.98
prefill,0,model.layers.26.self_attn.av_matmul,2244.01
prefill,0,model.layers.26.self_attn.o_proj,12551.7
prefill,0,model.layers.26.self_attn,49493.7
prefill,0,model.layers.26.post_attention_layernorm,718.75
prefill,0,model.layers.26.mlp.gate_proj,35599.1
prefill,0,model.layers.26.mlp.act,680.573
prefill,0,model.layers.26.mlp.up_proj,35692.9
prefill,0,model.layers.26.mlp.down_proj,36040.2
prefill,0,model.layers.26.mlp,108120
prefill,0,model.layers.26,159764
prefill,0,model.layers.27.input_layernorm,697.188
prefill,0,model.layers.27.self_attn.q_proj,12330.2
prefill,0,model.layers.27.self_attn.k_proj,6547.76
prefill,0,model.layers.27.self_attn.v_proj,6595.47
prefill,0,model.layers.27.self_attn.q_norm,603.437
prefill,0,model.layers.27.self_attn.k_norm,669.844
prefill,0,model.layers.27.self_attn.q_rope,637.187
prefill,0,model.layers.27.self_attn.k_rope,648.49
prefill,0,model.layers.27.self_attn.qk_matmul,2073.91
prefill,0,model.layers.27.self_attn.mask,556.719
prefill,0,model.layers.27.self_attn.softmax,737.656
prefill,0,model.layers.27.self_attn.av_matmul,2172.14
prefill,0,model.layers.27.self_attn.o_proj,12296.7
prefill,0,model.layers.27.self_attn,49791.4
prefill,0,model.layers.27.post_attention_layernorm,551.302
prefill,0,model.layers.27.mlp.gate_proj,35501.5
prefill,0,model.layers.27.mlp.act,924.218
prefill,0,model.layers.27.mlp.up_proj,35350.9
prefill,0,model.layers.27.mlp.down_proj,36095.9
prefill,0,model.layers.27.mlp,108070
prefill,0,model.layers.27,160026
prefill,0,model.norm,623.698
prefill,0,model,4.53904e+06
prefill,0,lm_head_out,204872
decode,0,model.embed_tokens,12.396
decode,0,model.layers.0.input_layernorm,5176.25
decode,0,model.layers.0.self_attn.q_proj,527.969
decode,0,model.layers.0.self_attn.k_proj,345.469
decode,0,model.layers.0.self_attn.v_proj,366.562
decode,0,model.layers.0.self_attn.q_norm,199.687
decode,0,model.layers.0.self_attn.k_norm,182.135
decode,0,model.layers.0.self_attn.q_rope,259.844
decode,0,model.layers.0.self_attn.k_rope,174.896
decode,0,model.layers.0.self_attn.qk_matmul,607.031
decode,0,model.layers.0.self_attn.mask,454.531
decode,0,model.layers.0.self_attn.softmax,219.688
decode,0,model.layers.0.self_attn.av_matmul,479.635
decode,0,model.layers.0.self_attn.o_proj,462.291
decode,0,model.layers.0.self_attn,4711.09
decode,0,model.layers.0.post_attention_layernorm,127.292
decode,0,model.layers.0.mlp.gate_proj,1030.62
decode,0,model.layers.0.mlp.act,106.406
decode,0,model.layers.0.mlp.up_proj,982.76
decode,0,model.layers.0.mlp.down_proj,1166.88
decode,0,model.layers.0.mlp,3341.3
decode,0,model.layers.0,13888.8
decode,0,model.layers.1.input_layernorm,166.822
decode,0,model.layers.1.self_attn.q_proj,497.448
decode,0,model.layers.1.self_attn.k_proj,413.125
decode,0,model.layers.1.self_attn.v_proj,327.344
decode,0,model.layers.1.self_attn.q_norm,172.865
decode,0,model.layers.1.self_attn.k_norm,198.593
decode,0,model.layers.1.self_attn.q_rope,215.209
decode,0,model.layers.1.self_attn.k_rope,93.959
decode,0,model.layers.1.self_attn.qk_matmul,467.916
decode,0,model.layers.1.self_attn.mask,200.312
decode,0,model.layers.1.self_attn.softmax,171.562
decode,0,model.layers.1.self_attn.av_matmul,468.75
decode,0,model.layers.1.self_attn.o_proj,472.865
decode,0,model.layers.1.self_attn,4525.31
decode,0,model.layers.1.post_attention_layernorm,180.572
decode,0,model.layers.1.mlp.gate_proj,1008.49
decode,0,model.layers.1.mlp.act,154.948
decode,0,model.layers.1.mlp.up_proj,1015.1
decode,0,model.layers.1.mlp.down_proj,980.313
decode,0,model.layers.1.mlp,3210.73
decode,0,model.layers.1,8371.2
decode,0,model.layers.2.input_layernorm,205.729
decode,0,model.layers.2.self_attn.q_proj,512.135
decode,0,model.layers.2.self_attn.k_proj,325.156
decode,0,model.layers.2.self_attn.v_proj,325.365
decode,0,model.layers.2.self_attn.q_norm,195.26
decode,0,model.layers.2.self_attn.k_norm,190.938
decode,0,model.layers.2.self_attn.q_rope,212.032
decode,0,model.layers.2.self_attn.k_rope,178.333
decode,0,model.layers.2.self_attn.qk_matmul,404.844
decode,0,model.layers.2.self_attn.mask,211.406
decode,0,model.layers.2.self_attn.softmax,202.76
decode,0,model.layers.2.self_attn.av_matmul,488.437
decode,0,model.layers.2.self_attn.o_proj,550.053
decode,0,model.layers.2.self_attn,4814.84
decode,0,model.layers.2.post_attention_layernorm,459.687
decode,0,model.layers.2.mlp.gate_proj,962.448
decode,0,model.layers.2.mlp.act,190.053
decode,0,model.layers.2.mlp.up_proj,982.344
decode,0,model.layers.2.mlp.down_proj,936.823
decode,0,model.layers.2.mlp,3156.41
decode,0,model.layers.2,8994.69
decode,0,model.layers.3.input_layernorm,196.406
decode,0,model.layers.3.self_attn.q_proj,509.166
decode,0,model.layers.3.self_attn.k_proj,302.656
decode,0,model.layers.3.self_attn.v_proj,363.593
decode,0,model.layers.3.self_attn.q_norm,195
decode,0,model.layers.3.self_attn.k_norm,111.146
decode,0,model.layers.3.self_attn.q_rope,245.781
decode,0,model.layers.3.self_attn.k_rope,168.385
decode,0,model.layers.3.self_attn.qk_matmul,661.093
decode,0,model.layers.3.self_attn.mask,247.864
decode,0,model.layers.3.self_attn.softmax,191.927
decode,0,model.layers.3.self_attn.av_matmul,430.417
decode,0,model.layers.3.self_attn.o_proj,499.896
decode,0,model.layers.3.self_attn,5366.56
decode,0,model.layers.3.post_attention_layernorm,172.604
decode,0,model.layers.3.mlp.gate_proj,946.042
decode,0,model.layers.3.mlp.act,252.917
decode,0,model.layers.3.mlp.up_proj,995.26
decode,0,model.layers.3.mlp.down_proj,903.281
decode,0,model.layers.3.mlp,3138.91
decode,0,model.layers.3,9147.5
decode,0,model.layers.4.input_layernorm,261.198
decode,0,model.layers.4.self_attn.q_proj,427.396
decode,0,model.layers.4.self_attn.k_proj,313.594
decode,0,model.layers.4.self_attn.v_proj,299.219
decode,0,model.layers.4.self_attn.q_norm,251.719
decode,0,model.layers.4.self_attn.k_norm,145.469
decode,0,model.layers.4.self_attn.q_rope,229.271
decode,0,model.layers.4.self_attn.k_rope,235.157
decode,0,model.layers.4.self_attn.qk_matmul,414.896
decode,0,model.layers.4.self_attn.mask,204.896
decode,0,model.layers.4.self_attn.softmax,182.656
decode,0,model.layers.4.self_attn.av_matmul,442.917
decode,0,model.layers.4.self_attn.o_proj,409.948
decode,0,model.layers.4.self_attn,4889.53
decode,0,model.layers.4.post_attention_layernorm,180.104
decode,0,model.layers.4.mlp.gate_proj,964.896
decode,0,model.layers.4.mlp.act,238.906
decode,0,model.layers.4.mlp.up_proj,945.678
decode,0,model.layers.4.mlp.down_proj,993.906
decode,0,model.layers.4.mlp,3222.71
decode,0,model.layers.4,8795.62
decode,0,model.layers.5.input_layernorm,197.136
decode,0,model.layers.5.self_attn.q_proj,435.678
decode,0,model.layers.5.self_attn.k_proj,325.208
decode,0,model.layers.5.self_attn.v_proj,313.178
decode,0,model.layers.5.self_attn.q_norm,203.75
decode,0,model.layers.5.self_attn.k_norm,170.156
decode,0,model.layers.5.self_attn.q_rope,202.5
decode,0,model.layers.5.self_attn.k_rope,168.907
decode,0,model.layers.5.self_attn.qk_matmul,402.447
decode,0,model.layers.5.self_attn.mask,176.615
decode,0,model.layers.5.self_attn.softmax,204.635
decode,0,model.layers.5.self_attn.av_matmul,438.75
decode,0,model.layers.5.self_attn.o_proj,432.552
decode,0,model.layers.5.self_attn,4873.28
decode,0,model.layers.5.post_attention_layernorm,167.396
decode,0,model.layers.5.mlp.gate_proj,1003.96
decode,0,model.layers.5.mlp.act,260.416
decode,0,model.layers.5.mlp.up_proj,943.854
decode,0,model.layers.5.mlp.down_proj,898.594
decode,0,model.layers.5.mlp,3143.91
decode,0,model.layers.5,8682.4
decode,0,model.layers.6.input_layernorm,179.063
decode,0,model.layers.6.self_attn.q_proj,450
decode,0,model.layers.6.self_attn.k_proj,291.302
decode,0,model.layers.6.self_attn.v_proj,296.407
decode,0,model.layers.6.self_attn.q_norm,213.75
decode,0,model.layers.6.self_attn.k_norm,165.885
decode,0,model.layers.6.self_attn.q_rope,181.51
decode,0,model.layers.6.self_attn.k_rope,160.521
decode,0,model.layers.6.self_attn.qk_matmul,389.375
decode,0,model.layers.6.self_attn.mask,179.948
decode,0,model.layers.6.self_attn.softmax,170.885
decode,0,model.layers.6.self_attn.av_matmul,447.5
decode,0,model.layers.6.self_attn.o_proj,437.24
decode,0,model.layers.6.self_attn,4828.07
decode,0,model.layers.6.post_attention_layernorm,163.594
decode,0,model.layers.6.mlp.gate_proj,937.656
decode,0,model.layers.6.mlp.act,163.594
decode,0,model.layers.6.mlp.up_proj,952.344
decode,0,model.layers.6.mlp.down_proj,976.406
decode,0,model.layers.6.mlp,3070.62
decode,0,model.layers.6,8507.55
decode,0,model.layers.7.input_layernorm,200.781
decode,0,model.layers.7.self_attn.q_proj,476.927
decode,0,model.layers.7.self_attn.k_proj,369.375
decode,0,model.layers.7.self_attn.v_proj,269.635
decode,0,model.layers.7.self_attn.q_norm,204.115
decode,0,model.layers.7.self_attn.k_norm,179.062
decode,0,model.layers.7.self_attn.q_rope,177.812
decode,0,model.layers.7.self_attn.k_rope,204.062
decode,0,model.layers.7.self_attn.qk_matmul,373.75
decode,0,model.layers.7.self_attn.mask,173.541
decode,0,model.layers.7.self_attn.softmax,175.625
decode,0,model.layers.7.self_attn.av_matmul,431.875
decode,0,model.layers.7.self_attn.o_proj,414.375
decode,0,model.layers.7.self_attn,4789.17
decode,0,model.layers.7.post_attention_layernorm,173.958
decode,0,model.layers.7.mlp.gate_proj,935.468
decode,0,model.layers.7.mlp.act,215.312
decode,0,model.layers.7.mlp.up_proj,925.678
decode,0,model.layers.7.mlp.down_proj,924.74
decode,0,model.layers.7.mlp,3074.11
decode,0,model.layers.7,8498.85
decode,0,model.layers.8.input_layernorm,172.969
decode,0,model.layers.8.self_attn.q_proj,432.187
decode,0,model.layers.8.self_attn.k_proj,312.188
decode,0,model.layers.8.self_attn.v_proj,317.396
decode,0,model.layers.8.self_attn.q_norm,184.948
decode,0,model.layers.8.self_attn.k_norm,195.573
decode,0,model.layers.8.self_attn.q_rope,163.906
decode,0,model.layers.8.self_attn.k_rope,203.75
decode,0,model.layers.8.self_attn.qk_matmul,658.594
decode,0,model.layers.8.self_attn.mask,184.063
decode,0,model.layers.8.self_attn.softmax,172.292
decode,0,model.layers.8.self_attn.av_matmul,434.375
decode,0,model.layers.8.self_attn.o_proj,425.052
decode,0,model.layers.8.self_attn,5041.88
decode,0,model.layers.8.post_attention_layernorm,168.177
decode,0,model.layers.8.mlp.gate_proj,922.656
decode,0,model.layers.8.mlp.act,196.875
decode,0,model.layers.8.mlp.up_proj,951.458
decode,0,model.layers.8.mlp.down_proj,909.167
decode,0,model.layers.8.mlp,3018.8
decode,0,model.layers.8,8666.72
decode,0,model.layers.9.input_layernorm,162.083
decode,0,model.layers.9.self_attn.q_proj,440.937
decode,0,model.layers.9.self_attn.k_proj,297.812
decode,0,model.layers.9.self_attn.v_proj,319.323
decode,0,model.layers.9.self_attn.q_norm,203.385
decode,0,model.layers.9.self_attn.k_norm,173.958
decode,0,model.layers.9.self_attn.q_rope,165.938
decode,0,model.layers.9.self_attn.k_rope,209.115
decode,0,model.layers.9.self_attn.qk_matmul,383.385
decode,0,model.layers.9.self_attn.mask,169.896
decode,0,model.layers.9.self_attn.softmax,197.292
decode,0,model.layers.9.self_attn.av_matmul,422.709
decode,0,model.layers.9.self_attn.o_proj,428.125
decode,0,model.layers.9.self_attn,4760.68
decode,0,model.layers.9.post_attention_layernorm,181.875
decode,0,model.layers.9.mlp.gate_proj,950
decode,0,model.layers.9.mlp.act,197.447
decode,0,model.layers.9.mlp.up_proj,934.062
decode,0,model.layers.9.mlp.down_proj,907.968
decode,0,model.layers.9.mlp,3040.42
decode,0,model.layers.9,8397.97
decode,0,model.layers.10.input_layernorm,234.531
decode,0,model.layers.10.self_attn.q_proj,441.822
decode,0,model.layers.10.self_attn.k_proj,338.646
decode,0,model.layers.10.self_attn.v_proj,294.375
decode,0,model.layers.10.self_attn.q_norm,176.197
decode,0,model.layers.10.self_attn.k_norm,176.042
decode,0,model.layers.10.self_attn.q_rope,224.479
decode,0,model.layers.10.self_attn.k_rope,164.792
decode,0,model.layers.10.self_attn.qk_matmul,471.51
decode,0,model.layers.10.self_attn.mask,194.635
decode,0,model.layers.10.self_attn.softmax,178.542
decode,0,model.layers.10.self_attn.av_matmul,506.302
decode,0,model.layers.10.self_attn.o_proj,433.906
decode,0,model.layers.10.self_attn,4873.23
decode,0,model.layers.10.post_attention_layernorm,161.563
decode,0,model.layers.10.mlp.gate_proj,942.5
decode,0,model.layers.10.mlp.act,155.053
decode,0,model.layers.10.mlp.up_proj,923.541
decode,0,model.layers.10.mlp.down_proj,909.531
decode,0,model.layers.10.mlp,3037.76
decode,0,model.layers.10,8617.34
decode,0,model.layers.11.input_layernorm,154.531
decode,0,model.layers.11.self_attn.q_proj,459.896
decode,0,model.layers.11.self_attn.k_proj,345.781
decode,0,model.layers.11.self_attn.v_proj,312.292
decode,0,model.layers.11.self_attn.q_norm,195.677
decode,0,model.layers.11.self_attn.k_norm,188.646
decode,0,model.layers.11.self_attn.q_rope,192.969
decode,0,model.layers.11.self_attn.k_rope,232.553
decode,0,model.layers.11.self_attn.qk_matmul,388.281
decode,0,model.layers.11.self_attn.mask,188.958
decode,0,model.layers.11.self_attn.softmax,197.083
decode,0,model.layers.11.self_attn.av_matmul,423.073
decode,0,model.layers.11.self_attn.o_proj,436.718
decode,0,model.layers.11.self_attn,4829.84
decode,0,model.layers.11.post_attention_layernorm,168.594
decode,0,model.layers.11.mlp.gate_proj,930.781
decode,0,model.layers.11.mlp.act,220.521
decode,0,model.layers.11.mlp.up_proj,966.041
decode,0,model.layers.11.mlp.down_proj,898.177
decode,0,model.layers.11.mlp,3050.78
decode,0,model.layers.11,8501.25
decode,0,model.layers.12.input_layernorm,151.719
decode,0,model.layers.12.self_attn.q_proj,460.416
decode,0,model.layers.12.self_attn.k_proj,342.448
decode,0,model.layers.12.self_attn.v_proj,312.292
decode,0,model.layers.12.self_attn.q_norm,177.5
decode,0,model.layers.12.self_attn.k_norm,114.063
decode,0,model.layers.12.self_attn.q_rope,189.896
decode,0,model.layers.12.self_attn.k_rope,207.709
decode,0,model.layers.12.self_attn.qk_matmul,642.656
decode,0,model.layers.12.self_attn.mask,183.385
decode,0,model.layers.12.self_attn.softmax,171.25
decode,0,model.layers.12.self_attn.av_matmul,431.563
decode,0,model.layers.12.self_attn.o_proj,413.282
decode,0,model.layers.12.self_attn,5042.66
decode,0,model.layers.12.post_attention_layernorm,171.666
decode,0,model.layers.12.mlp.gate_proj,980.053
decode,0,model.layers.12.mlp.act,189.375
decode,0,model.layers.12.mlp.up_proj,945.417
decode,0,model.layers.12.mlp.down_proj,926.146
decode,0,model.layers.12.mlp,3099.84
decode,0,model.layers.12,8721.09
decode,0,model.layers.13.input_layernorm,173.281
decode,0,model.layers.13.self_attn.q_proj,453.281
decode,0,model.layers.13.self_attn.k_proj,365.937
decode,0,model.layers.13.self_attn.v_proj,287.084
decode,0,model.layers.13.self_attn.q_norm,160.208
decode,0,model.layers.13.self_attn.k_norm,174.844
decode,0,model.layers.13.self_attn.q_rope,202.917
decode,0,model.layers.13.self_attn.k_rope,212.865
decode,0,model.layers.13.self_attn.qk_matmul,401.875
decode,0,model.layers.13.self_attn.mask,167.5
decode,0,model.layers.13.self_attn.softmax,195.885
decode,0,model.layers.13.self_attn.av_matmul,426.511
decode,0,model.layers.13.self_attn.o_proj,427.24
decode,0,model.layers.13.self_attn,4830.94
decode,0,model.layers.13.post_attention_layernorm,161.094
decode,0,model.layers.13.mlp.gate_proj,966.25
decode,0,model.layers.13.mlp.act,146.042
decode,0,model.layers.13.mlp.up_proj,954.791
decode,0,model.layers.13.mlp.down_proj,980.521
decode,0,model.layers.13.mlp,3121.25
decode,0,model.layers.13,8526.46
decode,0,model.layers.14.input_layernorm,218.125
decode,0,model.layers.14.self_attn.q_proj,464.428
decode,0,model.layers.14.self_attn.k_proj,287.031
decode,0,model.layers.14.self_attn.v_proj,343.594
decode,0,model.layers.14.self_attn.q_norm,178.907
decode,0,model.layers.14.self_attn.k_norm,220.469
decode,0,model.layers.14.self_attn.q_rope,184.063
decode,0,model.layers.14.self_attn.k_rope,201.094
decode,0,model.layers.14.self_attn.qk_matmul,397.76
decode,0,model.layers.14.self_attn.mask,186.51
decode,0,model.layers.14.self_attn.softmax,196.666
decode,0,model.layers.14.self_attn.av_matmul,496.719
decode,0,model.layers.14.self_attn.o_proj,428.698
decode,0,model.layers.14.self_attn,4897.76
decode,0,model.layers.14.post_attention_layernorm,181.354
decode,0,model.layers.14.mlp.gate_proj,986.25
decode,0,model.layers.14.mlp.act,164.323
decode,0,model.layers.14.mlp.up_proj,951.094
decode,0,model.layers.14.mlp.down_proj,918.698
decode,0,model.layers.14.mlp,3091.2
decode,0,model.layers.14,8581.46
decode,0,model.layers.15.input_layernorm,195.937
decode,0,model.layers.15.self_attn.q_proj,462.76
decode,0,model.layers.15.self_attn.k_proj,280.625
decode,0,model.layers.15.self_attn.v_proj,317.031
decode,0,model.layers.15.self_attn.q_norm,169.844
decode,0,model.layers.15.self_attn.k_norm,211.667
decode,0,model.layers.15.self_attn.q_rope,161.979
decode,0,model.layers.15.self_attn.k_rope,193.125
decode,0,model.layers.15.self_attn.qk_matmul,613.021
decode,0,model.layers.15.self_attn.mask,182.031
decode,0,model.layers.15.self_attn.softmax,195.833
decode,0,model.layers.15.self_attn.av_matmul,425.677
decode,0,model.layers.15.self_attn.o_proj,432.657
decode,0,model.layers.15.self_attn,5098.54
decode,0,model.layers.15.post_attention_layernorm,160.104
decode,0,model.layers.15.mlp.gate_proj,965.989
decode,0,model.layers.15.mlp.act,166.979
decode,0,model.layers.15.mlp.up_proj,978.073
decode,0,model.layers.15.mlp.down_proj,896.875
decode,0,model.layers.15.mlp,3068.12
decode,0,model.layers.15,8756.88
decode,0,model.layers.16.input_layernorm,210
decode,0,model.layers.16.self_attn.q_proj,444.323
decode,0,model.layers.16.self_attn.k_proj,298.437
decode,0,model.layers.16.self_attn.v_proj,298.437
decode,0,model.layers.16.self_attn.q_norm,203.906
decode,0,model.layers.16.self_attn.k_norm,175
decode,0,model.layers.16.self_attn.q_rope,176.303
decode,0,model.layers.16.self_attn.k_rope,213.698
decode,0,model.layers.16.self_attn.qk_matmul,460.781
decode,0,model.layers.16.self_attn.mask,162.969
decode,0,model.layers.16.self_attn.softmax,199.531
decode,0,model.layers.16.self_attn.av_matmul,421.719
decode,0,model.layers.16.self_attn.o_proj,431.927
decode,0,model.layers.16.self_attn,4823.33
decode,0,model.layers.16.post_attention_layernorm,187.031
decode,0,model.layers.16.mlp.gate_proj,983.802
decode,0,model.layers.16.mlp.act,173.802
decode,0,model.layers.16.mlp.up_proj,962.188
decode,0,model.layers.16.mlp.down_proj,913.594
decode,0,model.layers.16.mlp,3067.66
decode,0,model.layers.16,8561.88
decode,0,model.layers.17.input_layernorm,175.937
decode,0,model.layers.17.self_attn.q_proj,444.062
decode,0,model.layers.17.self_attn.k_proj,334.166
decode,0,model.layers.17.self_attn.v_proj,290.105
decode,0,model.layers.17.self_attn.q_norm,201.875
decode,0,model.layers.17.self_attn.k_norm,162.917
decode,0,model.layers.17.self_attn.q_rope,166.823
decode,0,model.layers.17.self_attn.k_rope,202.708
decode,0,model.layers.17.self_attn.qk_matmul,376.094
decode,0,model.layers.17.self_attn.mask,161.719
decode,0,model.layers.17.self_attn.softmax,200.365
decode,0,model.layers.17.self_attn.av_matmul,405.261
decode,0,model.layers.17.self_attn.o_proj,405.313
decode,0,model.layers.17.self_attn,4708.59
decode,0,model.layers.17.post_attention_layernorm,147.865
decode,0,model.layers.17.mlp.gate_proj,1042.34
decode,0,model.layers.17.mlp.act,212.813
decode,0,model.layers.17.mlp.up_proj,921.563
decode,0,model.layers.17.mlp.down_proj,889.323
decode,0,model.layers.17.mlp,3138.59
decode,0,model.layers.17,8444.06
decode,0,model.layers.18.input_layernorm,180.781
decode,0,model.layers.18.self_attn.q_proj,453.437
decode,0,model.layers.18.self_attn.k_proj,294.635
decode,0,model.layers.18.self_attn.v_proj,293.177
decode,0,model.layers.18.self_attn.q_norm,201.042
decode,0,model.layers.18.self_attn.k_norm,141.823
decode,0,model.layers.18.self_attn.q_rope,190.834
decode,0,model.layers.18.self_attn.k_rope,187.396
decode,0,model.layers.18.self_attn.qk_matmul,374.063
decode,0,model.layers.18.self_attn.mask,175.573
decode,0,model.layers.18.self_attn.softmax,147.76
decode,0,model.layers.18.self_attn.av_matmul,392.344
decode,0,model.layers.18.self_attn.o_proj,425
decode,0,model.layers.18.self_attn,4622.14
decode,0,model.layers.18.post_attention_layernorm,160.208
decode,0,model.layers.18.mlp.gate_proj,956.354
decode,0,model.layers.18.mlp.act,151.875
decode,0,model.layers.18.mlp.up_proj,947.239
decode,0,model.layers.18.mlp.down_proj,877.917
decode,0,model.layers.18.mlp,2970.42
decode,0,model.layers.18,8255.1
decode,0,model.layers.19.input_layernorm,171.771
decode,0,model.layers.19.self_attn.q_proj,391.302
decode,0,model.layers.19.self_attn.k_proj,293.906
decode,0,model.layers.19.self_attn.v_proj,332.187
decode,0,model.layers.19.self_attn.q_norm,152.136
decode,0,model.layers.19.self_attn.k_norm,195.781
decode,0,model.layers.19.self_attn.q_rope,165
decode,0,model.layers.19.self_attn.k_rope,142.396
decode,0,model.layers.19.self_attn.qk_matmul,387.708
decode,0,model.layers.19.self_attn.mask,152.344
decode,0,model.layers.19.self_attn.softmax,130.417
decode,0,model.layers.19.self_attn.av_matmul,396.77
decode,0,model.layers.19.self_attn.o_proj,407.343
decode,0,model.layers.19.self_attn,4545.36
decode,0,model.layers.19.post_attention_layernorm,150.573
decode,0,model.layers.19.mlp.gate_proj,930.625
decode,0,model.layers.19.mlp.act,156.406
decode,0,model.layers.19.mlp.up_proj,946.406
decode,0,model.layers.19.mlp.down_proj,902.865
decode,0,model.layers.19.mlp,2974.22
decode,0,model.layers.19,8087.71
decode,0,model.layers.20.input_layernorm,166.771
decode,0,model.layers.20.self_attn.q_proj,427.813
decode,0,model.layers.20.self_attn.k_proj,302.239
decode,0,model.layers.20.self_attn.v_proj,292.448
decode,0,model.layers.20.self_attn.q_norm,208.021
decode,0,model.layers.20.self_attn.k_norm,146.666
decode,0,model.layers.20.self_attn.q_rope,152.344
decode,0,model.layers.20.self_attn.k_rope,188.229
decode,0,model.layers.20.self_attn.qk_matmul,378.698
decode,0,model.layers.20.self_attn.mask,171.51
decode,0,model.layers.20.self_attn.softmax,207.031
decode,0,model.layers.20.self_attn.av_matmul,403.229
decode,0,model.layers.20.self_attn.o_proj,397.136
decode,0,model.layers.20.self_attn,4717.19
decode,0,model.layers.20.post_attention_layernorm,165.156
decode,0,model.layers.20.mlp.gate_proj,953.489
decode,0,model.layers.20.mlp.act,155.833
decode,0,model.layers.20.mlp.up_proj,952.656
decode,0,model.layers.20.mlp.down_proj,887.344
decode,0,model.layers.20.mlp,3019.22
decode,0,model.layers.20,8311.09
decode,0,model.layers.21.input_layernorm,202.344
decode,0,model.layers.21.self_attn.q_proj,416.042
decode,0,model.layers.21.self_attn.k_proj,297.813
decode,0,model.layers.21.self_attn.v_proj,311.302
decode,0,model.layers.21.self_attn.q_norm,150.781
decode,0,model.layers.21.self_attn.k_norm,176.667
decode,0,model.layers.21.self_attn.q_rope,163.021
decode,0,model.layers.21.self_attn.k_rope,190.781
decode,0,model.layers.21.self_attn.qk_matmul,406.771
decode,0,model.layers.21.self_attn.mask,163.594
decode,0,model.layers.21.self_attn.softmax,186.094
decode,0,model.layers.21.self_attn.av_matmul,409.74
decode,0,model.layers.21.self_attn.o_proj,431.25
decode,0,model.layers.21.self_attn,4591.25
decode,0,model.layers.21.post_attention_layernorm,143.541
decode,0,model.layers.21.mlp.gate_proj,924.218
decode,0,model.layers.21.mlp.act,166.614
decode,0,model.layers.21.mlp.up_proj,958.594
decode,0,model.layers.21.mlp.down_proj,881.407
decode,0,model.layers.21.mlp,2965.31
decode,0,model.layers.21,8170.47
decode,0,model.layers.22.input_layernorm,157.187
decode,0,model.layers.22.self_attn.q_proj,408.281
decode,0,model.layers.22.self_attn.k_proj,276.719
decode,0,model.layers.22.self_attn.v_proj,328.802
decode,0,model.layers.22.self_attn.q_norm,83.125
decode,0,model.layers.22.self_attn.k_norm,159.01
decode,0,model.layers.22.self_attn.q_rope,177.136
decode,0,model.layers.22.self_attn.k_rope,158.906
decode,0,model.layers.22.self_attn.qk_matmul,357.396
decode,0,model.layers.22.self_attn.mask,163.75
decode,0,model.layers.22.self_attn.softmax,141.25
decode,0,model.layers.22.self_attn.av_matmul,430.885
decode,0,model.layers.22.self_attn.o_proj,424.635
decode,0,model.layers.22.self_attn,4380.26
decode,0,model.layers.22.post_attention_layernorm,161.771
decode,0,model.layers.22.mlp.gate_proj,923.386
decode,0,model.layers.22.mlp.act,164.062
decode,0,model.layers.22.mlp.up_proj,944.062
decode,0,model.layers.22.mlp.down_proj,871.094
decode,0,model.layers.22.mlp,2942.08
decode,0,model.layers.22,7879.95
decode,0,model.layers.23.input_layernorm,147.083
decode,0,model.layers.23.self_attn.q_proj,439.636
decode,0,model.layers.23.self_attn.k_proj,293.281
decode,0,model.layers.23.self_attn.v_proj,311.875
decode,0,model.layers.23.self_attn.q_norm,142.292
decode,0,model.layers.23.self_attn.k_norm,153.542
decode,0,model.layers.23.self_attn.q_rope,172.239
decode,0,model.layers.23.self_attn.k_rope,192.291
decode,0,model.layers.23.self_attn.qk_matmul,370.521
decode,0,model.layers.23.self_attn.mask,153.49
decode,0,model.layers.23.self_attn.softmax,186.719
decode,0,model.layers.23.self_attn.av_matmul,410.625
decode,0,model.layers.23.self_attn.o_proj,400.313
decode,0,model.layers.23.self_attn,4608.28
decode,0,model.layers.23.post_attention_layernorm,133.594
decode,0,model.layers.23.mlp.gate_proj,947.969
decode,0,model.layers.23.mlp.act,162.084
decode,0,model.layers.23.mlp.up_proj,939.219
decode,0,model.layers.23.mlp.down_proj,939.323
decode,0,model.layers.23.mlp,3034.74
decode,0,model.layers.23,8196.98
decode,0,model.layers.24.input_layernorm,144.792
decode,0,model.layers.24.self_attn.q_proj,402.5
decode,0,model.layers.24.self_attn.k_proj,394.896
decode,0,model.layers.24.self_attn.v_proj,304.115
decode,0,model.layers.24.self_attn.q_norm,130.469
decode,0,model.layers.24.self_attn.k_norm,163.281
decode,0,model.layers.24.self_attn.q_rope,180.468
decode,0,model.layers.24.self_attn.k_rope,187.031
decode,0,model.layers.24.self_attn.qk_matmul,355.468
decode,0,model.layers.24.self_attn.mask,134.375
decode,0,model.layers.24.self_attn.softmax,177.083
decode,0,model.layers.24.self_attn.av_matmul,394.687
decode,0,model.layers.24.self_attn.o_proj,402.657
decode,0,model.layers.24.self_attn,4442.5
decode,0,model.layers.24.post_attention_layernorm,145.468
decode,0,model.layers.24.mlp.gate_proj,936.875
decode,0,model.layers.24.mlp.act,176.562
decode,0,model.layers.24.mlp.up_proj,916.875
decode,0,model.layers.24.mlp.down_proj,907.812
decode,0,model.layers.24.mlp,2979.53
decode,0,model.layers.24,7997.97
decode,0,model.layers.25.input_layernorm,141.563
decode,0,model.layers.25.self_attn.q_proj,419.843
decode,0,model.layers.25.self_attn.k_proj,329.062
decode,0,model.layers.25.self_attn.v_proj,298.281
decode,0,model.layers.25.self_attn.q_norm,196.145
decode,0,model.layers.25.self_attn.k_norm,149.167
decode,0,model.layers.25.self_attn.q_rope,221.146
decode,0,model.layers.25.self_attn.k_rope,150.625
decode,0,model.layers.25.self_attn.qk_matmul,366.927
decode,0,model.layers.25.self_attn.mask,153.437
decode,0,model.layers.25.self_attn.softmax,143.281
decode,0,model.layers.25.self_attn.av_matmul,386.355
decode,0,model.layers.25.self_attn.o_proj,417.813
decode,0,model.layers.25.self_attn,4634.22
decode,0,model.layers.25.post_attention_layernorm,162.656
decode,0,model.layers.25.mlp.gate_proj,947.5
decode,0,model.layers.25.mlp.act,131.719
decode,0,model.layers.25.mlp.up_proj,970.833
decode,0,model.layers.25.mlp.down_proj,888.906
decode,0,model.layers.25.mlp,2977.19
decode,0,model.layers.25,8123.59
decode,0,model.layers.26.input_layernorm,141.823
decode,0,model.layers.26.self_attn.q_proj,430.417
decode,0,model.layers.26.self_attn.k_proj,288.594
decode,0,model.layers.26.self_attn.v_proj,300.937
decode,0,model.layers.26.self_attn.q_norm,154.219
decode,0,model.layers.26.self_attn.k_norm,140.937
decode,0,model.layers.26.self_attn.q_rope,162.135
decode,0,model.layers.26.self_attn.k_rope,185.833
decode,0,model.layers.26.self_attn.qk_matmul,374.688
decode,0,model.layers.26.self_attn.mask,161.615
decode,0,model.layers.26.self_attn.softmax,173.958
decode,0,model.layers.26.self_attn.av_matmul,404.792
decode,0,model.layers.26.self_attn.o_proj,432.708
decode,0,model.layers.26.self_attn,4539.74
decode,0,model.layers.26.post_attention_layernorm,161.198
decode,0,model.layers.26.mlp.gate_proj,909.01
decode,0,model.layers.26.mlp.act,168.437
decode,0,model.layers.26.mlp.up_proj,973.125
decode,0,model.layers.26.mlp.down_proj,901.354
decode,0,model.layers.26.mlp,2985.78
decode,0,model.layers.26,8078.85
decode,0,model.layers.27.input_layernorm,175.469
decode,0,model.layers.27.self_attn.q_proj,437.5
decode,0,model.layers.27.self_attn.k_proj,328.489
decode,0,model.layers.27.self_attn.v_proj,260.156
decode,0,model.layers.27.self_attn.q_norm,202.708
decode,0,model.layers.27.self_attn.k_norm,158.282
decode,0,model.layers.27.self_attn.q_rope,164.375
decode,0,model.layers.27.self_attn.k_rope,143.177
decode,0,model.layers.27.self_attn.qk_matmul,386.25
decode,0,model.layers.27.self_attn.mask,158.907
decode,0,model.layers.27.self_attn.softmax,190.156
decode,0,model.layers.27.self_attn.av_matmul,397.812
decode,0,model.layers.27.self_attn.o_proj,417.968
decode,0,model.layers.27.self_attn,4524.9
decode,0,model.layers.27.post_attention_layernorm,142.083
decode,0,model.layers.27.mlp.gate_proj,1016.88
decode,0,model.layers.27.mlp.act,141.302
decode,0,model.layers.27.mlp.up_proj,942.552
decode,0,model.layers.27.mlp.down_proj,901.25
decode,0,model.layers.27.mlp,3088.75
decode,0,model.layers.27,8177.5
decode,0,model.norm,158.073
decode,0,model,242498
decode,0,lm_head_out,88708.3
decode,0,model.embed_tokens,20.886
decode,1,model.layers.0.input_layernorm,5795
decode,1,model.layers.0.self_attn.q_proj,411.198
decode,1,model.layers.0.self_attn.k_proj,263.282
decode,1,model.layers.0.self_attn.v_proj,283.489
decode,1,model.layers.0.self_attn.q_norm,148.125
decode,1,model.layers.0.self_attn.k_norm,193.438
decode,1,model.layers.0.self_attn.q_rope,166.354
decode,1,model.layers.0.self_attn.k_rope,127.552
decode,1,model.layers.0.self_attn.qk_matmul,372.083
decode,1,model.layers.0.self_attn.mask,147.552
decode,1,model.layers.0.self_attn.softmax,151.25
decode,1,model.layers.0.self_attn.av_matmul,390.313
decode,1,model.layers.0.self_attn.o_proj,382.031
decode,1,model.layers.0.self_attn,3763.91
decode,1,model.layers.0.post_attention_layernorm,129.011
decode,1,model.layers.0.mlp.gate_proj,871.562
decode,1,model.layers.0.mlp.act,134.896
decode,1,model.layers.0.mlp.up_proj,881.562
decode,1,model.layers.0.mlp.down_proj,819.74
decode,1,model.layers.0.mlp,2731.2
decode,1,model.layers.0,12594.8
decode,1,model.layers.1.input_layernorm,142.187
decode,1,model.layers.1.self_attn.q_proj,383.958
decode,1,model.layers.1.self_attn.k_proj,250.782
decode,1,model.layers.1.self_attn.v_proj,257.5
decode,1,model.layers.1.self_attn.q_norm,116.823
decode,1,model.layers.1.self_attn.k_norm,138.907
decode,1,model.layers.1.self_attn.q_rope,131.094
decode,1,model.layers.1.self_attn.k_rope,139.167
decode,1,model.layers.1.self_attn.qk_matmul,504.948
decode,1,model.layers.1.self_attn.mask,175.625
decode,1,model.layers.1.self_attn.softmax,148.907
decode,1,model.layers.1.self_attn.av_matmul,399.062
decode,1,model.layers.1.self_attn.o_proj,373.542
decode,1,model.layers.1.self_attn,3662.71
decode,1,model.layers.1.post_attention_layernorm,158.906
decode,1,model.layers.1.mlp.gate_proj,862.604
decode,1,model.layers.1.mlp.act,160.781
decode,1,model.layers.1.mlp.up_proj,884.532
decode,1,model.layers.1.mlp.down_proj,823.907
decode,1,model.layers.1.mlp,2759.22
decode,1,model.layers.1,6918.75
decode,1,model.layers.2.input_layernorm,171.979
decode,1,model.layers.2.self_attn.q_proj,379.427
decode,1,model.layers.2.self_attn.k_proj,278.906
decode,1,model.layers.2.self_attn.v_proj,261.927
decode,1,model.layers.2.self_attn.q_norm,143.75
decode,1,model.layers.2.self_attn.k_norm,120.729
decode,1,model.layers.2.self_attn.q_rope,145.261
decode,1,model.layers.2.self_attn.k_rope,118.281
decode,1,model.layers.2.self_attn.qk_matmul,362.552
decode,1,model.layers.2.self_attn.mask,133.281
decode,1,model.layers.2.self_attn.softmax,163.593
decode,1,model.layers.2.self_attn.av_matmul,486.875
decode,1,model.layers.2.self_attn.o_proj,378.75
decode,1,model.layers.2.self_attn,3895.89
decode,1,model.layers.2.post_attention_layernorm,116.406
decode,1,model.layers.2.mlp.gate_proj,849.688
decode,1,model.layers.2.mlp.act,154.219
decode,1,model.layers.2.mlp.up_proj,914.948
decode,1,model.layers.2.mlp.down_proj,813.125
decode,1,model.layers.2.mlp,2764.79
decode,1,model.layers.2,7124.22
decode,1,model.layers.3.input_layernorm,155.833
decode,1,model.layers.3.self_attn.q_proj,383.281
decode,1,model.layers.3.self_attn.k_proj,239.011
decode,1,model.layers.3.self_attn.v_proj,237.031
decode,1,model.layers.3.self_attn.q_norm,151.354
decode,1,model.layers.3.self_attn.k_norm,145.781
decode,1,model.layers.3.self_attn.q_rope,153.125
decode,1,model.layers.3.self_attn.k_rope,131.406
decode,1,model.layers.3.self_attn.qk_matmul,356.614
decode,1,model.layers.3.self_attn.mask,135.365
decode,1,model.layers.3.self_attn.softmax,125.833
decode,1,model.layers.3.self_attn.av_matmul,410.313
decode,1,model.layers.3.self_attn.o_proj,387.864
decode,1,model.layers.3.self_attn,3820.31
decode,1,model.layers.3.post_attention_layernorm,143.073
decode,1,model.layers.3.mlp.gate_proj,877.5
decode,1,model.layers.3.mlp.act,161.458
decode,1,model.layers.3.mlp.up_proj,866.562
decode,1,model.layers.3.mlp.down_proj,800.833
decode,1,model.layers.3.mlp,2732.45
decode,1,model.layers.3,7057.81
decode,1,model.layers.4.input_layernorm,133.281
decode,1,model.layers.4.self_attn.q_proj,397.344
decode,1,model.layers.4.self_attn.k_proj,304.115
decode,1,model.layers.4.self_attn.v_proj,277.083
decode,1,model.layers.4.self_attn.q_norm,151.927
decode,1,model.layers.4.self_attn.k_norm,130.156
decode,1,model.layers.4.self_attn.q_rope,155.208
decode,1,model.layers.4.self_attn.k_rope,149.114
decode,1,model.layers.4.self_attn.qk_matmul,378.437
decode,1,model.layers.4.self_attn.mask,144.219
decode,1,model.layers.4.self_attn.softmax,155.261
decode,1,model.layers.4.self_attn.av_matmul,396.198
decode,1,model.layers.4.self_attn.o_proj,406.927
decode,1,model.layers.4.self_attn,4094.43
decode,1,model.layers.4.post_attention_layernorm,156.51
decode,1,model.layers.4.mlp.gate_proj,900.468
decode,1,model.layers.4.mlp.act,215.313
decode,1,model.layers.4.mlp.up_proj,901.354
decode,1,model.layers.4.mlp.down_proj,878.281
decode,1,model.layers.4.mlp,2951.09
decode,1,model.layers.4,7516.88
decode,1,model.layers.5.input_layernorm,132.657
decode,1,model.layers.5.self_attn.q_proj,415.52
decode,1,model.layers.5.self_attn.k_proj,257.24
decode,1,model.layers.5.self_attn.v_proj,338.906
decode,1,model.layers.5.self_attn.q_norm,150.468
decode,1,model.layers.5.self_attn.k_norm,155.417
decode,1,model.layers.5.self_attn.q_rope,147.968
decode,1,model.layers.5.self_attn.k_rope,134.792
decode,1,model.layers.5.self_attn.qk_matmul,339.687
decode,1,model.layers.5.self_attn.mask,145.104
decode,1,model.layers.5.self_attn.softmax,140.052
decode,1,model.layers.5.self_attn.av_matmul,414.218
decode,1,model.layers.5.self_attn.o_proj,405.937
decode,1,model.layers.5.self_attn,4042.34
decode,1,model.layers.5.post_attention_layernorm,143.541
decode,1,model.layers.5.mlp.gate_proj,974.635
decode,1,model.layers.5.mlp.act,136.875
decode,1,model.layers.5.mlp.up_proj,922.812
decode,1,model.layers.5.mlp.down_proj,883.125
decode,1,model.layers.5.mlp,2946.41
decode,1,model.layers.5,7518.44
decode,1,model.layers.6.input_layernorm,163.177
decode,1,model.layers.6.self_attn.q_proj,406.093
decode,1,model.layers.6.self_attn.k_proj,299.062
decode,1,model.layers.6.self_attn.v_proj,261.198
decode,1,model.layers.6.self_attn.q_norm,171.927
decode,1,model.layers.6.self_attn.k_norm,153.906
decode,1,model.layers.6.self_attn.q_rope,142.5
decode,1,model.layers.6.self_attn.k_rope,179.375
decode,1,model.layers.6.self_attn.qk_matmul,366.25
decode,1,model.layers.6.self_attn.mask,153.75
decode,1,model.layers.6.self_attn.softmax,171.406
decode,1,model.layers.6.self_attn.av_matmul,388.281
decode,1,model.layers.6.self_attn.o_proj,415.521
decode,1,model.layers.6.self_attn,4344.84
decode,1,model.layers.6.post_attention_layernorm,168.594
decode,1,model.layers.6.mlp.gate_proj,937.5
decode,1,model.layers.6.mlp.act,129.531
decode,1,model.layers.6.mlp.up_proj,916.198
decode,1,model.layers.6.mlp.down_proj,871.407
decode,1,model.layers.6.mlp,2889.79
decode,1,model.layers.6,7749.22
decode,1,model.layers.7.input_layernorm,233.698
decode,1,model.layers.7.self_attn.q_proj,403.177
decode,1,model.layers.7.self_attn.k_proj,294.687
decode,1,model.layers.7.self_attn.v_proj,300.73
decode,1,model.layers.7.self_attn.q_norm,125.938
decode,1,model.layers.7.self_attn.k_norm,129.896
decode,1,model.layers.7.self_attn.q_rope,140.052
decode,1,model.layers.7.self_attn.k_rope,122.656
decode,1,model.layers.7.self_attn.qk_matmul,383.282
decode,1,model.layers.7.self_attn.mask,127.187
decode,1,model.layers.7.self_attn.softmax,126.667
decode,1,model.layers.7.self_attn.av_matmul,425.416
decode,1,model.layers.7.self_attn.o_proj,418.385
decode,1,model.layers.7.self_attn,4223.75
decode,1,model.layers.7.post_attention_layernorm,138.698
decode,1,model.layers.7.mlp.gate_proj,909.375
decode,1,model.layers.7.mlp.act,169.74
decode,1,model.layers.7.mlp.up_proj,977.604
decode,1,model.layers.7.mlp.down_proj,889.531
decode,1,model.layers.7.mlp,2978.65
decode,1,model.layers.7,7852.86
decode,1,model.layers.8.input_layernorm,160.989
decode,1,model.layers.8.self_attn.q_proj,449.531
decode,1,model.layers.8.self_attn.k_proj,271.563
decode,1,model.layers.8.self_attn.v_proj,301.198
decode,1,model.layers.8.self_attn.q_norm,185.104
decode,1,model.layers.8.self_attn.k_norm,153.23
decode,1,model.layers.8.self_attn.q_rope,173.125
decode,1,model.layers.8.self_attn.k_rope,190.156
decode,1,model.layers.8.self_attn.qk_matmul,443.437
decode,1,model.layers.8.self_attn.mask,158.906
decode,1,model.layers.8.self_attn.softmax,186.719
decode,1,model.layers.8.self_attn.av_matmul,404.895
decode,1,model.layers.8.self_attn.o_proj,425.781
decode,1,model.layers.8.self_attn,4625.83
decode,1,model.layers.8.post_attention_layernorm,150.781
decode,1,model.layers.8.mlp.gate_proj,911.093
decode,1,model.layers.8.mlp.act,163.906
decode,1,model.layers.8.mlp.up_proj,952.812
decode,1,model.layers.8.mlp.down_proj,941.094
decode,1,model.layers.8.mlp,3002.6
decode,1,model.layers.8,8176.46
decode,1,model.layers.9.input_layernorm,187.969
decode,1,model.layers.9.self_attn.q_proj,437.292
decode,1,model.layers.9.self_attn.k_proj,269.792
decode,1,model.layers.9.self_attn.v_proj,296.719
decode,1,model.layers.9.self_attn.q_norm,183.593
decode,1,model.layers.9.self_attn.k_norm,142.968
decode,1,model.layers.9.self_attn.q_rope,168.594
decode,1,model.layers.9.self_attn.k_rope,192.604
decode,1,model.layers.9.self_attn.qk_matmul,382.136
decode,1,model.layers.9.self_attn.mask,144.218
decode,1,model.layers.9.self_attn.softmax,196.823
decode,1,model.layers.9.self_attn.av_matmul,413.906
decode,1,model.layers.9.self_attn.o_proj,413.438
decode,1,model.layers.9.self_attn,4609.27
decode,1,model.layers.9.post_attention_layernorm,159.062
decode,1,model.layers.9.mlp.gate_proj,918.542
decode,1,model.layers.9.mlp.act,179.583
decode,1,model.layers.9.mlp.up_proj,925.73
decode,1,model.layers.9.mlp.down_proj,907.657
decode,1,model.layers.9.mlp,2973.75
decode,1,model.layers.9,8194.06
decode,1,model.layers.10.input_layernorm,212.656
decode,1,model.layers.10.self_attn.q_proj,424.062
decode,1,model.layers.10.self_attn.k_proj,306.511
decode,1,model.layers.10.self_attn.v_proj,333.281
decode,1,model.layers.10.self_attn.q_norm,177.5
decode,1,model.layers.10.self_attn.k_norm,190.157
decode,1,model.layers.10.self_attn.q_rope,192.76
decode,1,model.layers.10.self_attn.k_rope,181.51
decode,1,model.layers.10.self_attn.qk_matmul,384.479
decode,1,model.layers.10.self_attn.mask,162.395
decode,1,model.layers.10.self_attn.softmax,197.188
decode,1,model.layers.10.self_attn.av_matmul,438.906
decode,1,model.layers.10.self_attn.o_proj,431.198
decode,1,model.layers.10.self_attn,4768.65
decode,1,model.layers.10.post_attention_layernorm,176.771
decode,1,model.layers.10.mlp.gate_proj,929.062
decode,1,model.layers.10.mlp.act,207.5
decode,1,model.layers.10.mlp.up_proj,1446.62
decode,1,model.layers.10.mlp.down_proj,1123.49
decode,1,model.layers.10.mlp,3787.34
decode,1,model.layers.10,9196.51
decode,1,model.layers.11.input_layernorm,150.937
decode,1,model.layers.11.self_attn.q_proj,439.896
decode,1,model.layers.11.self_attn.k_proj,297.813
decode,1,model.layers.11.self_attn.v_proj,318.177
decode,1,model.layers.11.self_attn.q_norm,81.875
decode,1,model.layers.11.self_attn.k_norm,74.532
decode,1,model.layers.11.self_attn.q_rope,181.719
decode,1,model.layers.11.self_attn.k_rope,179.948
decode,1,model.layers.11.self_attn.qk_matmul,392.761
decode,1,model.layers.11.self_attn.mask,174.844
decode,1,model.layers.11.self_attn.softmax,170.833
decode,1,model.layers.11.self_attn.av_matmul,434.948
decode,1,model.layers.11.self_attn.o_proj,435
decode,1,model.layers.11.self_attn,4508.28
decode,1,model.layers.11.post_attention_layernorm,186.719
decode,1,model.layers.11.mlp.gate_proj,950.469
decode,1,model.layers.11.mlp.act,177.5
decode,1,model.layers.11.mlp.up_proj,968.489
decode,1,model.layers.11.mlp.down_proj,895.781
decode,1,model.layers.11.mlp,3065
decode,1,model.layers.11,8194.32
decode,1,model.layers.12.input_layernorm,164.584
decode,1,model.layers.12.self_attn.q_proj,449.063
decode,1,model.layers.12.self_attn.k_proj,351.719
decode,1,model.layers.12.self_attn.v_proj,299.167
decode,1,model.layers.12.self_attn.q_norm,196.094
decode,1,model.layers.12.self_attn.k_norm,154.479
decode,1,model.layers.12.self_attn.q_rope,189.375
decode,1,model.layers.12.self_attn.k_rope,214.167
decode,1,model.layers.12.self_attn.qk_matmul,390.052
decode,1,model.layers.12.self_attn.mask,186.094
decode,1,model.layers.12.self_attn.softmax,175.312
decode,1,model.layers.12.self_attn.av_matmul,463.125
decode,1,model.layers.12.self_attn.o_proj,432.396
decode,1,model.layers.12.self_attn,5012.55
decode,1,model.layers.12.post_attention_layernorm,177.344
decode,1,model.layers.12.mlp.gate_proj,945.937
decode,1,model.layers.12.mlp.act,186.927
decode,1,model.layers.12.mlp.up_proj,1020.73
decode,1,model.layers.12.mlp.down_proj,903.073
decode,1,model.layers.12.mlp,3101.09
decode,1,model.layers.12,8732.92
decode,1,model.layers.13.input_layernorm,312.917
decode,1,model.layers.13.self_attn.q_proj,484.375
decode,1,model.layers.13.self_attn.k_proj,295.313
decode,1,model.layers.13.self_attn.v_proj,302.969
decode,1,model.layers.13.self_attn.q_norm,187.969
decode,1,model.layers.13.self_attn.k_norm,174.636
decode,1,model.layers.13.self_attn.q_rope,174.688
decode,1,model.layers.13.self_attn.k_rope,151.875
decode,1,model.layers.13.self_attn.qk_matmul,630.312
decode,1,model.layers.13.self_attn.mask,168.906
decode,1,model.layers.13.self_attn.softmax,224.323
decode,1,model.layers.13.self_attn.av_matmul,416.406
decode,1,model.layers.13.self_attn.o_proj,445
decode,1,model.layers.13.self_attn,5384.48
decode,1,model.layers.13.post_attention_layernorm,178.282
decode,1,model.layers.13.mlp.gate_proj,927.083
decode,1,model.layers.13.mlp.act,181.667
decode,1,model.layers.13.mlp.up_proj,948.906
decode,1,model.layers.13.mlp.down_proj,928.594
decode,1,model.layers.13.mlp,3030.16
decode,1,model.layers.13,9156.56
decode,1,model.layers.14.input_layernorm,175.156
decode,1,model.layers.14.self_attn.q_proj,457.761
decode,1,model.layers.14.self_attn.k_proj,309.011
decode,1,model.layers.14.self_attn.v_proj,295.312
decode,1,model.layers.14.self_attn.q_norm,192.917
decode,1,model.layers.14.self_attn.k_norm,153.854
decode,1,model.layers.14.self_attn.q_rope,171.407
decode,1,model.layers.14.self_attn.k_rope,161.563
decode,1,model.layers.14.self_attn.qk_matmul,395.781
decode,1,model.layers.14.self_attn.mask,181.198
decode,1,model.layers.14.self_attn.softmax,196.407
decode,1,model.layers.14.self_attn.av_matmul,404.323
decode,1,model.layers.14.self_attn.o_proj,407.031
decode,1,model.layers.14.self_attn,4790.26
decode,1,model.layers.14.post_attention_layernorm,154.01
decode,1,model.layers.14.mlp.gate_proj,958.854
decode,1,model.layers.14.mlp.act,185.625
decode,1,model.layers.14.mlp.up_proj,934.844
decode,1,model.layers.14.mlp.down_proj,894.219
decode,1,model.layers.14.mlp,3014.69
decode,1,model.layers.14,8465.62
decode,1,model.layers.15.input_layernorm,169.531
decode,1,model.layers.15.self_attn.q_proj,409.791
decode,1,model.layers.15.self_attn.k_proj,334.219
decode,1,model.layers.15.self_attn.v_proj,268.334
decode,1,model.layers.15.self_attn.q_norm,238.177
decode,1,model.layers.15.self_attn.k_norm,166.563
decode,1,model.layers.15.self_attn.q_rope,182.812
decode,1,model.layers.15.self_attn.k_rope,164.688
decode,1,model.layers.15.self_attn.qk_matmul,391.719
decode,1,model.layers.15.self_attn.mask,192.031
decode,1,model.layers.15.self_attn.softmax,183.125
decode,1,model.layers.15.self_attn.av_matmul,463.646
decode,1,model.layers.15.self_attn.o_proj,430.886
decode,1,model.layers.15.self_attn,4953.7
decode,1,model.layers.15.post_attention_layernorm,175.208
decode,1,model.layers.15.mlp.gate_proj,926.458
decode,1,model.layers.15.mlp.act,211.093
decode,1,model.layers.15.mlp.up_proj,937.291
decode,1,model.layers.15.mlp.down_proj,893.229
decode,1,model.layers.15.mlp,3038.28
decode,1,model.layers.15,8706.25
decode,1,model.layers.16.input_layernorm,176.562
decode,1,model.layers.16.self_attn.q_proj,455.521
decode,1,model.layers.16.self_attn.k_proj,319.01
decode,1,model.layers.16.self_attn.v_proj,305.625
decode,1,model.layers.16.self_attn.q_norm,209.636
decode,1,model.layers.16.self_attn.k_norm,165.469
decode,1,model.layers.16.self_attn.q_rope,221.25
decode,1,model.layers.16.self_attn.k_rope,226.98
decode,1,model.layers.16.self_attn.qk_matmul,400.625
decode,1,model.layers.16.self_attn.mask,198.281
decode,1,model.layers.16.self_attn.softmax,180.312
decode,1,model.layers.16.self_attn.av_matmul,422.709
decode,1,model.layers.16.self_attn.o_proj,418.125
decode,1,model.layers.16.self_attn,5136.15
decode,1,model.layers.16.post_attention_layernorm,162.239
decode,1,model.layers.16.mlp.gate_proj,943.698
decode,1,model.layers.16.mlp.act,133.125
decode,1,model.layers.16.mlp.up_proj,958.438
decode,1,model.layers.16.mlp.down_proj,915.469
decode,1,model.layers.16.mlp,3001.72
decode,1,model.layers.16,8695.78
decode,1,model.layers.17.input_layernorm,204.688
decode,1,model.layers.17.self_attn.q_proj,423.75
decode,1,model.layers.17.self_attn.k_proj,405.677
decode,1,model.layers.17.self_attn.v_proj,303.438
decode,1,model.layers.17.self_attn.q_norm,206.511
decode,1,model.layers.17.self_attn.k_norm,154.948
decode,1,model.layers.17.self_attn.q_rope,163.125
decode,1,model.layers.17.self_attn.k_rope,219.375
decode,1,model.layers.17.self_attn.qk_matmul,627.657
decode,1,model.layers.17.self_attn.mask,172.761
decode,1,model.layers.17.self_attn.softmax,209.48
decode,1,model.layers.17.self_attn.av_matmul,438.646
decode,1,model.layers.17.self_attn.o_proj,495.937
decode,1,model.layers.17.self_attn,5410.62
decode,1,model.layers.17.post_attention_layernorm,164.063
decode,1,model.layers.17.mlp.gate_proj,959.739
decode,1,model.layers.17.mlp.act,205.156
decode,1,model.layers.17.mlp.up_proj,928.177
decode,1,model.layers.17.mlp.down_proj,905.521
decode,1,model.layers.17.mlp,3068.96
decode,1,model.layers.17,9150.31
decode,1,model.layers.18.input_layernorm,162.656
decode,1,model.layers.18.self_attn.q_proj,435.938
decode,1,model.layers.18.self_attn.k_proj,343.177
decode,1,model.layers.18.self_attn.v_proj,293.281
decode,1,model.layers.18.self_attn.q_norm,194.792
decode,1,model.layers.18.self_attn.k_norm,198.385
decode,1,model.layers.18.self_attn.q_rope,181.614
decode,1,model.layers.18.self_attn.k_rope,261.25
decode,1,model.layers.18.self_attn.qk_matmul,374.844
decode,1,model.layers.18.self_attn.mask,192.552
decode,1,model.layers.18.self_attn.softmax,167.5
decode,1,model.layers.18.self_attn.av_matmul,422.865
decode,1,model.layers.18.self_attn.o_proj,448.281
decode,1,model.layers.18.self_attn,4900.47
decode,1,model.layers.18.post_attention_layernorm,154.063
decode,1,model.layers.18.mlp.gate_proj,925.781
decode,1,model.layers.18.mlp.act,180.469
decode,1,model.layers.18.mlp.up_proj,977.448
decode,1,model.layers.18.mlp.down_proj,898.073
decode,1,model.layers.18.mlp,3051.09
decode,1,model.layers.18,8557.03
decode,1,model.layers.19.input_layernorm,167.656
decode,1,model.layers.19.self_attn.q_proj,443.281
decode,1,model.layers.19.self_attn.k_proj,318.541
decode,1,model.layers.19.self_attn.v_proj,320.625
decode,1,model.layers.19.self_attn.q_norm,183.854
decode,1,model.layers.19.self_attn.k_norm,191.979
decode,1,model.layers.19.self_attn.q_rope,175.781
decode,1,model.layers.19.self_attn.k_rope,169.114
decode,1,model.layers.19.self_attn.qk_matmul,394.063
decode,1,model.layers.19.self_attn.mask,181.823
decode,1,model.layers.19.self_attn.softmax,150.937
decode,1,model.layers.19.self_attn.av_matmul,465.73
decode,1,model.layers.19.self_attn.o_proj,421.615
decode,1,model.layers.19.self_attn,4898.44
decode,1,model.layers.19.post_attention_layernorm,161.406
decode,1,model.layers.19.mlp.gate_proj,930.209
decode,1,model.layers.19.mlp.act,207.968
decode,1,model.layers.19.mlp.up_proj,966.354
decode,1,model.layers.19.mlp.down_proj,913.438
decode,1,model.layers.19.mlp,3064.58
decode,1,model.layers.19,8582.34
decode,1,model.layers.20.input_layernorm,162.083
decode,1,model.layers.20.self_attn.q_proj,464.271
decode,1,model.layers.20.self_attn.k_proj,289.843
decode,1,model.layers.20.self_attn.v_proj,355.156
decode,1,model.layers.20.self_attn.q_norm,161.094
decode,1,model.layers.20.self_attn.k_norm,197.344
decode,1,model.layers.20.self_attn.q_rope,177.813
decode,1,model.layers.20.self_attn.k_rope,172.917
decode,1,model.layers.20.self_attn.qk_matmul,386.875
decode,1,model.layers.20.self_attn.mask,163.698
decode,1,model.layers.20.self_attn.softmax,160.469
decode,1,model.layers.20.self_attn.av_matmul,418.177
decode,1,model.layers.20.self_attn.o_proj,420.989
decode,1,model.layers.20.self_attn,4881.2
decode,1,model.layers.20.post_attention_layernorm,182.968
decode,1,model.layers.20.mlp.gate_proj,931.25
decode,1,model.layers.20.mlp.act,180
decode,1,model.layers.20.mlp.up_proj,992.187
decode,1,model.layers.20.mlp.down_proj,906.614
decode,1,model.layers.20.mlp,3092.5
decode,1,model.layers.20,8577.81
decode,1,model.layers.21.input_layernorm,206.354
decode,1,model.layers.21.self_attn.q_proj,469.531
decode,1,model.layers.21.self_attn.k_proj,282.187
decode,1,model.layers.21.self_attn.v_proj,397.187
decode,1,model.layers.21.self_attn.q_norm,174.271
decode,1,model.layers.21.self_attn.k_norm,162.813
decode,1,model.layers.21.self_attn.q_rope,191.667
decode,1,model.layers.21.self_attn.k_rope,174.375
decode,1,model.layers.21.self_attn.qk_matmul,395.781
decode,1,model.layers.21.self_attn.mask,169.219
decode,1,model.layers.21.self_attn.softmax,225.937
decode,1,model.layers.21.self_attn.av_matmul,437.813
decode,1,model.layers.21.self_attn.o_proj,410.625
decode,1,model.layers.21.self_attn,5046.72
decode,1,model.layers.21.post_attention_layernorm,163.125
decode,1,model.layers.21.mlp.gate_proj,1001.09
decode,1,model.layers.21.mlp.act,176.875
decode,1,model.layers.21.mlp.up_proj,943.542
decode,1,model.layers.21.mlp.down_proj,910.157
decode,1,model.layers.21.mlp,3074.9
decode,1,model.layers.21,8731.41
decode,1,model.layers.22.input_layernorm,211.875
decode,1,model.layers.22.self_attn.q_proj,424.844
decode,1,model.layers.22.self_attn.k_proj,371.823
decode,1,model.layers.22.self_attn.v_proj,292.604
decode,1,model.layers.22.self_attn.q_norm,181.093
decode,1,model.layers.22.self_attn.k_norm,218.281
decode,1,model.layers.22.self_attn.q_rope,203.281
decode,1,model.layers.22.self_attn.k_rope,204.843
decode,1,model.layers.22.self_attn.qk_matmul,391.563
decode,1,model.layers.22.self_attn.mask,179.792
decode,1,model.layers.22.self_attn.softmax,209.063
decode,1,model.layers.22.self_attn.av_matmul,434.219
decode,1,model.layers.22.self_attn.o_proj,530.156
decode,1,model.layers.22.self_attn,5145.47
decode,1,model.layers.22.post_attention_layernorm,173.75
decode,1,model.layers.22.mlp.gate_proj,978.125
decode,1,model.layers.22.mlp.act,154.896
decode,1,model.layers.22.mlp.up_proj,994.948
decode,1,model.layers.22.mlp.down_proj,918.437
decode,1,model.layers.22.mlp,3103.54
decode,1,model.layers.22,8898.02
decode,1,model.layers.23.input_layernorm,196.563
decode,1,model.layers.23.self_attn.q_proj,427.552
decode,1,model.layers.23.self_attn.k_proj,336.667
decode,1,model.layers.23.self_attn.v_proj,338.229
decode,1,model.layers.23.self_attn.q_norm,228.698
decode,1,model.layers.23.self_attn.k_norm,188.802
decode,1,model.layers.23.self_attn.q_rope,233.698
decode,1,model.layers.23.self_attn.k_rope,173.594
decode,1,model.layers.23.self_attn.qk_matmul,516.719
decode,1,model.layers.23.self_attn.mask,158.646
decode,1,model.layers.23.self_attn.softmax,250.677
decode,1,model.layers.23.self_attn.av_matmul,425.625
decode,1,model.layers.23.self_attn.o_proj,431.198
decode,1,model.layers.23.self_attn,5290.94
decode,1,model.layers.23.post_attention_layernorm,179.375
decode,1,model.layers.23.mlp.gate_proj,954.375
decode,1,model.layers.23.mlp.act,163.75
decode,1,model.layers.23.mlp.up_proj,939.844
decode,1,model.layers.23.mlp.down_proj,898.906
decode,1,model.layers.23.mlp,3040.52
decode,1,model.layers.23,8949.06
decode,1,model.layers.24.input_layernorm,232.5
decode,1,model.layers.24.self_attn.q_proj,413.385
decode,1,model.layers.24.self_attn.k_proj,322.656
decode,1,model.layers.24.self_attn.v_proj,338.646
decode,1,model.layers.24.self_attn.q_norm,161.458
decode,1,model.layers.24.self_attn.k_norm,199.843
decode,1,model.layers.24.self_attn.q_rope,172.344
decode,1,model.layers.24.self_attn.k_rope,172.187
decode,1,model.layers.24.self_attn.qk_matmul,557.969
decode,1,model.layers.24.self_attn.mask,188.542
decode,1,model.layers.24.self_attn.softmax,198.282
decode,1,model.layers.24.self_attn.av_matmul,418.385
decode,1,model.layers.24.self_attn.o_proj,411.094
decode,1,model.layers.24.self_attn,5094.01
decode,1,model.layers.24.post_attention_layernorm,214.427
decode,1,model.layers.24.mlp.gate_proj,921.145
decode,1,model.layers.24.mlp.act,197.656
decode,1,model.layers.24.mlp.up_proj,939.323
decode,1,model.layers.24.mlp.down_proj,936.615
decode,1,model.layers.24.mlp,3042.5
decode,1,model.layers.24,8871.25
decode,1,model.layers.25.input_layernorm,161.562
decode,1,model.layers.25.self_attn.q_proj,436.042
decode,1,model.layers.25.self_attn.k_proj,294.948
decode,1,model.layers.25.self_attn.v_proj,315.833
decode,1,model.layers.25.self_attn.q_norm,196.771
decode,1,model.layers.25.self_attn.k_norm,194.531
decode,1,model.layers.25.self_attn.q_rope,204.011
decode,1,model.layers.25.self_attn.k_rope,168.489
decode,1,model.layers.25.self_attn.qk_matmul,385.365
decode,1,model.layers.25.self_attn.mask,164.063
decode,1,model.layers.25.self_attn.softmax,209.063
decode,1,model.layers.25.self_attn.av_matmul,424.375
decode,1,model.layers.25.self_attn.o_proj,435.677
decode,1,model.layers.25.self_attn,5090.47
decode,1,model.layers.25.post_attention_layernorm,158.698
decode,1,model.layers.25.mlp.gate_proj,963.75
decode,1,model.layers.25.mlp.act,192.292
decode,1,model.layers.25.mlp.up_proj,995.885
decode,1,model.layers.25.mlp.down_proj,904.531
decode,1,model.layers.25.mlp,3142.66
decode,1,model.layers.25,8771.67
decode,1,model.layers.26.input_layernorm,210.365
decode,1,model.layers.26.self_attn.q_proj,459.687
decode,1,model.layers.26.self_attn.k_proj,294.219
decode,1,model.layers.26.self_attn.v_proj,312.239
decode,1,model.layers.26.self_attn.q_norm,169.375
decode,1,model.layers.26.self_attn.k_norm,175.937
decode,1,model.layers.26.self_attn.q_rope,200.468
decode,1,model.layers.26.self_attn.k_rope,187.396
decode,1,model.layers.26.self_attn.qk_matmul,379.844
decode,1,model.layers.26.self_attn.mask,164.687
decode,1,model.layers.26.self_attn.softmax,183.542
decode,1,model.layers.26.self_attn.av_matmul,422.083
decode,1,model.layers.26.self_attn.o_proj,418.281
decode,1,model.layers.26.self_attn,4864.32
decode,1,model.layers.26.post_attention_layernorm,164.062
decode,1,model.layers.26.mlp.gate_proj,946.146
decode,1,model.layers.26.mlp.act,216.719
decode,1,model.layers.26.mlp.up_proj,932.135
decode,1,model.layers.26.mlp.down_proj,923.75
decode,1,model.layers.26.mlp,3060.16
decode,1,model.layers.26,8549.32
decode,1,model.layers.27.input_layernorm,160.781
decode,1,model.layers.27.self_attn.q_proj,445.625
decode,1,model.layers.27.self_attn.k_proj,368.334
decode,1,model.layers.27.self_attn.v_proj,327.5
decode,1,model.layers.27.self_attn.q_norm,208.489
decode,1,model.layers.27.self_attn.k_norm,179.792
decode,1,model.layers.27.self_attn.q_rope,173.594
decode,1,model.layers.27.self_attn.k_rope,176.25
decode,1,model.layers.27.self_attn.qk_matmul,499.375
decode,1,model.layers.27.self_attn.mask,174.219
decode,1,model.layers.27.self_attn.softmax,161.094
decode,1,model.layers.27.self_attn.av_matmul,423.438
decode,1,model.layers.27.self_attn.o_proj,445.625
decode,1,model.layers.27.self_attn,5022.34
decode,1,model.layers.27.post_attention_layernorm,149.844
decode,1,model.layers.27.mlp.gate_proj,960.312
decode,1,model.layers.27.mlp.act,143.021
decode,1,model.layers.27.mlp.up_proj,970.885
decode,1,model.layers.27.mlp.down_proj,917.032
decode,1,model.layers.27.mlp,3071.2
decode,1,model.layers.27,8645.47
decode,1,model.norm,221.406
decode,1,model,238791
decode,1,lm_head_out,96189.2
decode,1,model.embed_tokens,7.292
decode,2,model.layers.0.input_layernorm,5144.48
decode,2,model.layers.0.self_attn.q_proj,414.115
decode,2,model.layers.0.self_attn.k_proj,268.75
decode,2,model.layers.0.self_attn.v_proj,278.125
decode,2,model.layers.0.self_attn.q_norm,141.875
decode,2,model.layers.0.self_attn.k_norm,142.604
decode,2,model.layers.0.self_attn.q_rope,158.177
decode,2,model.layers.0.self_attn.k_rope,126.094
decode,2,model.layers.0.self_attn.qk_matmul,361.927
decode,2,model.layers.0.self_attn.mask,139.896
decode,2,model.layers.0.self_attn.softmax,119.74
decode,2,model.layers.0.self_attn.av_matmul,381.093
decode,2,model.layers.0.self_attn.o_proj,394.166
decode,2,model.layers.0.self_attn,3630.52
decode,2,model.layers.0.post_attention_layernorm,133.854
decode,2,model.layers.0.mlp.gate_proj,887.812
decode,2,model.layers.0.mlp.act,138.229
decode,2,model.layers.0.mlp.up_proj,875.104
decode,2,model.layers.0.mlp.down_proj,831.823
decode,2,model.layers.0.mlp,2762.71
decode,2,model.layers.0,11837.2
decode,2,model.layers.1.input_layernorm,118.177
decode,2,model.layers.1.self_attn.q_proj,403.281
decode,2,model.layers.1.self_attn.k_proj,279.844
decode,2,model.layers.1.self_attn.v_proj,260.833
decode,2,model.layers.1.self_attn.q_norm,137.084
decode,2,model.layers.1.self_attn.k_norm,124.375
decode,2,model.layers.1.self_attn.q_rope,146.979
decode,2,model.layers.1.self_attn.k_rope,136.407
decode,2,model.layers.1.self_attn.qk_matmul,362.24
decode,2,model.layers.1.self_attn.mask,162.5
decode,2,model.layers.1.self_attn.softmax,131.927
decode,2,model.layers.1.self_attn.av_matmul,390.469
decode,2,model.layers.1.self_attn.o_proj,407.292
decode,2,model.layers.1.self_attn,3668.59
decode,2,model.layers.1.post_attention_layernorm,149.792
decode,2,model.layers.1.mlp.gate_proj,865.729
decode,2,model.layers.1.mlp.act,148.438
decode,2,model.layers.1.mlp.up_proj,858.698
decode,2,model.layers.1.mlp.down_proj,807.187
decode,2,model.layers.1.mlp,2730.1
decode,2,model.layers.1,6825.78
decode,2,model.layers.2.input_layernorm,152.187
decode,2,model.layers.2.self_attn.q_proj,377.865
decode,2,model.layers.2.self_attn.k_proj,263.125
decode,2,model.layers.2.self_attn.v_proj,260.521
decode,2,model.layers.2.self_attn.q_norm,150.938
decode,2,model.layers.2.self_attn.k_norm,121.771
decode,2,model.layers.2.self_attn.q_rope,144.896
decode,2,model.layers.2.self_attn.k_rope,162.032
decode,2,model.layers.2.self_attn.qk_matmul,342.24
decode,2,model.layers.2.self_attn.mask,135.312
decode,2,model.layers.2.self_attn.softmax,142.135
decode,2,model.layers.2.self_attn.av_matmul,390.729
decode,2,model.layers.2.self_attn.o_proj,387.24
decode,2,model.layers.2.self_attn,3798.33
decode,2,model.layers.2.post_attention_layernorm,132.604
decode,2,model.layers.2.mlp.gate_proj,858.593
decode,2,model.layers.2.mlp.act,144.011
decode,2,model.layers.2.mlp.up_proj,936.146
decode,2,model.layers.2.mlp.down_proj,824.479
decode,2,model.layers.2.mlp,2795.62
decode,2,model.layers.2,7082.81
decode,2,model.layers.3.input_layernorm,136.563
decode,2,model.layers.3.self_attn.q_proj,376.459
decode,2,model.layers.3.self_attn.k_proj,294.74
decode,2,model.layers.3.self_attn.v_proj,262.812
decode,2,model.layers.3.self_attn.q_norm,159.375
decode,2,model.layers.3.self_attn.k_norm,125.99
decode,2,model.layers.3.self_attn.q_rope,169.584
decode,2,model.layers.3.self_attn.k_rope,115.052
decode,2,model.layers.3.self_attn.qk_matmul,358.072
decode,2,model.layers.3.self_attn.mask,141.771
decode,2,model.layers.3.self_attn.softmax,158.959
decode,2,model.layers.3.self_attn.av_matmul,377.553
decode,2,model.layers.3.self_attn.o_proj,385.104
decode,2,model.layers.3.self_attn,3895.47
decode,2,model.layers.3.post_attention_layernorm,130.573
decode,2,model.layers.3.mlp.gate_proj,890.938
decode,2,model.layers.3.mlp.act,134.375
decode,2,model.layers.3.mlp.up_proj,905.365
decode,2,model.layers.3.mlp.down_proj,855.469
decode,2,model.layers.3.mlp,2844.53
decode,2,model.layers.3,7211.82
decode,2,model.layers.4.input_layernorm,175.782
decode,2,model.layers.4.self_attn.q_proj,406.198
decode,2,model.layers.4.self_attn.k_proj,290.104
decode,2,model.layers.4.self_attn.v_proj,274.74
decode,2,model.layers.4.self_attn.q_norm,165.625
decode,2,model.layers.4.self_attn.k_norm,157.552
decode,2,model.layers.4.self_attn.q_rope,183.021
decode,2,model.layers.4.self_attn.k_rope,142.969
decode,2,model.layers.4.self_attn.qk_matmul,382.865
decode,2,model.layers.4.self_attn.mask,165.364
decode,2,model.layers.4.self_attn.softmax,145.156
decode,2,model.layers.4.self_attn.av_matmul,427.5
decode,2,model.layers.4.self_attn.o_proj,414.843
decode,2,model.layers.4.self_attn,4171.72
decode,2,model.layers.4.post_attention_layernorm,144.531
decode,2,model.layers.4.mlp.gate_proj,893.697
decode,2,model.layers.4.mlp.act,173.958
decode,2,model.layers.4.mlp.up_proj,889.427
decode,2,model.layers.4.mlp.down_proj,831.875
decode,2,model.layers.4.mlp,2823.7
decode,2,model.layers.4,7540
decode,2,model.layers.5.input_layernorm,151.875
decode,2,model.layers.5.self_attn.q_proj,397.188
decode,2,model.layers.5.self_attn.k_proj,265.313
decode,2,model.layers.5.self_attn.v_proj,269.428
decode,2,model.layers.5.self_attn.q_norm,135.937
decode,2,model.layers.5.self_attn.k_norm,153.593
decode,2,model.layers.5.self_attn.q_rope,176.562
decode,2,model.layers.5.self_attn.k_rope,158.854
decode,2,model.layers.5.self_attn.qk_matmul,371.719
decode,2,model.layers.5.self_attn.mask,159.375
decode,2,model.layers.5.self_attn.softmax,161.771
decode,2,model.layers.5.self_attn.av_matmul,410
decode,2,model.layers.5.self_attn.o_proj,384.948
decode,2,model.layers.5.self_attn,3961.56
decode,2,model.layers.5.post_attention_layernorm,180.625
decode,2,model.layers.5.mlp.gate_proj,870.729
decode,2,model.layers.5.mlp.act,138.125
decode,2,model.layers.5.mlp.up_proj,885.937
decode,2,model.layers.5.mlp.down_proj,905.156
decode,2,model.layers.5.mlp,2830.42
decode,2,model.layers.5,7362.66
decode,2,model.layers.6.input_layernorm,154.843
decode,2,model.layers.6.self_attn.q_proj,432.969
decode,2,model.layers.6.self_attn.k_proj,277.865
decode,2,model.layers.6.self_attn.v_proj,292.656
decode,2,model.layers.6.self_attn.q_norm,182.24
decode,2,model.layers.6.self_attn.k_norm,167.552
decode,2,model.layers.6.self_attn.q_rope,160.104
decode,2,model.layers.6.self_attn.k_rope,164.323
decode,2,model.layers.6.self_attn.qk_matmul,366.666
decode,2,model.layers.6.self_attn.mask,156.407
decode,2,model.layers.6.self_attn.softmax,139.219
decode,2,model.layers.6.self_attn.av_matmul,421.041
decode,2,model.layers.6.self_attn.o_proj,412.187
decode,2,model.layers.6.self_attn,4446.56
decode,2,model.layers.6.post_attention_layernorm,144.063
decode,2,model.layers.6.mlp.gate_proj,950.053
decode,2,model.layers.6.mlp.act,139.375
decode,2,model.layers.6.mlp.up_proj,957.344
decode,2,model.layers.6.mlp.down_proj,899.375
decode,2,model.layers.6.mlp,3062.45
decode,2,model.layers.6,8051.56
decode,2,model.layers.7.input_layernorm,172.031
decode,2,model.layers.7.self_attn.q_proj,409.844
decode,2,model.layers.7.self_attn.k_proj,294.583
decode,2,model.layers.7.self_attn.v_proj,274.219
decode,2,model.layers.7.self_attn.q_norm,165.156
decode,2,model.layers.7.self_attn.k_norm,163.282
decode,2,model.layers.7.self_attn.q_rope,181.406
decode,2,model.layers.7.self_attn.k_rope,132.24
decode,2,model.layers.7.self_attn.qk_matmul,409.791
decode,2,model.layers.7.self_attn.mask,174.844
decode,2,model.layers.7.self_attn.softmax,157.5
decode,2,model.layers.7.self_attn.av_matmul,416.093
decode,2,model.layers.7.self_attn.o_proj,400.313
decode,2,model.layers.7.self_attn,4520.57
decode,2,model.layers.7.post_attention_layernorm,169.375
decode,2,model.layers.7.mlp.gate_proj,919.688
decode,2,model.layers.7.mlp.act,186.666
decode,2,model.layers.7.mlp.up_proj,912.5
decode,2,model.layers.7.mlp.down_proj,889.843
decode,2,model.layers.7.mlp,2978.75
decode,2,model.layers.7,8091.67
decode,2,model.layers.8.input_layernorm,185
decode,2,model.layers.8.self_attn.q_proj,445.938
decode,2,model.layers.8.self_attn.k_proj,284.687
decode,2,model.layers.8.self_attn.v_proj,317.343
decode,2,model.layers.8.self_attn.q_norm,165.781
decode,2,model.layers.8.self_attn.k_norm,148.282
decode,2,model.layers.8.self_attn.q_rope,168.594
decode,2,model.layers.8.self_attn.k_rope,150.521
decode,2,model.layers.8.self_attn.qk_matmul,392.396
decode,2,model.layers.8.self_attn.mask,141.303
decode,2,model.layers.8.self_attn.softmax,142.083
decode,2,model.layers.8.self_attn.av_matmul,428.281
decode,2,model.layers.8.self_attn.o_proj,423.437
decode,2,model.layers.8.self_attn,4392.14
decode,2,model.layers.8.post_attention_layernorm,151.719
decode,2,model.layers.8.mlp.gate_proj,943.125
decode,2,model.layers.8.mlp.act,167.656
decode,2,model.layers.8.mlp.up_proj,925.781
decode,2,model.layers.8.mlp.down_proj,910.469
decode,2,model.layers.8.mlp,2997.6
decode,2,model.layers.8,8004.74
decode,2,model.layers.9.input_layernorm,162.5
decode,2,model.layers.9.self_attn.q_proj,409.74
decode,2,model.layers.9.self_attn.k_proj,290.521
decode,2,model.layers.9.self_attn.v_proj,257.5
decode,2,model.layers.9.self_attn.q_norm,210.625
decode,2,model.layers.9.self_attn.k_norm,151.094
decode,2,model.layers.9.self_attn.q_rope,170.156
decode,2,model.layers.9.self_attn.k_rope,185.313
decode,2,model.layers.9.self_attn.qk_matmul,621.094
decode,2,model.layers.9.self_attn.mask,167.969
decode,2,model.layers.9.self_attn.softmax,190.834
decode,2,model.layers.9.self_attn.av_matmul,434.635
decode,2,model.layers.9.self_attn.o_proj,410.157
decode,2,model.layers.9.self_attn,4931.88
decode,2,model.layers.9.post_attention_layernorm,173.959
decode,2,model.layers.9.mlp.gate_proj,931.25
decode,2,model.layers.9.mlp.act,183.75
decode,2,model.layers.9.mlp.up_proj,918.282
decode,2,model.layers.9.mlp.down_proj,907.032
decode,2,model.layers.9.mlp,3016.25
decode,2,model.layers.9,8561.56
decode,2,model.layers.10.input_layernorm,198.334
decode,2,model.layers.10.self_attn.q_proj,432.968
decode,2,model.layers.10.self_attn.k_proj,281.197
decode,2,model.layers.10.self_attn.v_proj,269.843
decode,2,model.layers.10.self_attn.q_norm,210.104
decode,2,model.layers.10.self_attn.k_norm,172.188
decode,2,model.layers.10.self_attn.q_rope,165.937
decode,2,model.layers.10.self_attn.k_rope,138.178
decode,2,model.layers.10.self_attn.qk_matmul,385.26
decode,2,model.layers.10.self_attn.mask,139.375
decode,2,model.layers.10.self_attn.softmax,140.729
decode,2,model.layers.10.self_attn.av_matmul,404.063
decode,2,model.layers.10.self_attn.o_proj,403.437
decode,2,model.layers.10.self_attn,4497.19
decode,2,model.layers.10.post_attention_layernorm,155.156
decode,2,model.layers.10.mlp.gate_proj,948.125
decode,2,model.layers.10.mlp.act,194.062
decode,2,model.layers.10.mlp.up_proj,943.438
decode,2,model.layers.10.mlp.down_proj,888.959
decode,2,model.layers.10.mlp,3009.22
decode,2,model.layers.10,8150.99
decode,2,model.layers.11.input_layernorm,161.094
decode,2,model.layers.11.self_attn.q_proj,417.344
decode,2,model.layers.11.self_attn.k_proj,333.593
decode,2,model.layers.11.self_attn.v_proj,326.25
decode,2,model.layers.11.self_attn.q_norm,178.959
decode,2,model.layers.11.self_attn.k_norm,144.375
decode,2,model.layers.11.self_attn.q_rope,142.239
decode,2,model.layers.11.self_attn.k_rope,166.875
decode,2,model.layers.11.self_attn.qk_matmul,389.219
decode,2,model.layers.11.self_attn.mask,170.99
decode,2,model.layers.11.self_attn.softmax,149.687
decode,2,model.layers.11.self_attn.av_matmul,398.906
decode,2,model.layers.11.self_attn.o_proj,441.718
decode,2,model.layers.11.self_attn,4553.07
decode,2,model.layers.11.post_attention_layernorm,161.719
decode,2,model.layers.11.mlp.gate_proj,959.271
decode,2,model.layers.11.mlp.act,147.031
decode,2,model.layers.11.mlp.up_proj,991.094
decode,2,model.layers.11.mlp.down_proj,916.875
decode,2,model.layers.11.mlp,3086.09
decode,2,model.layers.11,8166.04
decode,2,model.layers.12.input_layernorm,169.583
decode,2,model.layers.12.self_attn.q_proj,457.813
decode,2,model.layers.12.self_attn.k_proj,293.229
decode,2,model.layers.12.self_attn.v_proj,322.969
decode,2,model.layers.12.self_attn.q_norm,144.635
decode,2,model.layers.12.self_attn.k_norm,180.625
decode,2,model.layers.12.self_attn.q_rope,167.187
decode,2,model.layers.12.self_attn.k_rope,185.625
decode,2,model.layers.12.self_attn.qk_matmul,387.865
decode,2,model.layers.12.self_attn.mask,177.031
decode,2,model.layers.12.self_attn.softmax,168.646
decode,2,model.layers.12.self_attn.av_matmul,408.385
decode,2,model.layers.12.self_attn.o_proj,410.312
decode,2,model.layers.12.self_attn,4553.75
decode,2,model.layers.12.post_attention_layernorm,137.969
decode,2,model.layers.12.mlp.gate_proj,942.917
decode,2,model.layers.12.mlp.act,115.834
decode,2,model.layers.12.mlp.up_proj,930.157
decode,2,model.layers.12.mlp.down_proj,896.25
decode,2,model.layers.12.mlp,2921.98
decode,2,model.layers.12,8523.07
decode,2,model.layers.13.input_layernorm,192.344
decode,2,model.layers.13.self_attn.q_proj,411.562
decode,2,model.layers.13.self_attn.k_proj,325.156
decode,2,model.layers.13.self_attn.v_proj,312.604
decode,2,model.layers.13.self_attn.q_norm,209.115
decode,2,model.layers.13.self_attn.k_norm,179.531
decode,2,model.layers.13.self_attn.q_rope,167.969
decode,2,model.layers.13.self_attn.k_rope,245.625
decode,2,model.layers.13.self_attn.qk_matmul,372.656
decode,2,model.layers.13.self_attn.mask,156.25
decode,2,model.layers.13.self_attn.softmax,199.844
decode,2,model.layers.13.self_attn.av_matmul,401.093
decode,2,model.layers.13.self_attn.o_proj,402.813
decode,2,model.layers.13.self_attn,4623.7
decode,2,model.layers.13.post_attention_layernorm,167.969
decode,2,model.layers.13.mlp.gate_proj,1002.55
decode,2,model.layers.13.mlp.act,167.188
decode,2,model.layers.13.mlp.up_proj,931.979
decode,2,model.layers.13.mlp.down_proj,891.459
decode,2,model.layers.13.mlp,3076.25
decode,2,model.layers.13,8323.91
decode,2,model.layers.14.input_layernorm,170.833
decode,2,model.layers.14.self_attn.q_proj,452.709
decode,2,model.layers.14.self_attn.k_proj,284.584
decode,2,model.layers.14.self_attn.v_proj,313.437
decode,2,model.layers.14.self_attn.q_norm,150.156
decode,2,model.layers.14.self_attn.k_norm,179.218
decode,2,model.layers.14.self_attn.q_rope,210.99
decode,2,model.layers.14.self_attn.k_rope,196.927
decode,2,model.layers.14.self_attn.qk_matmul,619.531
decode,2,model.layers.14.self_attn.mask,154.062
decode,2,model.layers.14.self_attn.softmax,187.969
decode,2,model.layers.14.self_attn.av_matmul,407.448
decode,2,model.layers.14.self_attn.o_proj,398.907
decode,2,model.layers.14.self_attn,4902.66
decode,2,model.layers.14.post_attention_layernorm,152.031
decode,2,model.layers.14.mlp.gate_proj,920.104
decode,2,model.layers.14.mlp.act,194.01
decode,2,model.layers.14.mlp.up_proj,932.448
decode,2,model.layers.14.mlp.down_proj,888.438
decode,2,model.layers.14.mlp,2993.23
decode,2,model.layers.14,8506.72
decode,2,model.layers.15.input_layernorm,145.312
decode,2,model.layers.15.self_attn.q_proj,433.75
decode,2,model.layers.15.self_attn.k_proj,320.416
decode,2,model.layers.15.self_attn.v_proj,282.5
decode,2,model.layers.15.self_attn.q_norm,183.593
decode,2,model.layers.15.self_attn.k_norm,154.375
decode,2,model.layers.15.self_attn.q_rope,172.396
decode,2,model.layers.15.self_attn.k_rope,190.937
decode,2,model.layers.15.self_attn.qk_matmul,420.938
decode,2,model.layers.15.self_attn.mask,139.219
decode,2,model.layers.15.self_attn.softmax,178.281
decode,2,model.layers.15.self_attn.av_matmul,395.625
decode,2,model.layers.15.self_attn.o_proj,398.75
decode,2,model.layers.15.self_attn,4626.72
decode,2,model.layers.15.post_attention_layernorm,178.333
decode,2,model.layers.15.mlp.gate_proj,931.875
decode,2,model.layers.15.mlp.act,150.625
decode,2,model.layers.15.mlp.up_proj,972.031
decode,2,model.layers.15.mlp.down_proj,883.906
decode,2,model.layers.15.mlp,2971.98
decode,2,model.layers.15,8200
decode,2,model.layers.16.input_layernorm,163.125
decode,2,model.layers.16.self_attn.q_proj,458.646
decode,2,model.layers.16.self_attn.k_proj,267.031
decode,2,model.layers.16.self_attn.v_proj,339.687
decode,2,model.layers.16.self_attn.q_norm,149.167
decode,2,model.layers.16.self_attn.k_norm,138.958
decode,2,model.layers.16.self_attn.q_rope,153.75
decode,2,model.layers.16.self_attn.k_rope,210.416
decode,2,model.layers.16.self_attn.qk_matmul,381.875
decode,2,model.layers.16.self_attn.mask,144.375
decode,2,model.layers.16.self_attn.softmax,185.521
decode,2,model.layers.16.self_attn.av_matmul,419.896
decode,2,model.layers.16.self_attn.o_proj,432.708
decode,2,model.layers.16.self_attn,4621.88
decode,2,model.layers.16.post_attention_layernorm,178.645
decode,2,model.layers.16.mlp.gate_proj,973.907
decode,2,model.layers.16.mlp.act,149.636
decode,2,model.layers.16.mlp.up_proj,910.313
decode,2,model.layers.16.mlp.down_proj,897.969
decode,2,model.layers.16.mlp,3005.83
decode,2,model.layers.16,8173.59
decode,2,model.layers.17.input_layernorm,201.77
decode,2,model.layers.17.self_attn.q_proj,413.021
decode,2,model.layers.17.self_attn.k_proj,305.156
decode,2,model.layers.17.self_attn.v_proj,312.135
decode,2,model.layers.17.self_attn.q_norm,144.948
decode,2,model.layers.17.self_attn.k_norm,180.73
decode,2,model.layers.17.self_attn.q_rope,150.781
decode,2,model.layers.17.self_attn.k_rope,183.645
decode,2,model.layers.17.self_attn.qk_matmul,379.063
decode,2,model.layers.17.self_attn.mask,153.386
decode,2,model.layers.17.self_attn.softmax,160.885
decode,2,model.layers.17.self_attn.av_matmul,395
decode,2,model.layers.17.self_attn.o_proj,467.136
decode,2,model.layers.17.self_attn,4552.5
decode,2,model.layers.17.post_attention_layernorm,158.23
decode,2,model.layers.17.mlp.gate_proj,963.49
decode,2,model.layers.17.mlp.act,139.114
decode,2,model.layers.17.mlp.up_proj,936.198
decode,2,model.layers.17.mlp.down_proj,954.062
decode,2,model.layers.17.mlp,3062.71
decode,2,model.layers.17,8184.53
decode,2,model.layers.18.input_layernorm,185.677
decode,2,model.layers.18.self_attn.q_proj,408.75
decode,2,model.layers.18.self_attn.k_proj,281.094
decode,2,model.layers.18.self_attn.v_proj,341.563
decode,2,model.layers.18.self_attn.q_norm,149.219
decode,2,model.layers.18.self_attn.k_norm,151.459
decode,2,model.layers.18.self_attn.q_rope,147.448
decode,2,model.layers.18.self_attn.k_rope,155.885
decode,2,model.layers.18.self_attn.qk_matmul,352.969
decode,2,model.layers.18.self_attn.mask,144.948
decode,2,model.layers.18.self_attn.softmax,140.573
decode,2,model.layers.18.self_attn.av_matmul,400.104
decode,2,model.layers.18.self_attn.o_proj,439.062
decode,2,model.layers.18.self_attn,4358.75
decode,2,model.layers.18.post_attention_layernorm,167.657
decode,2,model.layers.18.mlp.gate_proj,957.032
decode,2,model.layers.18.mlp.act,148.854
decode,2,model.layers.18.mlp.up_proj,956.354
decode,2,model.layers.18.mlp.down_proj,901.094
decode,2,model.layers.18.mlp,3012.03
decode,2,model.layers.18,7991.72
decode,2,model.layers.19.input_layernorm,149.323
decode,2,model.layers.19.self_attn.q_proj,456.563
decode,2,model.layers.19.self_attn.k_proj,270.99
decode,2,model.layers.19.self_attn.v_proj,299.219
decode,2,model.layers.19.self_attn.q_norm,192.604
decode,2,model.layers.19.self_attn.k_norm,153.75
decode,2,model.layers.19.self_attn.q_rope,237.5
decode,2,model.layers.19.self_attn.k_rope,255.365
decode,2,model.layers.19.self_attn.qk_matmul,382.448
decode,2,model.layers.19.self_attn.mask,132.083
decode,2,model.layers.19.self_attn.softmax,180.156
decode,2,model.layers.19.self_attn.av_matmul,399.271
decode,2,model.layers.19.self_attn.o_proj,450.573
decode,2,model.layers.19.self_attn,4720
decode,2,model.layers.19.post_attention_layernorm,179.948
decode,2,model.layers.19.mlp.gate_proj,973.333
decode,2,model.layers.19.mlp.act,213.177
decode,2,model.layers.19.mlp.up_proj,947.657
decode,2,model.layers.19.mlp.down_proj,930.313
decode,2,model.layers.19.mlp,3124.9
decode,2,model.layers.19,8408.54
decode,2,model.layers.20.input_layernorm,183.802
decode,2,model.layers.20.self_attn.q_proj,417.344
decode,2,model.layers.20.self_attn.k_proj,342.396
decode,2,model.layers.20.self_attn.v_proj,311.719
decode,2,model.layers.20.self_attn.q_norm,180.73
decode,2,model.layers.20.self_attn.k_norm,166.458
decode,2,model.layers.20.self_attn.q_rope,192.812
decode,2,model.layers.20.self_attn.k_rope,174.532
decode,2,model.layers.20.self_attn.qk_matmul,361.719
decode,2,model.layers.20.self_attn.mask,168.854
decode,2,model.layers.20.self_attn.softmax,177.084
decode,2,model.layers.20.self_attn.av_matmul,438.281
decode,2,model.layers.20.self_attn.o_proj,420.26
decode,2,model.layers.20.self_attn,4616.35
decode,2,model.layers.20.post_attention_layernorm,175.833
decode,2,model.layers.20.mlp.gate_proj,948.802
decode,2,model.layers.20.mlp.act,187.812
decode,2,model.layers.20.mlp.up_proj,945.312
decode,2,model.layers.20.mlp.down_proj,895.938
decode,2,model.layers.20.mlp,3017.6
decode,2,model.layers.20,8252.24
decode,2,model.layers.21.input_layernorm,204.427
decode,2,model.layers.21.self_attn.q_proj,446.875
decode,2,model.layers.21.self_attn.k_proj,321.145
decode,2,model.layers.21.self_attn.v_proj,295.052
decode,2,model.layers.21.self_attn.q_norm,177.864
decode,2,model.layers.21.self_attn.k_norm,169.896
decode,2,model.layers.21.self_attn.q_rope,170.677
decode,2,model.layers.21.self_attn.k_rope,193.855
decode,2,model.layers.21.self_attn.qk_matmul,405.937
decode,2,model.layers.21.self_attn.mask,203.594
decode,2,model.layers.21.self_attn.softmax,186.094
decode,2,model.layers.21.self_attn.av_matmul,434.063
decode,2,model.layers.21.self_attn.o_proj,402.343
decode,2,model.layers.21.self_attn,4755.31
decode,2,model.layers.21.post_attention_layernorm,195
decode,2,model.layers.21.mlp.gate_proj,929.114
decode,2,model.layers.21.mlp.act,186.406
decode,2,model.layers.21.mlp.up_proj,950.312
decode,2,model.layers.21.mlp.down_proj,900.99
decode,2,model.layers.21.mlp,3043.85
decode,2,model.layers.21,8476.3
decode,2,model.layers.22.input_layernorm,177.292
decode,2,model.layers.22.self_attn.q_proj,423.125
decode,2,model.layers.22.self_attn.k_proj,302.708
decode,2,model.layers.22.self_attn.v_proj,304.531
decode,2,model.layers.22.self_attn.q_norm,177.187
decode,2,model.layers.22.self_attn.k_norm,198.437
decode,2,model.layers.22.self_attn.q_rope,178.75
decode,2,model.layers.22.self_attn.k_rope,211.25
decode,2,model.layers.22.self_attn.qk_matmul,603.125
decode,2,model.layers.22.self_attn.mask,198.437
decode,2,model.layers.22.self_attn.softmax,183.281
decode,2,model.layers.22.self_attn.av_matmul,439.063
decode,2,model.layers.22.self_attn.o_proj,441.042
decode,2,model.layers.22.self_attn,5110.78
decode,2,model.layers.22.post_attention_layernorm,168.594
decode,2,model.layers.22.mlp.gate_proj,976.042
decode,2,model.layers.22.mlp.act,160.781
decode,2,model.layers.22.mlp.up_proj,956.042
decode,2,model.layers.22.mlp.down_proj,912.187
decode,2,model.layers.22.mlp,3085.99
decode,2,model.layers.22,8793.12
decode,2,model.layers.23.input_layernorm,207.5
decode,2,model.layers.23.self_attn.q_proj,428.281
decode,2,model.layers.23.self_attn.k_proj,327.135
decode,2,model.layers.23.self_attn.v_proj,326.979
decode,2,model.layers.23.self_attn.q_norm,166.615
decode,2,model.layers.23.self_attn.k_norm,206.823
decode,2,model.layers.23.self_attn.q_rope,176.459
decode,2,model.layers.23.self_attn.k_rope,166.093
decode,2,model.layers.23.self_attn.qk_matmul,398.542
decode,2,model.layers.23.self_attn.mask,185.469
decode,2,model.layers.23.self_attn.softmax,181.979
decode,2,model.layers.23.self_attn.av_matmul,428.958
decode,2,model.layers.23.self_attn.o_proj,423.594
decode,2,model.layers.23.self_attn,5000.31
decode,2,model.layers.23.post_attention_layernorm,171.406
decode,2,model.layers.23.mlp.gate_proj,943.125
decode,2,model.layers.23.mlp.act,195.052
decode,2,model.layers.23.mlp.up_proj,925.834
decode,2,model.layers.23.mlp.down_proj,924.375
decode,2,model.layers.23.mlp,3125.36
decode,2,model.layers.23,8744.58
decode,2,model.layers.24.input_layernorm,218.437
decode,2,model.layers.24.self_attn.q_proj,413.125
decode,2,model.layers.24.self_attn.k_proj,323.021
decode,2,model.layers.24.self_attn.v_proj,299.688
decode,2,model.layers.24.self_attn.q_norm,232.709
decode,2,model.layers.24.self_attn.k_norm,159.219
decode,2,model.layers.24.self_attn.q_rope,164.375
decode,2,model.layers.24.self_attn.k_rope,202.136
decode,2,model.layers.24.self_attn.qk_matmul,639.011
decode,2,model.layers.24.self_attn.mask,175.468
decode,2,model.layers.24.self_attn.softmax,200.469
decode,2,model.layers.24.self_attn.av_matmul,418.177
decode,2,model.layers.24.self_attn.o_proj,429.375
decode,2,model.layers.24.self_attn,5300.26
decode,2,model.layers.24.post_attention_layernorm,194.531
decode,2,model.layers.24.mlp.gate_proj,927.135
decode,2,model.layers.24.mlp.act,178.021
decode,2,model.layers.24.mlp.up_proj,970.469
decode,2,model.layers.24.mlp.down_proj,913.958
decode,2,model.layers.24.mlp,3064.22
decode,2,model.layers.24,9082.19
decode,2,model.layers.25.input_layernorm,171.145
decode,2,model.layers.25.self_attn.q_proj,509.531
decode,2,model.layers.25.self_attn.k_proj,358.385
decode,2,model.layers.25.self_attn.v_proj,323.073
decode,2,model.layers.25.self_attn.q_norm,182.292
decode,2,model.layers.25.self_attn.k_norm,205
decode,2,model.layers.25.self_attn.q_rope,184.218
decode,2,model.layers.25.self_attn.k_rope,203.802
decode,2,model.layers.25.self_attn.qk_matmul,381.562
decode,2,model.layers.25.self_attn.mask,177.448
decode,2,model.layers.25.self_attn.softmax,184.479
decode,2,model.layers.25.self_attn.av_matmul,421.146
decode,2,model.layers.25.self_attn.o_proj,436.407
decode,2,model.layers.25.self_attn,5043.75
decode,2,model.layers.25.post_attention_layernorm,184.896
decode,2,model.layers.25.mlp.gate_proj,961.094
decode,2,model.layers.25.mlp.act,175.782
decode,2,model.layers.25.mlp.up_proj,1003.18
decode,2,model.layers.25.mlp.down_proj,916.198
decode,2,model.layers.25.mlp,3109.22
decode,2,model.layers.25,8771.77
decode,2,model.layers.26.input_layernorm,195.937
decode,2,model.layers.26.self_attn.q_proj,435.208
decode,2,model.layers.26.self_attn.k_proj,309.844
decode,2,model.layers.26.self_attn.v_proj,315.781
decode,2,model.layers.26.self_attn.q_norm,157.188
decode,2,model.layers.26.self_attn.k_norm,191.094
decode,2,model.layers.26.self_attn.q_rope,170.781
decode,2,model.layers.26.self_attn.k_rope,158.021
decode,2,model.layers.26.self_attn.qk_matmul,384.844
decode,2,model.layers.26.self_attn.mask,179.323
decode,2,model.layers.26.self_attn.softmax,184.011
decode,2,model.layers.26.self_attn.av_matmul,413.802
decode,2,model.layers.26.self_attn.o_proj,409.635
decode,2,model.layers.26.self_attn,4770.94
decode,2,model.layers.26.post_attention_layernorm,149.01
decode,2,model.layers.26.mlp.gate_proj,950.625
decode,2,model.layers.26.mlp.act,203.542
decode,2,model.layers.26.mlp.up_proj,946.719
decode,2,model.layers.26.mlp.down_proj,903.594
decode,2,model.layers.26.mlp,3089.64
decode,2,model.layers.26,8480.1
decode,2,model.layers.27.input_layernorm,199.219
decode,2,model.layers.27.self_attn.q_proj,480.365
decode,2,model.layers.27.self_attn.k_proj,292.968
decode,2,model.layers.27.self_attn.v_proj,317.917
decode,2,model.layers.27.self_attn.q_norm,198.282
decode,2,model.layers.27.self_attn.k_norm,159.218
decode,2,model.layers.27.self_attn.q_rope,201.562
decode,2,model.layers.27.self_attn.k_rope,210.781
decode,2,model.layers.27.self_attn.qk_matmul,482.344
decode,2,model.layers.27.self_attn.mask,204.323
decode,2,model.layers.27.self_attn.softmax,232.239
decode,2,model.layers.27.self_attn.av_matmul,503.438
decode,2,model.layers.27.self_attn.o_proj,448.281
decode,2,model.layers.27.self_attn,5164.22
decode,2,model.layers.27.post_attention_layernorm,168.386
decode,2,model.layers.27.mlp.gate_proj,943.385
decode,2,model.layers.27.mlp.act,161.093
decode,2,model.layers.27.mlp.up_proj,945.781
decode,2,model.layers.27.mlp.down_proj,917.188
decode,2,model.layers.27.mlp,3047.14
decode,2,model.layers.27,8817.45
decode,2,model.norm,188.334
decode,2,model,233305
decode,2,lm_head_out,99466.1
decode,2,model.embed_tokens,18.593
decode,3,model.layers.0.input_layernorm,5977.34
decode,3,model.layers.0.self_attn.q_proj,379.687
decode,3,model.layers.0.self_attn.k_proj,255.781
decode,3,model.layers.0.self_attn.v_proj,243.541
decode,3,model.layers.0.self_attn.q_norm,116.25
decode,3,model.layers.0.self_attn.k_norm,128.438
decode,3,model.layers.0.self_attn.q_rope,137.657
decode,3,model.layers.0.self_attn.k_rope,106.927
decode,3,model.layers.0.self_attn.qk_matmul,336.718
decode,3,model.layers.0.self_attn.mask,104.323
decode,3,model.layers.0.self_attn.softmax,134.843
decode,3,model.layers.0.self_attn.av_matmul,395.416
decode,3,model.layers.0.self_attn.o_proj,354.531
decode,3,model.layers.0.self_attn,3402.5
decode,3,model.layers.0.post_attention_layernorm,114.375
decode,3,model.layers.0.mlp.gate_proj,957.969
decode,3,model.layers.0.mlp.act,112.083
decode,3,model.layers.0.mlp.up_proj,884.531
decode,3,model.layers.0.mlp.down_proj,793.75
decode,3,model.layers.0.mlp,2766.67
decode,3,model.layers.0,12414.8
decode,3,model.layers.1.input_layernorm,110.468
decode,3,model.layers.1.self_attn.q_proj,395.885
decode,3,model.layers.1.self_attn.k_proj,241.563
decode,3,model.layers.1.self_attn.v_proj,280.104
decode,3,model.layers.1.self_attn.q_norm,123.281
decode,3,model.layers.1.self_attn.k_norm,107.761
decode,3,model.layers.1.self_attn.q_rope,127.968
decode,3,model.layers.1.self_attn.k_rope,122.604
decode,3,model.layers.1.self_attn.qk_matmul,353.645
decode,3,model.layers.1.self_attn.mask,119.271
decode,3,model.layers.1.self_attn.softmax,146.562
decode,3,model.layers.1.self_attn.av_matmul,420.729
decode,3,model.layers.1.self_attn.o_proj,373.229
decode,3,model.layers.1.self_attn,3532.97
decode,3,model.layers.1.post_attention_layernorm,126.562
decode,3,model.layers.1.mlp.gate_proj,858.906
decode,3,model.layers.1.mlp.act,120.782
decode,3,model.layers.1.mlp.up_proj,882.969
decode,3,model.layers.1.mlp.down_proj,811.667
decode,3,model.layers.1.mlp,2692.03
decode,3,model.layers.1,6689.38
decode,3,model.layers.2.input_layernorm,146.51
decode,3,model.layers.2.self_attn.q_proj,411.718
decode,3,model.layers.2.self_attn.k_proj,293.906
decode,3,model.layers.2.self_attn.v_proj,295.209
decode,3,model.layers.2.self_attn.q_norm,145
decode,3,model.layers.2.self_attn.k_norm,124.114
decode,3,model.layers.2.self_attn.q_rope,153.281
decode,3,model.layers.2.self_attn.k_rope,163.49
decode,3,model.layers.2.self_attn.qk_matmul,350.156
decode,3,model.layers.2.self_attn.mask,157.188
decode,3,model.layers.2.self_attn.softmax,154.895
decode,3,model.layers.2.self_attn.av_matmul,384.375
decode,3,model.layers.2.self_attn.o_proj,403.073
decode,3,model.layers.2.self_attn,3843.8
decode,3,model.layers.2.post_attention_layernorm,147.344
decode,3,model.layers.2.mlp.gate_proj,861.406
decode,3,model.layers.2.mlp.act,154.427
decode,3,model.layers.2.mlp.up_proj,878.333
decode,3,model.layers.2.mlp.down_proj,803.021
decode,3,model.layers.2.mlp,2718.59
decode,3,model.layers.2,7008.44
decode,3,model.layers.3.input_layernorm,154.219
decode,3,model.layers.3.self_attn.q_proj,409.011
decode,3,model.layers.3.self_attn.k_proj,264.114
decode,3,model.layers.3.self_attn.v_proj,288.906
decode,3,model.layers.3.self_attn.q_norm,140.782
decode,3,model.layers.3.self_attn.k_norm,148.177
decode,3,model.layers.3.self_attn.q_rope,153.386
decode,3,model.layers.3.self_attn.k_rope,154.375
decode,3,model.layers.3.self_attn.qk_matmul,385.052
decode,3,model.layers.3.self_attn.mask,130.677
decode,3,model.layers.3.self_attn.softmax,131.511
decode,3,model.layers.3.self_attn.av_matmul,426.875
decode,3,model.layers.3.self_attn.o_proj,376.094
decode,3,model.layers.3.self_attn,3724.38
decode,3,model.layers.3.post_attention_layernorm,162.865
decode,3,model.layers.3.mlp.gate_proj,870.625
decode,3,model.layers.3.mlp.act,138.542
decode,3,model.layers.3.mlp.up_proj,870.521
decode,3,model.layers.3.mlp.down_proj,810.937
decode,3,model.layers.3.mlp,2721.14
decode,3,model.layers.3,6916.88
decode,3,model.layers.4.input_layernorm,150.677
decode,3,model.layers.4.self_attn.q_proj,388.541
decode,3,model.layers.4.self_attn.k_proj,296.406
decode,3,model.layers.4.self_attn.v_proj,284.688
decode,3,model.layers.4.self_attn.q_norm,123.958
decode,3,model.layers.4.self_attn.k_norm,163.073
decode,3,model.layers.4.self_attn.q_rope,180.781
decode,3,model.layers.4.self_attn.k_rope,148.282
decode,3,model.layers.4.self_attn.qk_matmul,356.667
decode,3,model.layers.4.self_attn.mask,145.209
decode,3,model.layers.4.self_attn.softmax,157.656
decode,3,model.layers.4.self_attn.av_matmul,388.906
decode,3,model.layers.4.self_attn.o_proj,390.573
decode,3,model.layers.4.self_attn,4254.53
decode,3,model.layers.4.post_attention_layernorm,154.844
decode,3,model.layers.4.mlp.gate_proj,887.031
decode,3,model.layers.4.mlp.act,153.854
decode,3,model.layers.4.mlp.up_proj,901.562
decode,3,model.layers.4.mlp.down_proj,849.219
decode,3,model.layers.4.mlp,2822.71
decode,3,model.layers.4,7602.66
decode,3,model.layers.5.input_layernorm,126.718
decode,3,model.layers.5.self_attn.q_proj,393.333
decode,3,model.layers.5.self_attn.k_proj,305.782
decode,3,model.layers.5.self_attn.v_proj,280.625
decode,3,model.layers.5.self_attn.q_norm,142.448
decode,3,model.layers.5.self_attn.k_norm,171.094
decode,3,model.layers.5.self_attn.q_rope,162.448
decode,3,model.layers.5.self_attn.k_rope,203.907
decode,3,model.layers.5.self_attn.qk_matmul,383.437
decode,3,model.layers.5.self_attn.mask,149.219
decode,3,model.layers.5.self_attn.softmax,185.886
decode,3,model.layers.5.self_attn.av_matmul,398.593
decode,3,model.layers.5.self_attn.o_proj,396.511
decode,3,model.layers.5.self_attn,4350.89
decode,3,model.layers.5.post_attention_layernorm,146.042
decode,3,model.layers.5.mlp.gate_proj,952.604
decode,3,model.layers.5.mlp.act,181.875
decode,3,model.layers.5.mlp.up_proj,925.781
decode,3,model.layers.5.mlp.down_proj,892.656
decode,3,model.layers.5.mlp,2986.61
decode,3,model.layers.5,7796.15
decode,3,model.layers.6.input_layernorm,170.312
decode,3,model.layers.6.self_attn.q_proj,391.406
decode,3,model.layers.6.self_attn.k_proj,294.479
decode,3,model.layers.6.self_attn.v_proj,272.916
decode,3,model.layers.6.self_attn.q_norm,195.781
decode,3,model.layers.6.self_attn.k_norm,168.75
decode,3,model.layers.6.self_attn.q_rope,145.938
decode,3,model.layers.6.self_attn.k_rope,233.594
decode,3,model.layers.6.self_attn.qk_matmul,404.635
decode,3,model.layers.6.self_attn.mask,183.593
decode,3,model.layers.6.self_attn.softmax,204.062
decode,3,model.layers.6.self_attn.av_matmul,443.437
decode,3,model.layers.6.self_attn.o_proj,436.927
decode,3,model.layers.6.self_attn,4575.99
decode,3,model.layers.6.post_attention_layernorm,207.188
decode,3,model.layers.6.mlp.gate_proj,960.677
decode,3,model.layers.6.mlp.act,195.208
decode,3,model.layers.6.mlp.up_proj,1067.97
decode,3,model.layers.6.mlp.down_proj,1208.18
decode,3,model.layers.6.mlp,3475.89
decode,3,model.layers.6,8703.96
decode,3,model.layers.7.input_layernorm,153.593
decode,3,model.layers.7.self_attn.q_proj,429.219
decode,3,model.layers.7.self_attn.k_proj,314.584
decode,3,model.layers.7.self_attn.v_proj,306.719
decode,3,model.layers.7.self_attn.q_norm,153.282
decode,3,model.layers.7.self_attn.k_norm,140.208
decode,3,model.layers.7.self_attn.q_rope,164.375
decode,3,model.layers.7.self_attn.k_rope,169.375
decode,3,model.layers.7.self_attn.qk_matmul,418.958
decode,3,model.layers.7.self_attn.mask,160.313
decode,3,model.layers.7.self_attn.softmax,167.5
decode,3,model.layers.7.self_attn.av_matmul,426.979
decode,3,model.layers.7.self_attn.o_proj,441.25
decode,3,model.layers.7.self_attn,4540.83
decode,3,model.layers.7.post_attention_layernorm,185.73
decode,3,model.layers.7.mlp.gate_proj,929.219
decode,3,model.layers.7.mlp.act,178.334
decode,3,model.layers.7.mlp.up_proj,951.511
decode,3,model.layers.7.mlp.down_proj,942.344
decode,3,model.layers.7.mlp,3043.91
decode,3,model.layers.7,8169.27
decode,3,model.layers.8.input_layernorm,161.146
decode,3,model.layers.8.self_attn.q_proj,444.271
decode,3,model.layers.8.self_attn.k_proj,311.042
decode,3,model.layers.8.self_attn.v_proj,437.864
decode,3,model.layers.8.self_attn.q_norm,158.125
decode,3,model.layers.8.self_attn.k_norm,208.02
decode,3,model.layers.8.self_attn.q_rope,167.813
decode,3,model.layers.8.self_attn.k_rope,211.25
decode,3,model.layers.8.self_attn.qk_matmul,408.281
decode,3,model.layers.8.self_attn.mask,155.937
decode,3,model.layers.8.self_attn.softmax,209.323
decode,3,model.layers.8.self_attn.av_matmul,425.781
decode,3,model.layers.8.self_attn.o_proj,426.25
decode,3,model.layers.8.self_attn,4985.62
decode,3,model.layers.8.post_attention_layernorm,173.907
decode,3,model.layers.8.mlp.gate_proj,943.125
decode,3,model.layers.8.mlp.act,159.636
decode,3,model.layers.8.mlp.up_proj,969.583
decode,3,model.layers.8.mlp.down_proj,903.594
decode,3,model.layers.8.mlp,3016.41
decode,3,model.layers.8,8632.97
decode,3,model.layers.9.input_layernorm,179.166
decode,3,model.layers.9.self_attn.q_proj,444.167
decode,3,model.layers.9.self_attn.k_proj,293.958
decode,3,model.layers.9.self_attn.v_proj,296.563
decode,3,model.layers.9.self_attn.q_norm,212.813
decode,3,model.layers.9.self_attn.k_norm,177.812
decode,3,model.layers.9.self_attn.q_rope,173.334
decode,3,model.layers.9.self_attn.k_rope,204.687
decode,3,model.layers.9.self_attn.qk_matmul,399.271
decode,3,model.layers.9.self_attn.mask,174.688
decode,3,model.layers.9.self_attn.softmax,185.261
decode,3,model.layers.9.self_attn.av_matmul,427.031
decode,3,model.layers.9.self_attn.o_proj,417.552
decode,3,model.layers.9.self_attn,4820.52
decode,3,model.layers.9.post_attention_layernorm,175.573
decode,3,model.layers.9.mlp.gate_proj,949.375
decode,3,model.layers.9.mlp.act,196.667
decode,3,model.layers.9.mlp.up_proj,967.813
decode,3,model.layers.9.mlp.down_proj,967.709
decode,3,model.layers.9.mlp,3127.14
decode,3,model.layers.9,8602.55
decode,3,model.layers.10.input_layernorm,158.906
decode,3,model.layers.10.self_attn.q_proj,426.042
decode,3,model.layers.10.self_attn.k_proj,349.219
decode,3,model.layers.10.self_attn.v_proj,318.438
decode,3,model.layers.10.self_attn.q_norm,185.521
decode,3,model.layers.10.self_attn.k_norm,148.437
decode,3,model.layers.10.self_attn.q_rope,168.958
decode,3,model.layers.10.self_attn.k_rope,165.781
decode,3,model.layers.10.self_attn.qk_matmul,406.458
decode,3,model.layers.10.self_attn.mask,198.125
decode,3,model.layers.10.self_attn.softmax,226.406
decode,3,model.layers.10.self_attn.av_matmul,421.875
decode,3,model.layers.10.self_attn.o_proj,426.406
decode,3,model.layers.10.self_attn,4891.98
decode,3,model.layers.10.post_attention_layernorm,162.552
decode,3,model.layers.10.mlp.gate_proj,946.198
decode,3,model.layers.10.mlp.act,158.907
decode,3,model.layers.10.mlp.up_proj,979.532
decode,3,model.layers.10.mlp.down_proj,893.698
decode,3,model.layers.10.mlp,3018.44
decode,3,model.layers.10,8552.6
decode,3,model.layers.11.input_layernorm,172.656
decode,3,model.layers.11.self_attn.q_proj,436.406
decode,3,model.layers.11.self_attn.k_proj,345.156
decode,3,model.layers.11.self_attn.v_proj,279.375
decode,3,model.layers.11.self_attn.q_norm,196.719
decode,3,model.layers.11.self_attn.k_norm,190.468
decode,3,model.layers.11.self_attn.q_rope,189.01
decode,3,model.layers.11.self_attn.k_rope,184.895
decode,3,model.layers.11.self_attn.qk_matmul,425.052
decode,3,model.layers.11.self_attn.mask,252.344
decode,3,model.layers.11.self_attn.softmax,166.562
decode,3,model.layers.11.self_attn.av_matmul,508.333
decode,3,model.layers.11.self_attn.o_proj,423.229
decode,3,model.layers.11.self_attn,4968.12
decode,3,model.layers.11.post_attention_layernorm,159.74
decode,3,model.layers.11.mlp.gate_proj,947.969
decode,3,model.layers.11.mlp.act,174.218
decode,3,model.layers.11.mlp.up_proj,965.313
decode,3,model.layers.11.mlp.down_proj,884.062
decode,3,model.layers.11.mlp,3014.22
decode,3,model.layers.11,8607.34
decode,3,model.layers.12.input_layernorm,161.458
decode,3,model.layers.12.self_attn.q_proj,487.239
decode,3,model.layers.12.self_attn.k_proj,297.656
decode,3,model.layers.12.self_attn.v_proj,470.625
decode,3,model.layers.12.self_attn.q_norm,401.407
decode,3,model.layers.12.self_attn.k_norm,210.312
decode,3,model.layers.12.self_attn.q_rope,290.729
decode,3,model.layers.12.self_attn.k_rope,182.031
decode,3,model.layers.12.self_attn.qk_matmul,620
decode,3,model.layers.12.self_attn.mask,157.188
decode,3,model.layers.12.self_attn.softmax,186.666
decode,3,model.layers.12.self_attn.av_matmul,433.75
decode,3,model.layers.12.self_attn.o_proj,485.625
decode,3,model.layers.12.self_attn,5918.12
decode,3,model.layers.12.post_attention_layernorm,175.469
decode,3,model.layers.12.mlp.gate_proj,925.937
decode,3,model.layers.12.mlp.act,144.687
decode,3,model.layers.12.mlp.up_proj,954.532
decode,3,model.layers.12.mlp.down_proj,893.437
decode,3,model.layers.12.mlp,2958.8
decode,3,model.layers.12,9525.83
decode,3,model.layers.13.input_layernorm,159.531
decode,3,model.layers.13.self_attn.q_proj,454.062
decode,3,model.layers.13.self_attn.k_proj,314.375
decode,3,model.layers.13.self_attn.v_proj,280.313
decode,3,model.layers.13.self_attn.q_norm,182.5
decode,3,model.layers.13.self_attn.k_norm,141.25
decode,3,model.layers.13.self_attn.q_rope,165.052
decode,3,model.layers.13.self_attn.k_rope,183.854
decode,3,model.layers.13.self_attn.qk_matmul,375.625
decode,3,model.layers.13.self_attn.mask,169.115
decode,3,model.layers.13.self_attn.softmax,226.406
decode,3,model.layers.13.self_attn.av_matmul,442.291
decode,3,model.layers.13.self_attn.o_proj,454.219
decode,3,model.layers.13.self_attn,4846.41
decode,3,model.layers.13.post_attention_layernorm,187.343
decode,3,model.layers.13.mlp.gate_proj,965.104
decode,3,model.layers.13.mlp.act,163.594
decode,3,model.layers.13.mlp.up_proj,989.219
decode,3,model.layers.13.mlp.down_proj,897.865
decode,3,model.layers.13.mlp,3058.12
decode,3,model.layers.13,8549.84
decode,3,model.layers.14.input_layernorm,161.875
decode,3,model.layers.14.self_attn.q_proj,449.114
decode,3,model.layers.14.self_attn.k_proj,328.646
decode,3,model.layers.14.self_attn.v_proj,297.552
decode,3,model.layers.14.self_attn.q_norm,229.323
decode,3,model.layers.14.self_attn.k_norm,180.677
decode,3,model.layers.14.self_attn.q_rope,180.313
decode,3,model.layers.14.self_attn.k_rope,259.636
decode,3,model.layers.14.self_attn.qk_matmul,433.334
decode,3,model.layers.14.self_attn.mask,182.969
decode,3,model.layers.14.self_attn.softmax,201.927
decode,3,model.layers.14.self_attn.av_matmul,416.406
decode,3,model.layers.14.self_attn.o_proj,439.219
decode,3,model.layers.14.self_attn,4989.64
decode,3,model.layers.14.post_attention_layernorm,201.719
decode,3,model.layers.14.mlp.gate_proj,924.74
decode,3,model.layers.14.mlp.act,189.948
decode,3,model.layers.14.mlp.up_proj,941.094
decode,3,model.layers.14.mlp.down_proj,919.219
decode,3,model.layers.14.mlp,3048.23
decode,3,model.layers.14,8742.14
decode,3,model.layers.15.input_layernorm,157.239
decode,3,model.layers.15.self_attn.q_proj,468.906
decode,3,model.layers.15.self_attn.k_proj,277.083
decode,3,model.layers.15.self_attn.v_proj,271.563
decode,3,model.layers.15.self_attn.q_norm,209.687
decode,3,model.layers.15.self_attn.k_norm,170.625
decode,3,model.layers.15.self_attn.q_rope,196.458
decode,3,model.layers.15.self_attn.k_rope,172.812
decode,3,model.layers.15.self_attn.qk_matmul,367.813
decode,3,model.layers.15.self_attn.mask,168.594
decode,3,model.layers.15.self_attn.softmax,158.906
decode,3,model.layers.15.self_attn.av_matmul,410.989
decode,3,model.layers.15.self_attn.o_proj,416.406
decode,3,model.layers.15.self_attn,4790.16
decode,3,model.layers.15.post_attention_layernorm,163.594
decode,3,model.layers.15.mlp.gate_proj,962.969
decode,3,model.layers.15.mlp.act,144.479
decode,3,model.layers.15.mlp.up_proj,964.531
decode,3,model.layers.15.mlp.down_proj,929.792
decode,3,model.layers.15.mlp,3048.65
decode,3,model.layers.15,8410.62
decode,3,model.layers.16.input_layernorm,197.5
decode,3,model.layers.16.self_attn.q_proj,410.989
decode,3,model.layers.16.self_attn.k_proj,325.052
decode,3,model.layers.16.self_attn.v_proj,342.656
decode,3,model.layers.16.self_attn.q_norm,160.417
decode,3,model.layers.16.self_attn.k_norm,192.708
decode,3,model.layers.16.self_attn.q_rope,183.593
decode,3,model.layers.16.self_attn.k_rope,207.291
decode,3,model.layers.16.self_attn.qk_matmul,417.188
decode,3,model.layers.16.self_attn.mask,192.188
decode,3,model.layers.16.self_attn.softmax,161.302
decode,3,model.layers.16.self_attn.av_matmul,468.073
decode,3,model.layers.16.self_attn.o_proj,411.719
decode,3,model.layers.16.self_attn,4960.05
decode,3,model.layers.16.post_attention_layernorm,162.969
decode,3,model.layers.16.mlp.gate_proj,1002.34
decode,3,model.layers.16.mlp.act,162.24
decode,3,model.layers.16.mlp.up_proj,985.625
decode,3,model.layers.16.mlp.down_proj,896.51
decode,3,model.layers.16.mlp,3088.33
decode,3,model.layers.16,8680.26
decode,3,model.layers.17.input_layernorm,176.51
decode,3,model.layers.17.self_attn.q_proj,459.583
decode,3,model.layers.17.self_attn.k_proj,346.458
decode,3,model.layers.17.self_attn.v_proj,290.468
decode,3,model.layers.17.self_attn.q_norm,176.406
decode,3,model.layers.17.self_attn.k_norm,197.343
decode,3,model.layers.17.self_attn.q_rope,178.229
decode,3,model.layers.17.self_attn.k_rope,206.875
decode,3,model.layers.17.self_attn.qk_matmul,395.261
decode,3,model.layers.17.self_attn.mask,169.792
decode,3,model.layers.17.self_attn.softmax,181.042
decode,3,model.layers.17.self_attn.av_matmul,414.844
decode,3,model.layers.17.self_attn.o_proj,418.177
decode,3,model.layers.17.self_attn,5143.85
decode,3,model.layers.17.post_attention_layernorm,164.635
decode,3,model.layers.17.mlp.gate_proj,1025.94
decode,3,model.layers.17.mlp.act,127.187
decode,3,model.layers.17.mlp.up_proj,981.719
decode,3,model.layers.17.mlp.down_proj,909.01
decode,3,model.layers.17.mlp,3084.38
decode,3,model.layers.17,8849.64
decode,3,model.layers.18.input_layernorm,159.531
decode,3,model.layers.18.self_attn.q_proj,449.896
decode,3,model.layers.18.self_attn.k_proj,377.76
decode,3,model.layers.18.self_attn.v_proj,284.74
decode,3,model.layers.18.self_attn.q_norm,185
decode,3,model.layers.18.self_attn.k_norm,4185.47
decode,3,model.layers.18.self_attn.q_rope,389.583
decode,3,model.layers.18.self_attn.k_rope,166.25
decode,3,model.layers.18.self_attn.qk_matmul,411.823
decode,3,model.layers.18.self_attn.mask,167.656
decode,3,model.layers.18.self_attn.softmax,160.313
decode,3,model.layers.18.self_attn.av_matmul,417.344
decode,3,model.layers.18.self_attn.o_proj,503.177
decode,3,model.layers.18.self_attn,9110.62
decode,3,model.layers.18.post_attention_layernorm,232.5
decode,3,model.layers.18.mlp.gate_proj,943.906
decode,3,model.layers.18.mlp.act,174.427
decode,3,model.layers.18.mlp.up_proj,966.562
decode,3,model.layers.18.mlp.down_proj,888.906
decode,3,model.layers.18.mlp,3003.59
decode,3,model.layers.18,12724.6
decode,3,model.layers.19.input_layernorm,183.489
decode,3,model.layers.19.self_attn.q_proj,403.49
decode,3,model.layers.19.self_attn.k_proj,319.739
decode,3,model.layers.19.self_attn.v_proj,336.042
decode,3,model.layers.19.self_attn.q_norm,153.646
decode,3,model.layers.19.self_attn.k_norm,168.177
decode,3,model.layers.19.self_attn.q_rope,158.593
decode,3,model.layers.19.self_attn.k_rope,176.875
decode,3,model.layers.19.self_attn.qk_matmul,496.042
decode,3,model.layers.19.self_attn.mask,163.073
decode,3,model.layers.19.self_attn.softmax,183.073
decode,3,model.layers.19.self_attn.av_matmul,410.312
decode,3,model.layers.19.self_attn.o_proj,409.687
decode,3,model.layers.19.self_attn,4752.81
decode,3,model.layers.19.post_attention_layernorm,159.792
decode,3,model.layers.19.mlp.gate_proj,962.968
decode,3,model.layers.19.mlp.act,142.5
decode,3,model.layers.19.mlp.up_proj,946.667
decode,3,model.layers.19.mlp.down_proj,883.75
decode,3,model.layers.19.mlp,3007.03
decode,3,model.layers.19,8316.2
decode,3,model.layers.20.input_layernorm,155.208
decode,3,model.layers.20.self_attn.q_proj,459.583
decode,3,model.layers.20.self_attn.k_proj,327.969
decode,3,model.layers.20.self_attn.v_proj,284.843
decode,3,model.layers.20.self_attn.q_norm,186.094
decode,3,model.layers.20.self_attn.k_norm,137.343
decode,3,model.layers.20.self_attn.q_rope,180.469
decode,3,model.layers.20.self_attn.k_rope,188.177
decode,3,model.layers.20.self_attn.qk_matmul,377.344
decode,3,model.layers.20.self_attn.mask,176.094
decode,3,model.layers.20.self_attn.softmax,193.073
decode,3,model.layers.20.self_attn.av_matmul,403.489
decode,3,model.layers.20.self_attn.o_proj,405.99
decode,3,model.layers.20.self_attn,4648.44
decode,3,model.layers.20.post_attention_layernorm,162.5
decode,3,model.layers.20.mlp.gate_proj,954.948
decode,3,model.layers.20.mlp.act,200.782
decode,3,model.layers.20.mlp.up_proj,910.781
decode,3,model.layers.20.mlp.down_proj,874.063
decode,3,model.layers.20.mlp,3013.85
decode,3,model.layers.20,8170
decode,3,model.layers.21.input_layernorm,182.865
decode,3,model.layers.21.self_attn.q_proj,446.406
decode,3,model.layers.21.self_attn.k_proj,285.417
decode,3,model.layers.21.self_attn.v_proj,276.406
decode,3,model.layers.21.self_attn.q_norm,168.125
decode,3,model.layers.21.self_attn.k_norm,161.667
decode,3,model.layers.21.self_attn.q_rope,163.75
decode,3,model.layers.21.self_attn.k_rope,171.614
decode,3,model.layers.21.self_attn.qk_matmul,389.011
decode,3,model.layers.21.self_attn.mask,153.385
decode,3,model.layers.21.self_attn.softmax,158.594
decode,3,model.layers.21.self_attn.av_matmul,405.937
decode,3,model.layers.21.self_attn.o_proj,417.448
decode,3,model.layers.21.self_attn,4506.35
decode,3,model.layers.21.post_attention_layernorm,168.333
decode,3,model.layers.21.mlp.gate_proj,921.719
decode,3,model.layers.21.mlp.act,159.062
decode,3,model.layers.21.mlp.up_proj,998.437
decode,3,model.layers.21.mlp.down_proj,891.719
decode,3,model.layers.21.mlp,3061.41
decode,3,model.layers.21,8195.21
decode,3,model.layers.22.input_layernorm,171.25
decode,3,model.layers.22.self_attn.q_proj,442.813
decode,3,model.layers.22.self_attn.k_proj,320.989
decode,3,model.layers.22.self_attn.v_proj,289.688
decode,3,model.layers.22.self_attn.q_norm,179.323
decode,3,model.layers.22.self_attn.k_norm,140.313
decode,3,model.layers.22.self_attn.q_rope,181.771
decode,3,model.layers.22.self_attn.k_rope,155.729
decode,3,model.layers.22.self_attn.qk_matmul,390.834
decode,3,model.layers.22.self_attn.mask,168.594
decode,3,model.layers.22.self_attn.softmax,181.667
decode,3,model.layers.22.self_attn.av_matmul,410.937
decode,3,model.layers.22.self_attn.o_proj,413.594
decode,3,model.layers.22.self_attn,4676.82
decode,3,model.layers.22.post_attention_layernorm,143.125
decode,3,model.layers.22.mlp.gate_proj,959.271
decode,3,model.layers.22.mlp.act,146.093
decode,3,model.layers.22.mlp.up_proj,953.073
decode,3,model.layers.22.mlp.down_proj,894.739
decode,3,model.layers.22.mlp,2986.72
decode,3,model.layers.22,8272.5
decode,3,model.layers.23.input_layernorm,173.282
decode,3,model.layers.23.self_attn.q_proj,478.385
decode,3,model.layers.23.self_attn.k_proj,275.781
decode,3,model.layers.23.self_attn.v_proj,266.719
decode,3,model.layers.23.self_attn.q_norm,179.844
decode,3,model.layers.23.self_attn.k_norm,176.145
decode,3,model.layers.23.self_attn.q_rope,159.531
decode,3,model.layers.23.self_attn.k_rope,194.531
decode,3,model.layers.23.self_attn.qk_matmul,366.094
decode,3,model.layers.23.self_attn.mask,144.011
decode,3,model.layers.23.self_attn.softmax,190.781
decode,3,model.layers.23.self_attn.av_matmul,449.063
decode,3,model.layers.23.self_attn.o_proj,418.282
decode,3,model.layers.23.self_attn,4583.49
decode,3,model.layers.23.post_attention_layernorm,155.938
decode,3,model.layers.23.mlp.gate_proj,981.823
decode,3,model.layers.23.mlp.act,176.407
decode,3,model.layers.23.mlp.up_proj,917.5
decode,3,model.layers.23.mlp.down_proj,943.125
decode,3,model.layers.23.mlp,3079.06
decode,3,model.layers.23,8215.89
decode,3,model.layers.24.input_layernorm,155.782
decode,3,model.layers.24.self_attn.q_proj,443.594
decode,3,model.layers.24.self_attn.k_proj,331.979
decode,3,model.layers.24.self_attn.v_proj,283.021
decode,3,model.layers.24.self_attn.q_norm,146.979
decode,3,model.layers.24.self_attn.k_norm,152.344
decode,3,model.layers.24.self_attn.q_rope,159.062
decode,3,model.layers.24.self_attn.k_rope,185.729
decode,3,model.layers.24.self_attn.qk_matmul,414.531
decode,3,model.layers.24.self_attn.mask,150.052
decode,3,model.layers.24.self_attn.softmax,189.843
decode,3,model.layers.24.self_attn.av_matmul,402.656
decode,3,model.layers.24.self_attn.o_proj,411.406
decode,3,model.layers.24.self_attn,4685.31
decode,3,model.layers.24.post_attention_layernorm,147.239
decode,3,model.layers.24.mlp.gate_proj,913.438
decode,3,model.layers.24.mlp.act,165
decode,3,model.layers.24.mlp.up_proj,951.718
decode,3,model.layers.24.mlp.down_proj,898.281
decode,3,model.layers.24.mlp,2970.42
decode,3,model.layers.24,8225.52
decode,3,model.layers.25.input_layernorm,177.24
decode,3,model.layers.25.self_attn.q_proj,443.907
decode,3,model.layers.25.self_attn.k_proj,317.5
decode,3,model.layers.25.self_attn.v_proj,291.562
decode,3,model.layers.25.self_attn.q_norm,155.625
decode,3,model.layers.25.self_attn.k_norm,176.458
decode,3,model.layers.25.self_attn.q_rope,167.812
decode,3,model.layers.25.self_attn.k_rope,181.875
decode,3,model.layers.25.self_attn.qk_matmul,413.386
decode,3,model.layers.25.self_attn.mask,138.594
decode,3,model.layers.25.self_attn.softmax,161.093
decode,3,model.layers.25.self_attn.av_matmul,422.552
decode,3,model.layers.25.self_attn.o_proj,409.375
decode,3,model.layers.25.self_attn,4502.66
decode,3,model.layers.25.post_attention_layernorm,149.844
decode,3,model.layers.25.mlp.gate_proj,927.292
decode,3,model.layers.25.mlp.act,187.084
decode,3,model.layers.25.mlp.up_proj,932.969
decode,3,model.layers.25.mlp.down_proj,895.208
decode,3,model.layers.25.mlp,3000.62
decode,3,model.layers.25,8098.12
decode,3,model.layers.26.input_layernorm,163.281
decode,3,model.layers.26.self_attn.q_proj,440.261
decode,3,model.layers.26.self_attn.k_proj,285
decode,3,model.layers.26.self_attn.v_proj,301.25
decode,3,model.layers.26.self_attn.q_norm,195.208
decode,3,model.layers.26.self_attn.k_norm,135.834
decode,3,model.layers.26.self_attn.q_rope,164.948
decode,3,model.layers.26.self_attn.k_rope,181.875
decode,3,model.layers.26.self_attn.qk_matmul,378.02
decode,3,model.layers.26.self_attn.mask,140.157
decode,3,model.layers.26.self_attn.softmax,185.833
decode,3,model.layers.26.self_attn.av_matmul,403.646
decode,3,model.layers.26.self_attn.o_proj,411.094
decode,3,model.layers.26.self_attn,4560.1
decode,3,model.layers.26.post_attention_layernorm,145.156
decode,3,model.layers.26.mlp.gate_proj,930.052
decode,3,model.layers.26.mlp.act,171.094
decode,3,model.layers.26.mlp.up_proj,960.313
decode,3,model.layers.26.mlp.down_proj,895.312
decode,3,model.layers.26.mlp,3001.56
decode,3,model.layers.26,8136.04
decode,3,model.layers.27.input_layernorm,161.146
decode,3,model.layers.27.self_attn.q_proj,436.146
decode,3,model.layers.27.self_attn.k_proj,273.281
decode,3,model.layers.27.self_attn.v_proj,299.531
decode,3,model.layers.27.self_attn.q_norm,179.167
decode,3,model.layers.27.self_attn.k_norm,171.719
decode,3,model.layers.27.self_attn.q_rope,174.271
decode,3,model.layers.27.self_attn.k_rope,186.823
decode,3,model.layers.27.self_attn.qk_matmul,378.125
decode,3,model.layers.27.self_attn.mask,151.562
decode,3,model.layers.27.self_attn.softmax,188.75
decode,3,model.layers.27.self_attn.av_matmul,418.23
decode,3,model.layers.27.self_attn.o_proj,417.083
decode,3,model.layers.27.self_attn,4599.53
decode,3,model.layers.27.post_attention_layernorm,155.157
decode,3,model.layers.27.mlp.gate_proj,959.323
decode,3,model.layers.27.mlp.act,157.552
decode,3,model.layers.27.mlp.up_proj,942.5
decode,3,model.layers.27.mlp.down_proj,880.157
decode,3,model.layers.27.mlp,3009.32
decode,3,model.layers.27,8114.64
decode,3,model.norm,179.843
decode,3,model,239535
decode,3,lm_head_out,87142.1
decode,3,model.embed_tokens,7.187
decode,4,model.layers.0.input_layernorm,5078.44
decode,4,model.layers.0.self_attn.q_proj,381.927
decode,4,model.layers.0.self_attn.k_proj,261.979
decode,4,model.layers.0.self_attn.v_proj,274.532
decode,4,model.layers.0.self_attn.q_norm,149.948
decode,4,model.layers.0.self_attn.k_norm,138.073
decode,4,model.layers.0.self_attn.q_rope,157.969
decode,4,model.layers.0.self_attn.k_rope,134.271
decode,4,model.layers.0.self_attn.qk_matmul,364.687
decode,4,model.layers.0.self_attn.mask,139.531
decode,4,model.layers.0.self_attn.softmax,136.042
decode,4,model.layers.0.self_attn.av_matmul,394.323
decode,4,model.layers.0.self_attn.o_proj,379.428
decode,4,model.layers.0.self_attn,3531.04
decode,4,model.layers.0.post_attention_layernorm,143.49
decode,4,model.layers.0.mlp.gate_proj,866.094
decode,4,model.layers.0.mlp.act,132.188
decode,4,model.layers.0.mlp.up_proj,882.448
decode,4,model.layers.0.mlp.down_proj,821.094
decode,4,model.layers.0.mlp,2723.75
decode,4,model.layers.0,11630.8
decode,4,model.layers.1.input_layernorm,144.844
decode,4,model.layers.1.self_attn.q_proj,358.802
decode,4,model.layers.1.self_attn.k_proj,277.291
decode,4,model.layers.1.self_attn.v_proj,251.927
decode,4,model.layers.1.self_attn.q_norm,161.094
decode,4,model.layers.1.self_attn.k_norm,117.188
decode,4,model.layers.1.self_attn.q_rope,130.209
decode,4,model.layers.1.self_attn.k_rope,130.938
decode,4,model.layers.1.self_attn.qk_matmul,335.156
decode,4,model.layers.1.self_attn.mask,160.26
decode,4,model.layers.1.self_attn.softmax,129.843
decode,4,model.layers.1.self_attn.av_matmul,426.406
decode,4,model.layers.1.self_attn.o_proj,366.093
decode,4,model.layers.1.self_attn,3664.53
decode,4,model.layers.1.post_attention_layernorm,131.562
decode,4,model.layers.1.mlp.gate_proj,871.875
decode,4,model.layers.1.mlp.act,102.656
decode,4,model.layers.1.mlp.up_proj,871.718
decode,4,model.layers.1.mlp.down_proj,814.219
decode,4,model.layers.1.mlp,2707.03
decode,4,model.layers.1,6824.53
decode,4,model.layers.2.input_layernorm,114.687
decode,4,model.layers.2.self_attn.q_proj,367.448
decode,4,model.layers.2.self_attn.k_proj,251.25
decode,4,model.layers.2.self_attn.v_proj,265.052
decode,4,model.layers.2.self_attn.q_norm,118.334
decode,4,model.layers.2.self_attn.k_norm,148.646
decode,4,model.layers.2.self_attn.q_rope,135.572
decode,4,model.layers.2.self_attn.k_rope,133.125
decode,4,model.layers.2.self_attn.qk_matmul,354.271
decode,4,model.layers.2.self_attn.mask,130.312
decode,4,model.layers.2.self_attn.softmax,119.219
decode,4,model.layers.2.self_attn.av_matmul,411.25
decode,4,model.layers.2.self_attn.o_proj,383.282
decode,4,model.layers.2.self_attn,3639.95
decode,4,model.layers.2.post_attention_layernorm,111.562
decode,4,model.layers.2.mlp.gate_proj,895.781
decode,4,model.layers.2.mlp.act,143.281
decode,4,model.layers.2.mlp.up_proj,865.312
decode,4,model.layers.2.mlp.down_proj,856.146
decode,4,model.layers.2.mlp,2785.16
decode,4,model.layers.2,6874.22
decode,4,model.layers.3.input_layernorm,123.125
decode,4,model.layers.3.self_attn.q_proj,377.24
decode,4,model.layers.3.self_attn.k_proj,249.375
decode,4,model.layers.3.self_attn.v_proj,247.344
decode,4,model.layers.3.self_attn.q_norm,139.219
decode,4,model.layers.3.self_attn.k_norm,117.813
decode,4,model.layers.3.self_attn.q_rope,132.657
decode,4,model.layers.3.self_attn.k_rope,117.969
decode,4,model.layers.3.self_attn.qk_matmul,382.031
decode,4,model.layers.3.self_attn.mask,128.959
decode,4,model.layers.3.self_attn.softmax,151.354
decode,4,model.layers.3.self_attn.av_matmul,383.438
decode,4,model.layers.3.self_attn.o_proj,386.718
decode,4,model.layers.3.self_attn,3726.88
decode,4,model.layers.3.post_attention_layernorm,131.927
decode,4,model.layers.3.mlp.gate_proj,853.49
decode,4,model.layers.3.mlp.act,127.187
decode,4,model.layers.3.mlp.up_proj,850.833
decode,4,model.layers.3.mlp.down_proj,796.719
decode,4,model.layers.3.mlp,2657.81
decode,4,model.layers.3,6829.69
decode,4,model.layers.4.input_layernorm,122.969
decode,4,model.layers.4.self_attn.q_proj,361.198
decode,4,model.layers.4.self_attn.k_proj,274.427
decode,4,model.layers.4.self_attn.v_proj,239.062
decode,4,model.layers.4.self_attn.q_norm,127.239
decode,4,model.layers.4.self_attn.k_norm,134.428
decode,4,model.layers.4.self_attn.q_rope,129.427
decode,4,model.layers.4.self_attn.k_rope,145.469
decode,4,model.layers.4.self_attn.qk_matmul,328.75
decode,4,model.layers.4.self_attn.mask,145.156
decode,4,model.layers.4.self_attn.softmax,134.062
decode,4,model.layers.4.self_attn.av_matmul,381.406
decode,4,model.layers.4.self_attn.o_proj,378.906
decode,4,model.layers.4.self_attn,3793.12
decode,4,model.layers.4.post_attention_layernorm,145.521
decode,4,model.layers.4.mlp.gate_proj,861.979
decode,4,model.layers.4.mlp.act,149.635
decode,4,model.layers.4.mlp.up_proj,875.469
decode,4,model.layers.4.mlp.down_proj,808.125
decode,4,model.layers.4.mlp,2726.88
decode,4,model.layers.4,7004.69
decode,4,model.layers.5.input_layernorm,147.187
decode,4,model.layers.5.self_attn.q_proj,352.083
decode,4,model.layers.5.self_attn.k_proj,265.625
decode,4,model.layers.5.self_attn.v_proj,230.365
decode,4,model.layers.5.self_attn.q_norm,143.021
decode,4,model.layers.5.self_attn.k_norm,105.417
decode,4,model.layers.5.self_attn.q_rope,121.25
decode,4,model.layers.5.self_attn.k_rope,112.136
decode,4,model.layers.5.self_attn.qk_matmul,349.688
decode,4,model.layers.5.self_attn.mask,134.063
decode,4,model.layers.5.self_attn.softmax,133.854
decode,4,model.layers.5.self_attn.av_matmul,392.344
decode,4,model.layers.5.self_attn.o_proj,366.407
decode,4,model.layers.5.self_attn,3663.12
decode,4,model.layers.5.post_attention_layernorm,133.281
decode,4,model.layers.5.mlp.gate_proj,920
decode,4,model.layers.5.mlp.act,177.709
decode,4,model.layers.5.mlp.up_proj,895.157
decode,4,model.layers.5.mlp.down_proj,837.5
decode,4,model.layers.5.mlp,2856.25
decode,4,model.layers.5,6990.42
decode,4,model.layers.6.input_layernorm,160.625
decode,4,model.layers.6.self_attn.q_proj,412.291
decode,4,model.layers.6.self_attn.k_proj,301.563
decode,4,model.layers.6.self_attn.v_proj,304.115
decode,4,model.layers.6.self_attn.q_norm,153.437
decode,4,model.layers.6.self_attn.k_norm,141.666
decode,4,model.layers.6.self_attn.q_rope,174.219
decode,4,model.layers.6.self_attn.k_rope,150.469
decode,4,model.layers.6.self_attn.qk_matmul,385.625
decode,4,model.layers.6.self_attn.mask,153.334
decode,4,model.layers.6.self_attn.softmax,164.427
decode,4,model.layers.6.self_attn.av_matmul,415.104
decode,4,model.layers.6.self_attn.o_proj,425.989
decode,4,model.layers.6.self_attn,4198.85
decode,4,model.layers.6.post_attention_layernorm,156.927
decode,4,model.layers.6.mlp.gate_proj,891.407
decode,4,model.layers.6.mlp.act,166.718
decode,4,model.layers.6.mlp.up_proj,894.688
decode,4,model.layers.6.mlp.down_proj,827.812
decode,4,model.layers.6.mlp,2820.57
decode,4,model.layers.6,7552.19
decode,4,model.layers.7.input_layernorm,150.729
decode,4,model.layers.7.self_attn.q_proj,389.218
decode,4,model.layers.7.self_attn.k_proj,281.719
decode,4,model.layers.7.self_attn.v_proj,291.198
decode,4,model.layers.7.self_attn.q_norm,164.74
decode,4,model.layers.7.self_attn.k_norm,143.698
decode,4,model.layers.7.self_attn.q_rope,187.292
decode,4,model.layers.7.self_attn.k_rope,172.187
decode,4,model.layers.7.self_attn.qk_matmul,379.531
decode,4,model.layers.7.self_attn.mask,153.906
decode,4,model.layers.7.self_attn.softmax,155.521
decode,4,model.layers.7.self_attn.av_matmul,437.5
decode,4,model.layers.7.self_attn.o_proj,400
decode,4,model.layers.7.self_attn,4116.41
decode,4,model.layers.7.post_attention_layernorm,169.636
decode,4,model.layers.7.mlp.gate_proj,894.791
decode,4,model.layers.7.mlp.act,208.177
decode,4,model.layers.7.mlp.up_proj,897.396
decode,4,model.layers.7.mlp.down_proj,845.99
decode,4,model.layers.7.mlp,2883.28
decode,4,model.layers.7,7519.32
decode,4,model.layers.8.input_layernorm,193.698
decode,4,model.layers.8.self_attn.q_proj,431.303
decode,4,model.layers.8.self_attn.k_proj,312.343
decode,4,model.layers.8.self_attn.v_proj,275.053
decode,4,model.layers.8.self_attn.q_norm,161.25
decode,4,model.layers.8.self_attn.k_norm,178.072
decode,4,model.layers.8.self_attn.q_rope,180.468
decode,4,model.layers.8.self_attn.k_rope,182.188
decode,4,model.layers.8.self_attn.qk_matmul,375.209
decode,4,model.layers.8.self_attn.mask,164.896
decode,4,model.layers.8.self_attn.softmax,215.156
decode,4,model.layers.8.self_attn.av_matmul,407.343
decode,4,model.layers.8.self_attn.o_proj,406.719
decode,4,model.layers.8.self_attn,4694.84
decode,4,model.layers.8.post_attention_layernorm,131.042
decode,4,model.layers.8.mlp.gate_proj,929.844
decode,4,model.layers.8.mlp.act,149.479
decode,4,model.layers.8.mlp.up_proj,933.854
decode,4,model.layers.8.mlp.down_proj,873.281
decode,4,model.layers.8.mlp,2923.18
decode,4,model.layers.8,8172.5
decode,4,model.layers.9.input_layernorm,132.5
decode,4,model.layers.9.self_attn.q_proj,439.01
decode,4,model.layers.9.self_attn.k_proj,256.718
decode,4,model.layers.9.self_attn.v_proj,297.344
decode,4,model.layers.9.self_attn.q_norm,128.125
decode,4,model.layers.9.self_attn.k_norm,174.479
decode,4,model.layers.9.self_attn.q_rope,156.406
decode,4,model.layers.9.self_attn.k_rope,214.063
decode,4,model.layers.9.self_attn.qk_matmul,395.572
decode,4,model.layers.9.self_attn.mask,169.687
decode,4,model.layers.9.self_attn.softmax,185.26
decode,4,model.layers.9.self_attn.av_matmul,415.937
decode,4,model.layers.9.self_attn.o_proj,414.74
decode,4,model.layers.9.self_attn,4543.28
decode,4,model.layers.9.post_attention_layernorm,131.615
decode,4,model.layers.9.mlp.gate_proj,1006.35
decode,4,model.layers.9.mlp.act,178.177
decode,4,model.layers.9.mlp.up_proj,929.531
decode,4,model.layers.9.mlp.down_proj,892.813
decode,4,model.layers.9.mlp,3042.92
decode,4,model.layers.9,8054.32
decode,4,model.layers.10.input_layernorm,141.198
decode,4,model.layers.10.self_attn.q_proj,383.021
decode,4,model.layers.10.self_attn.k_proj,300.469
decode,4,model.layers.10.self_attn.v_proj,269.688
decode,4,model.layers.10.self_attn.q_norm,179.167
decode,4,model.layers.10.self_attn.k_norm,146.25
decode,4,model.layers.10.self_attn.q_rope,173.75
decode,4,model.layers.10.self_attn.k_rope,148.75
decode,4,model.layers.10.self_attn.qk_matmul,375.156
decode,4,model.layers.10.self_attn.mask,153.906
decode,4,model.layers.10.self_attn.softmax,163.177
decode,4,model.layers.10.self_attn.av_matmul,410.625
decode,4,model.layers.10.self_attn.o_proj,389.167
decode,4,model.layers.10.self_attn,4371.41
decode,4,model.layers.10.post_attention_layernorm,132.188
decode,4,model.layers.10.mlp.gate_proj,952.656
decode,4,model.layers.10.mlp.act,165.312
decode,4,model.layers.10.mlp.up_proj,961.875
decode,4,model.layers.10.mlp.down_proj,908.594
decode,4,model.layers.10.mlp,3025.05
decode,4,model.layers.10,7882.97
decode,4,model.layers.11.input_layernorm,148.854
decode,4,model.layers.11.self_attn.q_proj,411.615
decode,4,model.layers.11.self_attn.k_proj,285.781
decode,4,model.layers.11.self_attn.v_proj,303.542
decode,4,model.layers.11.self_attn.q_norm,132.5
decode,4,model.layers.11.self_attn.k_norm,158.282
decode,4,model.layers.11.self_attn.q_rope,180.781
decode,4,model.layers.11.self_attn.k_rope,180
decode,4,model.layers.11.self_attn.qk_matmul,365.104
decode,4,model.layers.11.self_attn.mask,155.729
decode,4,model.layers.11.self_attn.softmax,145.938
decode,4,model.layers.11.self_attn.av_matmul,406.562
decode,4,model.layers.11.self_attn.o_proj,396.979
decode,4,model.layers.11.self_attn,4410.78
decode,4,model.layers.11.post_attention_layernorm,158.594
decode,4,model.layers.11.mlp.gate_proj,956.406
decode,4,model.layers.11.mlp.act,202.865
decode,4,model.layers.11.mlp.up_proj,984.532
decode,4,model.layers.11.mlp.down_proj,956.406
decode,4,model.layers.11.mlp,3168.85
decode,4,model.layers.11,8119.69
decode,4,model.layers.12.input_layernorm,169.375
decode,4,model.layers.12.self_attn.q_proj,435.313
decode,4,model.layers.12.self_attn.k_proj,324.74
decode,4,model.layers.12.self_attn.v_proj,310.26
decode,4,model.layers.12.self_attn.q_norm,183.438
decode,4,model.layers.12.self_attn.k_norm,189.115
decode,4,model.layers.12.self_attn.q_rope,213.49
decode,4,model.layers.12.self_attn.k_rope,186.406
decode,4,model.layers.12.self_attn.qk_matmul,400.156
decode,4,model.layers.12.self_attn.mask,150.104
decode,4,model.layers.12.self_attn.softmax,160.677
decode,4,model.layers.12.self_attn.av_matmul,420.781
decode,4,model.layers.12.self_attn.o_proj,433.646
decode,4,model.layers.12.self_attn,4728.8
decode,4,model.layers.12.post_attention_layernorm,187.968
decode,4,model.layers.12.mlp.gate_proj,936.875
decode,4,model.layers.12.mlp.act,155.729
decode,4,model.layers.12.mlp.up_proj,928.125
decode,4,model.layers.12.mlp.down_proj,888.438
decode,4,model.layers.12.mlp,2949.69
decode,4,model.layers.12,8273.12
decode,4,model.layers.13.input_layernorm,172.969
decode,4,model.layers.13.self_attn.q_proj,453.073
decode,4,model.layers.13.self_attn.k_proj,316.562
decode,4,model.layers.13.self_attn.v_proj,306.458
decode,4,model.layers.13.self_attn.q_norm,182.604
decode,4,model.layers.13.self_attn.k_norm,180.053
decode,4,model.layers.13.self_attn.q_rope,185.469
decode,4,model.layers.13.self_attn.k_rope,156.667
decode,4,model.layers.13.self_attn.qk_matmul,382.24
decode,4,model.layers.13.self_attn.mask,243.906
decode,4,model.layers.13.self_attn.softmax,185.885
decode,4,model.layers.13.self_attn.av_matmul,445.886
decode,4,model.layers.13.self_attn.o_proj,418.073
decode,4,model.layers.13.self_attn,4769.53
decode,4,model.layers.13.post_attention_layernorm,193.906
decode,4,model.layers.13.mlp.gate_proj,970.104
decode,4,model.layers.13.mlp.act,176.928
decode,4,model.layers.13.mlp.up_proj,930.208
decode,4,model.layers.13.mlp.down_proj,901.875
decode,4,model.layers.13.mlp,3054.69
decode,4,model.layers.13,8454.69
decode,4,model.layers.14.input_layernorm,164.584
decode,4,model.layers.14.self_attn.q_proj,455.937
decode,4,model.layers.14.self_attn.k_proj,272.969
decode,4,model.layers.14.self_attn.v_proj,354.844
decode,4,model.layers.14.self_attn.q_norm,167.969
decode,4,model.layers.14.self_attn.k_norm,173.803
decode,4,model.layers.14.self_attn.q_rope,192.969
decode,4,model.layers.14.self_attn.k_rope,171.771
decode,4,model.layers.14.self_attn.qk_matmul,394.375
decode,4,model.layers.14.self_attn.mask,167.135
decode,4,model.layers.14.self_attn.softmax,196.407
decode,4,model.layers.14.self_attn.av_matmul,408.125
decode,4,model.layers.14.self_attn.o_proj,474.688
decode,4,model.layers.14.self_attn,4931.77
decode,4,model.layers.14.post_attention_layernorm,1749.74
decode,4,model.layers.14.mlp.gate_proj,1204.79
decode,4,model.layers.14.mlp.act,176.875
decode,4,model.layers.14.mlp.up_proj,935.938
decode,4,model.layers.14.mlp.down_proj,903.594
decode,4,model.layers.14.mlp,3293.75
decode,4,model.layers.14,10473.9
decode,4,model.layers.15.input_layernorm,157.813
decode,4,model.layers.15.self_attn.q_proj,445.104
decode,4,model.layers.15.self_attn.k_proj,322.656
decode,4,model.layers.15.self_attn.v_proj,284.115
decode,4,model.layers.15.self_attn.q_norm,178.489
decode,4,model.layers.15.self_attn.k_norm,204.74
decode,4,model.layers.15.self_attn.q_rope,166.718
decode,4,model.layers.15.self_attn.k_rope,228.125
decode,4,model.layers.15.self_attn.qk_matmul,439.531
decode,4,model.layers.15.self_attn.mask,181.041
decode,4,model.layers.15.self_attn.softmax,226.146
decode,4,model.layers.15.self_attn.av_matmul,425.26
decode,4,model.layers.15.self_attn.o_proj,431.562
decode,4,model.layers.15.self_attn,4936.2
decode,4,model.layers.15.post_attention_layernorm,164.375
decode,4,model.layers.15.mlp.gate_proj,930.416
decode,4,model.layers.15.mlp.act,217.969
decode,4,model.layers.15.mlp.up_proj,1037.97
decode,4,model.layers.15.mlp.down_proj,897.552
decode,4,model.layers.15.mlp,3139.69
decode,4,model.layers.15,8714.69
decode,4,model.layers.16.input_layernorm,169.687
decode,4,model.layers.16.self_attn.q_proj,463.75
decode,4,model.layers.16.self_attn.k_proj,330.521
decode,4,model.layers.16.self_attn.v_proj,306.563
decode,4,model.layers.16.self_attn.q_norm,161.979
decode,4,model.layers.16.self_attn.k_norm,203.958
decode,4,model.layers.16.self_attn.q_rope,200.052
decode,4,model.layers.16.self_attn.k_rope,167.812
decode,4,model.layers.16.self_attn.qk_matmul,400.261
decode,4,model.layers.16.self_attn.mask,157.188
decode,4,model.layers.16.self_attn.softmax,163.489
decode,4,model.layers.16.self_attn.av_matmul,433.281
decode,4,model.layers.16.self_attn.o_proj,420.781
decode,4,model.layers.16.self_attn,4779.53
decode,4,model.layers.16.post_attention_layernorm,144.583
decode,4,model.layers.16.mlp.gate_proj,942.187
decode,4,model.layers.16.mlp.act,183.906
decode,4,model.layers.16.mlp.up_proj,992.187
decode,4,model.layers.16.mlp.down_proj,903.282
decode,4,model.layers.16.mlp,3062.19
decode,4,model.layers.16,8487.03
decode,4,model.layers.17.input_layernorm,168.907
decode,4,model.layers.17.self_attn.q_proj,456.094
decode,4,model.layers.17.self_attn.k_proj,285.885
decode,4,model.layers.17.self_attn.v_proj,377.083
decode,4,model.layers.17.self_attn.q_norm,144.531
decode,4,model.layers.17.self_attn.k_norm,236.25
decode,4,model.layers.17.self_attn.q_rope,179.062
decode,4,model.layers.17.self_attn.k_rope,191.406
decode,4,model.layers.17.self_attn.qk_matmul,359.375
decode,4,model.layers.17.self_attn.mask,157.136
decode,4,model.layers.17.self_attn.softmax,191.25
decode,4,model.layers.17.self_attn.av_matmul,410.677
decode,4,model.layers.17.self_attn.o_proj,416.355
decode,4,model.layers.17.self_attn,4855.31
decode,4,model.layers.17.post_attention_layernorm,144.843
decode,4,model.layers.17.mlp.gate_proj,977.344
decode,4,model.layers.17.mlp.act,151.823
decode,4,model.layers.17.mlp.up_proj,990.938
decode,4,model.layers.17.mlp.down_proj,964.219
decode,4,model.layers.17.mlp,3127.03
decode,4,model.layers.17,8537.29
decode,4,model.layers.18.input_layernorm,167.657
decode,4,model.layers.18.self_attn.q_proj,464.792
decode,4,model.layers.18.self_attn.k_proj,342.656
decode,4,model.layers.18.self_attn.v_proj,366.145
decode,4,model.layers.18.self_attn.q_norm,152.812
decode,4,model.layers.18.self_attn.k_norm,171.719
decode,4,model.layers.18.self_attn.q_rope,152.865
decode,4,model.layers.18.self_attn.k_rope,160.625
decode,4,model.layers.18.self_attn.qk_matmul,369.323
decode,4,model.layers.18.self_attn.mask,145.312
decode,4,model.layers.18.self_attn.softmax,188.75
decode,4,model.layers.18.self_attn.av_matmul,450.209
decode,4,model.layers.18.self_attn.o_proj,415.052
decode,4,model.layers.18.self_attn,4856.25
decode,4,model.layers.18.post_attention_layernorm,181.458
decode,4,model.layers.18.mlp.gate_proj,930
decode,4,model.layers.18.mlp.act,195.625
decode,4,model.layers.18.mlp.up_proj,970.781
decode,4,model.layers.18.mlp.down_proj,906.25
decode,4,model.layers.18.mlp,3044.58
decode,4,model.layers.18,8571.46
decode,4,model.layers.19.input_layernorm,183.125
decode,4,model.layers.19.self_attn.q_proj,447.5
decode,4,model.layers.19.self_attn.k_proj,330.625
decode,4,model.layers.19.self_attn.v_proj,366.77
decode,4,model.layers.19.self_attn.q_norm,225
decode,4,model.layers.19.self_attn.k_norm,82.344
decode,4,model.layers.19.self_attn.q_rope,213.593
decode,4,model.layers.19.self_attn.k_rope,197.24
decode,4,model.layers.19.self_attn.qk_matmul,409.895
decode,4,model.layers.19.self_attn.mask,171.093
decode,4,model.layers.19.self_attn.softmax,257.239
decode,4,model.layers.19.self_attn.av_matmul,416.875
decode,4,model.layers.19.self_attn.o_proj,442.084
decode,4,model.layers.19.self_attn,5096.56
decode,4,model.layers.19.post_attention_layernorm,173.855
decode,4,model.layers.19.mlp.gate_proj,986.146
decode,4,model.layers.19.mlp.act,164.323
decode,4,model.layers.19.mlp.up_proj,960.208
decode,4,model.layers.19.mlp.down_proj,896.25
decode,4,model.layers.19.mlp,3126.67
decode,4,model.layers.19,8886.51
decode,4,model.layers.20.input_layernorm,174.323
decode,4,model.layers.20.self_attn.q_proj,451.875
decode,4,model.layers.20.self_attn.k_proj,324.739
decode,4,model.layers.20.self_attn.v_proj,277.136
decode,4,model.layers.20.self_attn.q_norm,177.604
decode,4,model.layers.20.self_attn.k_norm,196.875
decode,4,model.layers.20.self_attn.q_rope,184.844
decode,4,model.layers.20.self_attn.k_rope,229.375
decode,4,model.layers.20.self_attn.qk_matmul,438.177
decode,4,model.layers.20.self_attn.mask,228.281
decode,4,model.layers.20.self_attn.softmax,174.427
decode,4,model.layers.20.self_attn.av_matmul,470.938
decode,4,model.layers.20.self_attn.o_proj,422.292
decode,4,model.layers.20.self_attn,5211.09
decode,4,model.layers.20.post_attention_layernorm,183.906
decode,4,model.layers.20.mlp.gate_proj,923.282
decode,4,model.layers.20.mlp.act,190.573
decode,4,model.layers.20.mlp.up_proj,972.187
decode,4,model.layers.20.mlp.down_proj,893.802
decode,4,model.layers.20.mlp,3020.83
decode,4,model.layers.20,8910.47
decode,4,model.layers.21.input_layernorm,159.688
decode,4,model.layers.21.self_attn.q_proj,463.385
decode,4,model.layers.21.self_attn.k_proj,283.542
decode,4,model.layers.21.self_attn.v_proj,317.084
decode,4,model.layers.21.self_attn.q_norm,212.812
decode,4,model.layers.21.self_attn.k_norm,189.844
decode,4,model.layers.21.self_attn.q_rope,192.239
decode,4,model.layers.21.self_attn.k_rope,161.771
decode,4,model.layers.21.self_attn.qk_matmul,617.604
decode,4,model.layers.21.self_attn.mask,169.167
decode,4,model.layers.21.self_attn.softmax,184.323
decode,4,model.layers.21.self_attn.av_matmul,425.469
decode,4,model.layers.21.self_attn.o_proj,441.198
decode,4,model.layers.21.self_attn,5165.62
decode,4,model.layers.21.post_attention_layernorm,196.146
decode,4,model.layers.21.mlp.gate_proj,931.51
decode,4,model.layers.21.mlp.act,207.865
decode,4,model.layers.21.mlp.up_proj,944.479
decode,4,model.layers.21.mlp.down_proj,895.156
decode,4,model.layers.21.mlp,3062.66
decode,4,model.layers.21,8826.35
decode,4,model.layers.22.input_layernorm,186.771
decode,4,model.layers.22.self_attn.q_proj,454.062
decode,4,model.layers.22.self_attn.k_proj,287.344
decode,4,model.layers.22.self_attn.v_proj,293.646
decode,4,model.layers.22.self_attn.q_norm,233.281
decode,4,model.layers.22.self_attn.k_norm,164.323
decode,4,model.layers.22.self_attn.q_rope,173.75
decode,4,model.layers.22.self_attn.k_rope,162.813
decode,4,model.layers.22.self_attn.qk_matmul,424.427
decode,4,model.layers.22.self_attn.mask,176.458
decode,4,model.layers.22.self_attn.softmax,200.312
decode,4,model.layers.22.self_attn.av_matmul,437.656
decode,4,model.layers.22.self_attn.o_proj,423.385
decode,4,model.layers.22.self_attn,4872.81
decode,4,model.layers.22.post_attention_layernorm,191.406
decode,4,model.layers.22.mlp.gate_proj,925.833
decode,4,model.layers.22.mlp.act,153.593
decode,4,model.layers.22.mlp.up_proj,962.917
decode,4,model.layers.22.mlp.down_proj,910.105
decode,4,model.layers.22.mlp,3000.89
decode,4,model.layers.22,8528.59
decode,4,model.layers.23.input_layernorm,190.833
decode,4,model.layers.23.self_attn.q_proj,469.479
decode,4,model.layers.23.self_attn.k_proj,322.5
decode,4,model.layers.23.self_attn.v_proj,333.594
decode,4,model.layers.23.self_attn.q_norm,215.782
decode,4,model.layers.23.self_attn.k_norm,166.354
decode,4,model.layers.23.self_attn.q_rope,177.187
decode,4,model.layers.23.self_attn.k_rope,208.125
decode,4,model.layers.23.self_attn.qk_matmul,383.125
decode,4,model.layers.23.self_attn.mask,175.781
decode,4,model.layers.23.self_attn.softmax,180.105
decode,4,model.layers.23.self_attn.av_matmul,457.657
decode,4,model.layers.23.self_attn.o_proj,435.208
decode,4,model.layers.23.self_attn,4990.26
decode,4,model.layers.23.post_attention_layernorm,199.531
decode,4,model.layers.23.mlp.gate_proj,926.98
decode,4,model.layers.23.mlp.act,289.479
decode,4,model.layers.23.mlp.up_proj,931.406
decode,4,model.layers.23.mlp.down_proj,925.833
decode,4,model.layers.23.mlp,3132.03
decode,4,model.layers.23,8762.5
decode,4,model.layers.24.input_layernorm,167.396
decode,4,model.layers.24.self_attn.q_proj,470.208
decode,4,model.layers.24.self_attn.k_proj,311.875
decode,4,model.layers.24.self_attn.v_proj,333.125
decode,4,model.layers.24.self_attn.q_norm,224.167
decode,4,model.layers.24.self_attn.k_norm,153.594
decode,4,model.layers.24.self_attn.q_rope,206.875
decode,4,model.layers.24.self_attn.k_rope,178.906
decode,4,model.layers.24.self_attn.qk_matmul,461.875
decode,4,model.layers.24.self_attn.mask,220
decode,4,model.layers.24.self_attn.softmax,177.187
decode,4,model.layers.24.self_attn.av_matmul,424.844
decode,4,model.layers.24.self_attn.o_proj,437.396
decode,4,model.layers.24.self_attn,5070.62
decode,4,model.layers.24.post_attention_layernorm,162.187
decode,4,model.layers.24.mlp.gate_proj,934.531
decode,4,model.layers.24.mlp.act,168.073
decode,4,model.layers.24.mlp.up_proj,969.531
decode,4,model.layers.24.mlp.down_proj,957.656
decode,4,model.layers.24.mlp,3074.22
decode,4,model.layers.24,8820.62
decode,4,model.layers.25.input_layernorm,162.76
decode,4,model.layers.25.self_attn.q_proj,451.25
decode,4,model.layers.25.self_attn.k_proj,272.552
decode,4,model.layers.25.self_attn.v_proj,332.812
decode,4,model.layers.25.self_attn.q_norm,185.937
decode,4,model.layers.25.self_attn.k_norm,185.729
decode,4,model.layers.25.self_attn.q_rope,211.667
decode,4,model.layers.25.self_attn.k_rope,167.292
decode,4,model.layers.25.self_attn.qk_matmul,424.271
decode,4,model.layers.25.self_attn.mask,287.343
decode,4,model.layers.25.self_attn.softmax,132.188
decode,4,model.layers.25.self_attn.av_matmul,444.219
decode,4,model.layers.25.self_attn.o_proj,410
decode,4,model.layers.25.self_attn,4925.62
decode,4,model.layers.25.post_attention_layernorm,149.011
decode,4,model.layers.25.mlp.gate_proj,963.281
decode,4,model.layers.25.mlp.act,200.781
decode,4,model.layers.25.mlp.up_proj,987.187
decode,4,model.layers.25.mlp.down_proj,914.115
decode,4,model.layers.25.mlp,3105.78
decode,4,model.layers.25,8622.66
decode,4,model.layers.26.input_layernorm,202.5
decode,4,model.layers.26.self_attn.q_proj,445.26
decode,4,model.layers.26.self_attn.k_proj,289.844
decode,4,model.layers.26.self_attn.v_proj,354.063
decode,4,model.layers.26.self_attn.q_norm,155.312
decode,4,model.layers.26.self_attn.k_norm,201.198
decode,4,model.layers.26.self_attn.q_rope,161.979
decode,4,model.layers.26.self_attn.k_rope,203.75
decode,4,model.layers.26.self_attn.qk_matmul,392.656
decode,4,model.layers.26.self_attn.mask,180.156
decode,4,model.layers.26.self_attn.softmax,206.302
decode,4,model.layers.26.self_attn.av_matmul,425.156
decode,4,model.layers.26.self_attn.o_proj,448.177
decode,4,model.layers.26.self_attn,4897.66
decode,4,model.layers.26.post_attention_layernorm,167.083
decode,4,model.layers.26.mlp.gate_proj,938.906
decode,4,model.layers.26.mlp.act,177.5
decode,4,model.layers.26.mlp.up_proj,984.427
decode,4,model.layers.26.mlp.down_proj,902.813
decode,4,model.layers.26.mlp,3048.49
decode,4,model.layers.26,8615.78
decode,4,model.layers.27.input_layernorm,144.062
decode,4,model.layers.27.self_attn.q_proj,435.469
decode,4,model.layers.27.self_attn.k_proj,298.646
decode,4,model.layers.27.self_attn.v_proj,292.5
decode,4,model.layers.27.self_attn.q_norm,180.781
decode,4,model.layers.27.self_attn.k_norm,229.063
decode,4,model.layers.27.self_attn.q_rope,174.167
decode,4,model.layers.27.self_attn.k_rope,203.855
decode,4,model.layers.27.self_attn.qk_matmul,495.469
decode,4,model.layers.27.self_attn.mask,189.219
decode,4,model.layers.27.self_attn.softmax,224.635
decode,4,model.layers.27.self_attn.av_matmul,412.969
decode,4,model.layers.27.self_attn.o_proj,412.968
decode,4,model.layers.27.self_attn,5021.41
decode,4,model.layers.27.post_attention_layernorm,173.333
decode,4,model.layers.27.mlp.gate_proj,958.386
decode,4,model.layers.27.mlp.act,170.312
decode,4,model.layers.27.mlp.up_proj,973.438
decode,4,model.layers.27.mlp.down_proj,910.313
decode,4,model.layers.27.mlp,3083.75
decode,4,model.layers.27,8735.94
decode,4,model.norm,155.521
decode,4,model,234241
decode,4,lm_head_out,96714.5
decode,4,model.embed_tokens,26.042
decode,5,model.layers.0.input_layernorm,5747.34
decode,5,model.layers.0.self_attn.q_proj,372.292
decode,5,model.layers.0.self_attn.k_proj,247.083
decode,5,model.layers.0.self_attn.v_proj,251.354
decode,5,model.layers.0.self_attn.q_norm,122.5
decode,5,model.layers.0.self_attn.k_norm,121.614
decode,5,model.layers.0.self_attn.q_rope,142.656
decode,5,model.layers.0.self_attn.k_rope,142.552
decode,5,model.layers.0.self_attn.qk_matmul,347.032
decode,5,model.layers.0.self_attn.mask,132.917
decode,5,model.layers.0.self_attn.softmax,117.5
decode,5,model.layers.0.self_attn.av_matmul,368.333
decode,5,model.layers.0.self_attn.o_proj,360
decode,5,model.layers.0.self_attn,3454.53
decode,5,model.layers.0.post_attention_layernorm,122.969
decode,5,model.layers.0.mlp.gate_proj,851.094
decode,5,model.layers.0.mlp.act,106.146
decode,5,model.layers.0.mlp.up_proj,857.344
decode,5,model.layers.0.mlp.down_proj,799.479
decode,5,model.layers.0.mlp,2636.41
decode,5,model.layers.0,12108.1
decode,5,model.layers.1.input_layernorm,107.917
decode,5,model.layers.1.self_attn.q_proj,360
decode,5,model.layers.1.self_attn.k_proj,237.761
decode,5,model.layers.1.self_attn.v_proj,241.98
decode,5,model.layers.1.self_attn.q_norm,108.906
decode,5,model.layers.1.self_attn.k_norm,113.593
decode,5,model.layers.1.self_attn.q_rope,128.594
decode,5,model.layers.1.self_attn.k_rope,118.594
decode,5,model.layers.1.self_attn.qk_matmul,355.834
decode,5,model.layers.1.self_attn.mask,162.708
decode,5,model.layers.1.self_attn.softmax,123.386
decode,5,model.layers.1.self_attn.av_matmul,366.51
decode,5,model.layers.1.self_attn.o_proj,371.614
decode,5,model.layers.1.self_attn,3396.82
decode,5,model.layers.1.post_attention_layernorm,178.593
decode,5,model.layers.1.mlp.gate_proj,865.781
decode,5,model.layers.1.mlp.act,158.646
decode,5,model.layers.1.mlp.up_proj,902.187
decode,5,model.layers.1.mlp.down_proj,806.562
decode,5,model.layers.1.mlp,2757.19
decode,5,model.layers.1,6632.5
decode,5,model.layers.2.input_layernorm,149.531
decode,5,model.layers.2.self_attn.q_proj,385.937
decode,5,model.layers.2.self_attn.k_proj,282.135
decode,5,model.layers.2.self_attn.v_proj,264.218
decode,5,model.layers.2.self_attn.q_norm,141.562
decode,5,model.layers.2.self_attn.k_norm,138.646
decode,5,model.layers.2.self_attn.q_rope,170.469
decode,5,model.layers.2.self_attn.k_rope,140.782
decode,5,model.layers.2.self_attn.qk_matmul,350.521
decode,5,model.layers.2.self_attn.mask,117.708
decode,5,model.layers.2.self_attn.softmax,131.77
decode,5,model.layers.2.self_attn.av_matmul,397.5
decode,5,model.layers.2.self_attn.o_proj,402.344
decode,5,model.layers.2.self_attn,3772.81
decode,5,model.layers.2.post_attention_layernorm,145.104
decode,5,model.layers.2.mlp.gate_proj,873.906
decode,5,model.layers.2.mlp.act,166.667
decode,5,model.layers.2.mlp.up_proj,886.094
decode,5,model.layers.2.mlp.down_proj,821.927
decode,5,model.layers.2.mlp,2776.2
decode,5,model.layers.2,7047.34
decode,5,model.layers.3.input_layernorm,152.292
decode,5,model.layers.3.self_attn.q_proj,386.563
decode,5,model.layers.3.self_attn.k_proj,263.75
decode,5,model.layers.3.self_attn.v_proj,279.687
decode,5,model.layers.3.self_attn.q_norm,140.312
decode,5,model.layers.3.self_attn.k_norm,136.771
decode,5,model.layers.3.self_attn.q_rope,156.875
decode,5,model.layers.3.self_attn.k_rope,148.802
decode,5,model.layers.3.self_attn.qk_matmul,352.969
decode,5,model.layers.3.self_attn.mask,161.042
decode,5,model.layers.3.self_attn.softmax,135.312
decode,5,model.layers.3.self_attn.av_matmul,380.625
decode,5,model.layers.3.self_attn.o_proj,388.593
decode,5,model.layers.3.self_attn,3776.51
decode,5,model.layers.3.post_attention_layernorm,122.708
decode,5,model.layers.3.mlp.gate_proj,874.427
decode,5,model.layers.3.mlp.act,155.312
decode,5,model.layers.3.mlp.up_proj,974.688
decode,5,model.layers.3.mlp.down_proj,837.291
decode,5,model.layers.3.mlp,2876.72
decode,5,model.layers.3,7124.17
decode,5,model.layers.4.input_layernorm,178.437
decode,5,model.layers.4.self_attn.q_proj,396.771
decode,5,model.layers.4.self_attn.k_proj,281.406
decode,5,model.layers.4.self_attn.v_proj,289.167
decode,5,model.layers.4.self_attn.q_norm,161.614
decode,5,model.layers.4.self_attn.k_norm,172.5
decode,5,model.layers.4.self_attn.q_rope,154.895
decode,5,model.layers.4.self_attn.k_rope,177.969
decode,5,model.layers.4.self_attn.qk_matmul,639.844
decode,5,model.layers.4.self_attn.mask,135.937
decode,5,model.layers.4.self_attn.softmax,141.562
decode,5,model.layers.4.self_attn.av_matmul,412.968
decode,5,model.layers.4.self_attn.o_proj,387.604
decode,5,model.layers.4.self_attn,4735.31
decode,5,model.layers.4.post_attention_layernorm,165.312
decode,5,model.layers.4.mlp.gate_proj,927.395
decode,5,model.layers.4.mlp.act,130.938
decode,5,model.layers.4.mlp.up_proj,936.51
decode,5,model.layers.4.mlp.down_proj,918.907
decode,5,model.layers.4.mlp,2949.69
decode,5,model.layers.4,8274.01
decode,5,model.layers.5.input_layernorm,205.938
decode,5,model.layers.5.self_attn.q_proj,425.468
decode,5,model.layers.5.self_attn.k_proj,277.812
decode,5,model.layers.5.self_attn.v_proj,309.218
decode,5,model.layers.5.self_attn.q_norm,150.469
decode,5,model.layers.5.self_attn.k_norm,163.542
decode,5,model.layers.5.self_attn.q_rope,169.375
decode,5,model.layers.5.self_attn.k_rope,191.823
decode,5,model.layers.5.self_attn.qk_matmul,587.552
decode,5,model.layers.5.self_attn.mask,165.104
decode,5,model.layers.5.self_attn.softmax,178.177
decode,5,model.layers.5.self_attn.av_matmul,444.792
decode,5,model.layers.5.self_attn.o_proj,409.114
decode,5,model.layers.5.self_attn,4837.71
decode,5,model.layers.5.post_attention_layernorm,161.458
decode,5,model.layers.5.mlp.gate_proj,938.125
decode,5,model.layers.5.mlp.act,136.875
decode,5,model.layers.5.mlp.up_proj,951.719
decode,5,model.layers.5.mlp.down_proj,920.677
decode,5,model.layers.5.mlp,2982.24
decode,5,model.layers.5,8403.91
decode,5,model.layers.6.input_layernorm,149.218
decode,5,model.layers.6.self_attn.q_proj,425.573
decode,5,model.layers.6.self_attn.k_proj,288.281
decode,5,model.layers.6.self_attn.v_proj,294.114
decode,5,model.layers.6.self_attn.q_norm,137.292
decode,5,model.layers.6.self_attn.k_norm,170.312
decode,5,model.layers.6.self_attn.q_rope,170.781
decode,5,model.layers.6.self_attn.k_rope,154.739
decode,5,model.layers.6.self_attn.qk_matmul,401.667
decode,5,model.layers.6.self_attn.mask,160.625
decode,5,model.layers.6.self_attn.softmax,137.239
decode,5,model.layers.6.self_attn.av_matmul,389.375
decode,5,model.layers.6.self_attn.o_proj,421.562
decode,5,model.layers.6.self_attn,4512.97
decode,5,model.layers.6.post_attention_layernorm,161.771
decode,5,model.layers.6.mlp.gate_proj,920.156
decode,5,model.layers.6.mlp.act,147.344
decode,5,model.layers.6.mlp.up_proj,1003.96
decode,5,model.layers.6.mlp.down_proj,970.364
decode,5,model.layers.6.mlp,3123.28
decode,5,model.layers.6,8173.75
decode,5,model.layers.7.input_layernorm,176.094
decode,5,model.layers.7.self_attn.q_proj,406.719
decode,5,model.layers.7.self_attn.k_proj,314.531
decode,5,model.layers.7.self_attn.v_proj,276.094
decode,5,model.layers.7.self_attn.q_norm,223.75
decode,5,model.layers.7.self_attn.k_norm,157.552
decode,5,model.layers.7.self_attn.q_rope,186.875
decode,5,model.layers.7.self_attn.k_rope,191.667
decode,5,model.layers.7.self_attn.qk_matmul,396.458
decode,5,model.layers.7.self_attn.mask,158.75
decode,5,model.layers.7.self_attn.softmax,150
decode,5,model.layers.7.self_attn.av_matmul,423.385
decode,5,model.layers.7.self_attn.o_proj,424.687
decode,5,model.layers.7.self_attn,4619.06
decode,5,model.layers.7.post_attention_layernorm,157.5
decode,5,model.layers.7.mlp.gate_proj,995.104
decode,5,model.layers.7.mlp.act,164.063
decode,5,model.layers.7.mlp.up_proj,974.271
decode,5,model.layers.7.mlp.down_proj,885.781
decode,5,model.layers.7.mlp,3055
decode,5,model.layers.7,8212.5
decode,5,model.layers.8.input_layernorm,135.833
decode,5,model.layers.8.self_attn.q_proj,434.687
decode,5,model.layers.8.self_attn.k_proj,307.657
decode,5,model.layers.8.self_attn.v_proj,289.271
decode,5,model.layers.8.self_attn.q_norm,149.062
decode,5,model.layers.8.self_attn.k_norm,180.312
decode,5,model.layers.8.self_attn.q_rope,220.156
decode,5,model.layers.8.self_attn.k_rope,176.198
decode,5,model.layers.8.self_attn.qk_matmul,374.011
decode,5,model.layers.8.self_attn.mask,154.688
decode,5,model.layers.8.self_attn.softmax,191.354
decode,5,model.layers.8.self_attn.av_matmul,414.532
decode,5,model.layers.8.self_attn.o_proj,402.552
decode,5,model.layers.8.self_attn,4517.19
decode,5,model.layers.8.post_attention_layernorm,155.781
decode,5,model.layers.8.mlp.gate_proj,928.281
decode,5,model.layers.8.mlp.act,181.511
decode,5,model.layers.8.mlp.up_proj,951.355
decode,5,model.layers.8.mlp.down_proj,895.782
decode,5,model.layers.8.mlp,2991.09
decode,5,model.layers.8,8073.44
decode,5,model.layers.9.input_layernorm,178.437
decode,5,model.layers.9.self_attn.q_proj,413.489
decode,5,model.layers.9.self_attn.k_proj,273.698
decode,5,model.layers.9.self_attn.v_proj,303.229
decode,5,model.layers.9.self_attn.q_norm,158.073
decode,5,model.layers.9.self_attn.k_norm,191.458
decode,5,model.layers.9.self_attn.q_rope,179.271
decode,5,model.layers.9.self_attn.k_rope,157.083
decode,5,model.layers.9.self_attn.qk_matmul,377.76
decode,5,model.layers.9.self_attn.mask,154.688
decode,5,model.layers.9.self_attn.softmax,178.594
decode,5,model.layers.9.self_attn.av_matmul,410.052
decode,5,model.layers.9.self_attn.o_proj,421.198
decode,5,model.layers.9.self_attn,4613.28
decode,5,model.layers.9.post_attention_layernorm,173.438
decode,5,model.layers.9.mlp.gate_proj,921.25
decode,5,model.layers.9.mlp.act,177.969
decode,5,model.layers.9.mlp.up_proj,963.282
decode,5,model.layers.9.mlp.down_proj,880.781
decode,5,model.layers.9.mlp,3014.38
decode,5,model.layers.9,8192.45
decode,5,model.layers.10.input_layernorm,172.032
decode,5,model.layers.10.self_attn.q_proj,434.375
decode,5,model.layers.10.self_attn.k_proj,314.687
decode,5,model.layers.10.self_attn.v_proj,280.886
decode,5,model.layers.10.self_attn.q_norm,169.375
decode,5,model.layers.10.self_attn.k_norm,197.604
decode,5,model.layers.10.self_attn.q_rope,152.969
decode,5,model.layers.10.self_attn.k_rope,181.406
decode,5,model.layers.10.self_attn.qk_matmul,389.063
decode,5,model.layers.10.self_attn.mask,147.864
decode,5,model.layers.10.self_attn.softmax,189.948
decode,5,model.layers.10.self_attn.av_matmul,412.292
decode,5,model.layers.10.self_attn.o_proj,411.718
decode,5,model.layers.10.self_attn,4573.75
decode,5,model.layers.10.post_attention_layernorm,145.052
decode,5,model.layers.10.mlp.gate_proj,921.25
decode,5,model.layers.10.mlp.act,174.323
decode,5,model.layers.10.mlp.up_proj,924.27
decode,5,model.layers.10.mlp.down_proj,908.75
decode,5,model.layers.10.mlp,2975.47
decode,5,model.layers.10,8115.62
decode,5,model.layers.11.input_layernorm,160
decode,5,model.layers.11.self_attn.q_proj,450.417
decode,5,model.layers.11.self_attn.k_proj,270.104
decode,5,model.layers.11.self_attn.v_proj,317.395
decode,5,model.layers.11.self_attn.q_norm,211.875
decode,5,model.layers.11.self_attn.k_norm,156.562
decode,5,model.layers.11.self_attn.q_rope,155.417
decode,5,model.layers.11.self_attn.k_rope,164.219
decode,5,model.layers.11.self_attn.qk_matmul,359.375
decode,5,model.layers.11.self_attn.mask,165.573
decode,5,model.layers.11.self_attn.softmax,172.656
decode,5,model.layers.11.self_attn.av_matmul,416.823
decode,5,model.layers.11.self_attn.o_proj,417.657
decode,5,model.layers.11.self_attn,4648.54
decode,5,model.layers.11.post_attention_layernorm,158.541
decode,5,model.layers.11.mlp.gate_proj,954.844
decode,5,model.layers.11.mlp.act,151.25
decode,5,model.layers.11.mlp.up_proj,953.437
decode,5,model.layers.11.mlp.down_proj,885.52
decode,5,model.layers.11.mlp,2977.92
decode,5,model.layers.11,8188.59
decode,5,model.layers.12.input_layernorm,158.959
decode,5,model.layers.12.self_attn.q_proj,430.469
decode,5,model.layers.12.self_attn.k_proj,343.854
decode,5,model.layers.12.self_attn.v_proj,303.437
decode,5,model.layers.12.self_attn.q_norm,162.5
decode,5,model.layers.12.self_attn.k_norm,154.219
decode,5,model.layers.12.self_attn.q_rope,171.771
decode,5,model.layers.12.self_attn.k_rope,193.437
decode,5,model.layers.12.self_attn.qk_matmul,364.895
decode,5,model.layers.12.self_attn.mask,160.157
decode,5,model.layers.12.self_attn.softmax,142.031
decode,5,model.layers.12.self_attn.av_matmul,420.781
decode,5,model.layers.12.self_attn.o_proj,428.073
decode,5,model.layers.12.self_attn,4607.81
decode,5,model.layers.12.post_attention_layernorm,155.417
decode,5,model.layers.12.mlp.gate_proj,919.531
decode,5,model.layers.12.mlp.act,157.968
decode,5,model.layers.12.mlp.up_proj,950.938
decode,5,model.layers.12.mlp.down_proj,887.188
decode,5,model.layers.12.mlp,2948.65
decode,5,model.layers.12,8144.22
decode,5,model.layers.13.input_layernorm,194.531
decode,5,model.layers.13.self_attn.q_proj,445.833
decode,5,model.layers.13.self_attn.k_proj,323.073
decode,5,model.layers.13.self_attn.v_proj,294.479
decode,5,model.layers.13.self_attn.q_norm,200.886
decode,5,model.layers.13.self_attn.k_norm,156.094
decode,5,model.layers.13.self_attn.q_rope,156.875
decode,5,model.layers.13.self_attn.k_rope,201.407
decode,5,model.layers.13.self_attn.qk_matmul,359.063
decode,5,model.layers.13.self_attn.mask,135.781
decode,5,model.layers.13.self_attn.softmax,170.105
decode,5,model.layers.13.self_attn.av_matmul,425.781
decode,5,model.layers.13.self_attn.o_proj,416.927
decode,5,model.layers.13.self_attn,4482.34
decode,5,model.layers.13.post_attention_layernorm,196.51
decode,5,model.layers.13.mlp.gate_proj,964.062
decode,5,model.layers.13.mlp.act,179.636
decode,5,model.layers.13.mlp.up_proj,952.448
decode,5,model.layers.13.mlp.down_proj,941.198
decode,5,model.layers.13.mlp,3112.03
decode,5,model.layers.13,8271.41
decode,5,model.layers.14.input_layernorm,166.25
decode,5,model.layers.14.self_attn.q_proj,452.291
decode,5,model.layers.14.self_attn.k_proj,320.886
decode,5,model.layers.14.self_attn.v_proj,333.125
decode,5,model.layers.14.self_attn.q_norm,172.968
decode,5,model.layers.14.self_attn.k_norm,170.885
decode,5,model.layers.14.self_attn.q_rope,185.625
decode,5,model.layers.14.self_attn.k_rope,175.833
decode,5,model.layers.14.self_attn.qk_matmul,404.219
decode,5,model.layers.14.self_attn.mask,168.906
decode,5,model.layers.14.self_attn.softmax,150.677
decode,5,model.layers.14.self_attn.av_matmul,432.188
decode,5,model.layers.14.self_attn.o_proj,441.562
decode,5,model.layers.14.self_attn,4631.25
decode,5,model.layers.14.post_attention_layernorm,208.906
decode,5,model.layers.14.mlp.gate_proj,968.281
decode,5,model.layers.14.mlp.act,173.698
decode,5,model.layers.14.mlp.up_proj,939.375
decode,5,model.layers.14.mlp.down_proj,930.469
decode,5,model.layers.14.mlp,3049.53
decode,5,model.layers.14,8322.29
decode,5,model.layers.15.input_layernorm,188.125
decode,5,model.layers.15.self_attn.q_proj,439.063
decode,5,model.layers.15.self_attn.k_proj,307.812
decode,5,model.layers.15.self_attn.v_proj,286.25
decode,5,model.layers.15.self_attn.q_norm,168.125
decode,5,model.layers.15.self_attn.k_norm,79.844
decode,5,model.layers.15.self_attn.q_rope,183.177
decode,5,model.layers.15.self_attn.k_rope,167.969
decode,5,model.layers.15.self_attn.qk_matmul,378.021
decode,5,model.layers.15.self_attn.mask,164.218
decode,5,model.layers.15.self_attn.softmax,170.937
decode,5,model.layers.15.self_attn.av_matmul,440.833
decode,5,model.layers.15.self_attn.o_proj,497.188
decode,5,model.layers.15.self_attn,4601.2
decode,5,model.layers.15.post_attention_layernorm,183.593
decode,5,model.layers.15.mlp.gate_proj,987.344
decode,5,model.layers.15.mlp.act,169.218
decode,5,model.layers.15.mlp.up_proj,953.229
decode,5,model.layers.15.mlp.down_proj,926.927
decode,5,model.layers.15.mlp,3121.41
decode,5,model.layers.15,8360.94
decode,5,model.layers.16.input_layernorm,178.021
decode,5,model.layers.16.self_attn.q_proj,439.531
decode,5,model.layers.16.self_attn.k_proj,344.739
decode,5,model.layers.16.self_attn.v_proj,294.635
decode,5,model.layers.16.self_attn.q_norm,191.875
decode,5,model.layers.16.self_attn.k_norm,162.031
decode,5,model.layers.16.self_attn.q_rope,154.532
decode,5,model.layers.16.self_attn.k_rope,185.937
decode,5,model.layers.16.self_attn.qk_matmul,362.969
decode,5,model.layers.16.self_attn.mask,167.395
decode,5,model.layers.16.self_attn.softmax,188.489
decode,5,model.layers.16.self_attn.av_matmul,401.563
decode,5,model.layers.16.self_attn.o_proj,398.334
decode,5,model.layers.16.self_attn,4782.66
decode,5,model.layers.16.post_attention_layernorm,202.969
decode,5,model.layers.16.mlp.gate_proj,998.75
decode,5,model.layers.16.mlp.act,164.375
decode,5,model.layers.16.mlp.up_proj,932.187
decode,5,model.layers.16.mlp.down_proj,903.23
decode,5,model.layers.16.mlp,3040.83
decode,5,model.layers.16,8487.03
decode,5,model.layers.17.input_layernorm,171.042
decode,5,model.layers.17.self_attn.q_proj,445.364
decode,5,model.layers.17.self_attn.k_proj,329.218
decode,5,model.layers.17.self_attn.v_proj,295
decode,5,model.layers.17.self_attn.q_norm,183.073
decode,5,model.layers.17.self_attn.k_norm,203.958
decode,5,model.layers.17.self_attn.q_rope,172.969
decode,5,model.layers.17.self_attn.k_rope,176.927
decode,5,model.layers.17.self_attn.qk_matmul,425.052
decode,5,model.layers.17.self_attn.mask,170.833
decode,5,model.layers.17.self_attn.softmax,216.25
decode,5,model.layers.17.self_attn.av_matmul,410.26
decode,5,model.layers.17.self_attn.o_proj,422.917
decode,5,model.layers.17.self_attn,4834.38
decode,5,model.layers.17.post_attention_layernorm,184.218
decode,5,model.layers.17.mlp.gate_proj,928.646
decode,5,model.layers.17.mlp.act,195.73
decode,5,model.layers.17.mlp.up_proj,1069.06
decode,5,model.layers.17.mlp.down_proj,905.313
decode,5,model.layers.17.mlp,3153.85
decode,5,model.layers.17,8601.88
decode,5,model.layers.18.input_layernorm,240.156
decode,5,model.layers.18.self_attn.q_proj,437.031
decode,5,model.layers.18.self_attn.k_proj,341.667
decode,5,model.layers.18.self_attn.v_proj,325.625
decode,5,model.layers.18.self_attn.q_norm,148.125
decode,5,model.layers.18.self_attn.k_norm,213.438
decode,5,model.layers.18.self_attn.q_rope,191.719
decode,5,model.layers.18.self_attn.k_rope,200.938
decode,5,model.layers.18.self_attn.qk_matmul,499.375
decode,5,model.layers.18.self_attn.mask,175.313
decode,5,model.layers.18.self_attn.softmax,164.427
decode,5,model.layers.18.self_attn.av_matmul,427.969
decode,5,model.layers.18.self_attn.o_proj,421.407
decode,5,model.layers.18.self_attn,5119.32
decode,5,model.layers.18.post_attention_layernorm,181.719
decode,5,model.layers.18.mlp.gate_proj,956.25
decode,5,model.layers.18.mlp.act,173.594
decode,5,model.layers.18.mlp.up_proj,960.104
decode,5,model.layers.18.mlp.down_proj,888.333
decode,5,model.layers.18.mlp,3061.46
decode,5,model.layers.18,8910
decode,5,model.layers.19.input_layernorm,235.364
decode,5,model.layers.19.self_attn.q_proj,437.032
decode,5,model.layers.19.self_attn.k_proj,329.844
decode,5,model.layers.19.self_attn.v_proj,291.719
decode,5,model.layers.19.self_attn.q_norm,181.511
decode,5,model.layers.19.self_attn.k_norm,210.312
decode,5,model.layers.19.self_attn.q_rope,200.26
decode,5,model.layers.19.self_attn.k_rope,216.146
decode,5,model.layers.19.self_attn.qk_matmul,424.063
decode,5,model.layers.19.self_attn.mask,163.438
decode,5,model.layers.19.self_attn.softmax,206.615
decode,5,model.layers.19.self_attn.av_matmul,444.115
decode,5,model.layers.19.self_attn.o_proj,415.782
decode,5,model.layers.19.self_attn,4997.81
decode,5,model.layers.19.post_attention_layernorm,173.333
decode,5,model.layers.19.mlp.gate_proj,924.635
decode,5,model.layers.19.mlp.act,183.125
decode,5,model.layers.19.mlp.up_proj,965.781
decode,5,model.layers.19.mlp.down_proj,919.48
decode,5,model.layers.19.mlp,3033.96
decode,5,model.layers.19,8761.09
decode,5,model.layers.20.input_layernorm,179.01
decode,5,model.layers.20.self_attn.q_proj,470.469
decode,5,model.layers.20.self_attn.k_proj,305.104
decode,5,model.layers.20.self_attn.v_proj,417.135
decode,5,model.layers.20.self_attn.q_norm,163.542
decode,5,model.layers.20.self_attn.k_norm,218.281
decode,5,model.layers.20.self_attn.q_rope,192.5
decode,5,model.layers.20.self_attn.k_rope,204.531
decode,5,model.layers.20.self_attn.qk_matmul,389.167
decode,5,model.layers.20.self_attn.mask,172.396
decode,5,model.layers.20.self_attn.softmax,237.812
decode,5,model.layers.20.self_attn.av_matmul,411.093
decode,5,model.layers.20.self_attn.o_proj,443.959
decode,5,model.layers.20.self_attn,5088.75
decode,5,model.layers.20.post_attention_layernorm,179.375
decode,5,model.layers.20.mlp.gate_proj,957.5
decode,5,model.layers.20.mlp.act,149.115
decode,5,model.layers.20.mlp.up_proj,976.458
decode,5,model.layers.20.mlp.down_proj,912.5
decode,5,model.layers.20.mlp,3077.86
decode,5,model.layers.20,8809.69
decode,5,model.layers.21.input_layernorm,252.605
decode,5,model.layers.21.self_attn.q_proj,448.125
decode,5,model.layers.21.self_attn.k_proj,302.448
decode,5,model.layers.21.self_attn.v_proj,348.75
decode,5,model.layers.21.self_attn.q_norm,218.489
decode,5,model.layers.21.self_attn.k_norm,151.614
decode,5,model.layers.21.self_attn.q_rope,183.23
decode,5,model.layers.21.self_attn.k_rope,231.562
decode,5,model.layers.21.self_attn.qk_matmul,375.313
decode,5,model.layers.21.self_attn.mask,169.375
decode,5,model.layers.21.self_attn.softmax,231.302
decode,5,model.layers.21.self_attn.av_matmul,476.615
decode,5,model.layers.21.self_attn.o_proj,414.011
decode,5,model.layers.21.self_attn,5092.03
decode,5,model.layers.21.post_attention_layernorm,194.896
decode,5,model.layers.21.mlp.gate_proj,976.458
decode,5,model.layers.21.mlp.act,154.063
decode,5,model.layers.21.mlp.up_proj,954.166
decode,5,model.layers.21.mlp.down_proj,914.062
decode,5,model.layers.21.mlp,3079.43
decode,5,model.layers.21,8848.07
decode,5,model.layers.22.input_layernorm,183.281
decode,5,model.layers.22.self_attn.q_proj,462.031
decode,5,model.layers.22.self_attn.k_proj,282.188
decode,5,model.layers.22.self_attn.v_proj,337.5
decode,5,model.layers.22.self_attn.q_norm,202.031
decode,5,model.layers.22.self_attn.k_norm,177.187
decode,5,model.layers.22.self_attn.q_rope,185.156
decode,5,model.layers.22.self_attn.k_rope,165.938
decode,5,model.layers.22.self_attn.qk_matmul,602.761
decode,5,model.layers.22.self_attn.mask,177.344
decode,5,model.layers.22.self_attn.softmax,226.51
decode,5,model.layers.22.self_attn.av_matmul,427.188
decode,5,model.layers.22.self_attn.o_proj,417.657
decode,5,model.layers.22.self_attn,5286.93
decode,5,model.layers.22.post_attention_layernorm,161.719
decode,5,model.layers.22.mlp.gate_proj,941.563
decode,5,model.layers.22.mlp.act,230.625
decode,5,model.layers.22.mlp.up_proj,972.083
decode,5,model.layers.22.mlp.down_proj,902.657
decode,5,model.layers.22.mlp,3093.91
decode,5,model.layers.22,9000.16
decode,5,model.layers.23.input_layernorm,153.437
decode,5,model.layers.23.self_attn.q_proj,414.479
decode,5,model.layers.23.self_attn.k_proj,335.156
decode,5,model.layers.23.self_attn.v_proj,329.636
decode,5,model.layers.23.self_attn.q_norm,169.948
decode,5,model.layers.23.self_attn.k_norm,181.823
decode,5,model.layers.23.self_attn.q_rope,184.688
decode,5,model.layers.23.self_attn.k_rope,183.125
decode,5,model.layers.23.self_attn.qk_matmul,426.875
decode,5,model.layers.23.self_attn.mask,172.031
decode,5,model.layers.23.self_attn.softmax,226.563
decode,5,model.layers.23.self_attn.av_matmul,427.709
decode,5,model.layers.23.self_attn.o_proj,498.593
decode,5,model.layers.23.self_attn,4977.19
decode,5,model.layers.23.post_attention_layernorm,188.438
decode,5,model.layers.23.mlp.gate_proj,984.739
decode,5,model.layers.23.mlp.act,161.667
decode,5,model.layers.23.mlp.up_proj,939.531
decode,5,model.layers.23.mlp.down_proj,907.395
decode,5,model.layers.23.mlp,3063.85
decode,5,model.layers.23,8657.6
decode,5,model.layers.24.input_layernorm,160.938
decode,5,model.layers.24.self_attn.q_proj,461.146
decode,5,model.layers.24.self_attn.k_proj,351.719
decode,5,model.layers.24.self_attn.v_proj,270.937
decode,5,model.layers.24.self_attn.q_norm,214.687
decode,5,model.layers.24.self_attn.k_norm,161.719
decode,5,model.layers.24.self_attn.q_rope,163.906
decode,5,model.layers.24.self_attn.k_rope,174.427
decode,5,model.layers.24.self_attn.qk_matmul,379.063
decode,5,model.layers.24.self_attn.mask,185.833
decode,5,model.layers.24.self_attn.softmax,200
decode,5,model.layers.24.self_attn.av_matmul,406.146
decode,5,model.layers.24.self_attn.o_proj,410
decode,5,model.layers.24.self_attn,4849.43
decode,5,model.layers.24.post_attention_layernorm,216.094
decode,5,model.layers.24.mlp.gate_proj,945.104
decode,5,model.layers.24.mlp.act,207.031
decode,5,model.layers.24.mlp.up_proj,1065.16
decode,5,model.layers.24.mlp.down_proj,910.208
decode,5,model.layers.24.mlp,3168.28
decode,5,model.layers.24,8718.28
decode,5,model.layers.25.input_layernorm,172.813
decode,5,model.layers.25.self_attn.q_proj,459.011
decode,5,model.layers.25.self_attn.k_proj,325.052
decode,5,model.layers.25.self_attn.v_proj,319.375
decode,5,model.layers.25.self_attn.q_norm,172.552
decode,5,model.layers.25.self_attn.k_norm,203.698
decode,5,model.layers.25.self_attn.q_rope,187.083
decode,5,model.layers.25.self_attn.k_rope,193.698
decode,5,model.layers.25.self_attn.qk_matmul,393.281
decode,5,model.layers.25.self_attn.mask,277.031
decode,5,model.layers.25.self_attn.softmax,155.469
decode,5,model.layers.25.self_attn.av_matmul,438.334
decode,5,model.layers.25.self_attn.o_proj,412.032
decode,5,model.layers.25.self_attn,4945.62
decode,5,model.layers.25.post_attention_layernorm,160.364
decode,5,model.layers.25.mlp.gate_proj,937.448
decode,5,model.layers.25.mlp.act,155.73
decode,5,model.layers.25.mlp.up_proj,990.468
decode,5,model.layers.25.mlp.down_proj,900.312
decode,5,model.layers.25.mlp,3357.03
decode,5,model.layers.25,9147.81
decode,5,model.layers.26.input_layernorm,174.427
decode,5,model.layers.26.self_attn.q_proj,470.208
decode,5,model.layers.26.self_attn.k_proj,307.968
decode,5,model.layers.26.self_attn.v_proj,277.344
decode,5,model.layers.26.self_attn.q_norm,231.563
decode,5,model.layers.26.self_attn.k_norm,189.218
decode,5,model.layers.26.self_attn.q_rope,200.26
decode,5,model.layers.26.self_attn.k_rope,202.083
decode,5,model.layers.26.self_attn.qk_matmul,505.104
decode,5,model.layers.26.self_attn.mask,170.468
decode,5,model.layers.26.self_attn.softmax,209.375
decode,5,model.layers.26.self_attn.av_matmul,415.938
decode,5,model.layers.26.self_attn.o_proj,436.771
decode,5,model.layers.26.self_attn,5078.59
decode,5,model.layers.26.post_attention_layernorm,162.968
decode,5,model.layers.26.mlp.gate_proj,932.5
decode,5,model.layers.26.mlp.act,218.854
decode,5,model.layers.26.mlp.up_proj,976.875
decode,5,model.layers.26.mlp.down_proj,959.375
decode,5,model.layers.26.mlp,3168.91
decode,5,model.layers.26,8858.44
decode,5,model.layers.27.input_layernorm,211.875
decode,5,model.layers.27.self_attn.q_proj,425.99
decode,5,model.layers.27.self_attn.k_proj,287.656
decode,5,model.layers.27.self_attn.v_proj,320.677
decode,5,model.layers.27.self_attn.q_norm,196.25
decode,5,model.layers.27.self_attn.k_norm,182.083
decode,5,model.layers.27.self_attn.q_rope,186.25
decode,5,model.layers.27.self_attn.k_rope,186.875
decode,5,model.layers.27.self_attn.qk_matmul,369.948
decode,5,model.layers.27.self_attn.mask,167.396
decode,5,model.layers.27.self_attn.softmax,216.406
decode,5,model.layers.27.self_attn.av_matmul,431.562
decode,5,model.layers.27.self_attn.o_proj,435.313
decode,5,model.layers.27.self_attn,4872.19
decode,5,model.layers.27.post_attention_layernorm,173.542
decode,5,model.layers.27.mlp.gate_proj,952.343
decode,5,model.layers.27.mlp.act,164.74
decode,5,model.layers.27.mlp.up_proj,937.5
decode,5,model.layers.27.mlp.down_proj,914.062
decode,5,model.layers.27.mlp,3040.16
decode,5,model.layers.27,8611.56
decode,5,model.norm,154.843
decode,5,model,237728
decode,5,lm_head_out,97611.2
decode,5,model.embed_tokens,7.396
decode,6,model.layers.0.input_layernorm,4712.81
decode,6,model.layers.0.self_attn.q_proj,374.635
decode,6,model.layers.0.self_attn.k_proj,250.937
decode,6,model.layers.0.self_attn.v_proj,256.719
decode,6,model.layers.0.self_attn.q_norm,106.771
decode,6,model.layers.0.self_attn.k_norm,112.864
decode,6,model.layers.0.self_attn.q_rope,132.552
decode,6,model.layers.0.self_attn.k_rope,130.313
decode,6,model.layers.0.self_attn.qk_matmul,357.657
decode,6,model.layers.0.self_attn.mask,123.282
decode,6,model.layers.0.self_attn.softmax,129.375
decode,6,model.layers.0.self_attn.av_matmul,366.875
decode,6,model.layers.0.self_attn.o_proj,366.459
decode,6,model.layers.0.self_attn,3453.75
decode,6,model.layers.0.post_attention_layernorm,118.698
decode,6,model.layers.0.mlp.gate_proj,840.052
decode,6,model.layers.0.mlp.act,110.104
decode,6,model.layers.0.mlp.up_proj,840.156
decode,6,model.layers.0.mlp.down_proj,791.354
decode,6,model.layers.0.mlp,2608.96
decode,6,model.layers.0,11044.4
decode,6,model.layers.1.input_layernorm,111.459
decode,6,model.layers.1.self_attn.q_proj,360.157
decode,6,model.layers.1.self_attn.k_proj,228.75
decode,6,model.layers.1.self_attn.v_proj,229.843
decode,6,model.layers.1.self_attn.q_norm,129.323
decode,6,model.layers.1.self_attn.k_norm,115.625
decode,6,model.layers.1.self_attn.q_rope,124.635
decode,6,model.layers.1.self_attn.k_rope,117.344
decode,6,model.layers.1.self_attn.qk_matmul,346.927
decode,6,model.layers.1.self_attn.mask,109.428
decode,6,model.layers.1.self_attn.softmax,130.156
decode,6,model.layers.1.self_attn.av_matmul,381.459
decode,6,model.layers.1.self_attn.o_proj,400.364
decode,6,model.layers.1.self_attn,3425.21
decode,6,model.layers.1.post_attention_layernorm,136.25
decode,6,model.layers.1.mlp.gate_proj,869.375
decode,6,model.layers.1.mlp.act,123.594
decode,6,model.layers.1.mlp.up_proj,857.656
decode,6,model.layers.1.mlp.down_proj,785.416
decode,6,model.layers.1.mlp,2655.99
decode,6,model.layers.1,6521.56
decode,6,model.layers.2.input_layernorm,132.344
decode,6,model.layers.2.self_attn.q_proj,359.375
decode,6,model.layers.2.self_attn.k_proj,258.541
decode,6,model.layers.2.self_attn.v_proj,258.386
decode,6,model.layers.2.self_attn.q_norm,109.219
decode,6,model.layers.2.self_attn.k_norm,110.625
decode,6,model.layers.2.self_attn.q_rope,142.708
decode,6,model.layers.2.self_attn.k_rope,119.062
decode,6,model.layers.2.self_attn.qk_matmul,348.854
decode,6,model.layers.2.self_attn.mask,136.041
decode,6,model.layers.2.self_attn.softmax,143.229
decode,6,model.layers.2.self_attn.av_matmul,366.093
decode,6,model.layers.2.self_attn.o_proj,368.437
decode,6,model.layers.2.self_attn,3600.99
decode,6,model.layers.2.post_attention_layernorm,120.313
decode,6,model.layers.2.mlp.gate_proj,880
decode,6,model.layers.2.mlp.act,114.896
decode,6,model.layers.2.mlp.up_proj,884.74
decode,6,model.layers.2.mlp.down_proj,817.135
decode,6,model.layers.2.mlp,2716.72
decode,6,model.layers.2,6754.38
decode,6,model.layers.3.input_layernorm,130.208
decode,6,model.layers.3.self_attn.q_proj,377.604
decode,6,model.layers.3.self_attn.k_proj,240.26
decode,6,model.layers.3.self_attn.v_proj,263.958
decode,6,model.layers.3.self_attn.q_norm,119.062
decode,6,model.layers.3.self_attn.k_norm,126.771
decode,6,model.layers.3.self_attn.q_rope,126.719
decode,6,model.layers.3.self_attn.k_rope,141.614
decode,6,model.layers.3.self_attn.qk_matmul,341.875
decode,6,model.layers.3.self_attn.mask,118.803
decode,6,model.layers.3.self_attn.softmax,144.531
decode,6,model.layers.3.self_attn.av_matmul,381.875
decode,6,model.layers.3.self_attn.o_proj,358.282
decode,6,model.layers.3.self_attn,3557.08
decode,6,model.layers.3.post_attention_layernorm,140.469
decode,6,model.layers.3.mlp.gate_proj,883.281
decode,6,model.layers.3.mlp.act,134.896
decode,6,model.layers.3.mlp.up_proj,860.104
decode,6,model.layers.3.mlp.down_proj,816.093
decode,6,model.layers.3.mlp,2727.03
decode,6,model.layers.3,6733.75
decode,6,model.layers.4.input_layernorm,123.125
decode,6,model.layers.4.self_attn.q_proj,369.844
decode,6,model.layers.4.self_attn.k_proj,240.625
decode,6,model.layers.4.self_attn.v_proj,307.968
decode,6,model.layers.4.self_attn.q_norm,159.844
decode,6,model.layers.4.self_attn.k_norm,172.812
decode,6,model.layers.4.self_attn.q_rope,180.052
decode,6,model.layers.4.self_attn.k_rope,133.75
decode,6,model.layers.4.self_attn.qk_matmul,375.625
decode,6,model.layers.4.self_attn.mask,154.584
decode,6,model.layers.4.self_attn.softmax,202.24
decode,6,model.layers.4.self_attn.av_matmul,422.188
decode,6,model.layers.4.self_attn.o_proj,385.937
decode,6,model.layers.4.self_attn,3999.69
decode,6,model.layers.4.post_attention_layernorm,152.656
decode,6,model.layers.4.mlp.gate_proj,883.906
decode,6,model.layers.4.mlp.act,153.073
decode,6,model.layers.4.mlp.up_proj,878.438
decode,6,model.layers.4.mlp.down_proj,824.115
decode,6,model.layers.4.mlp,2771.15
decode,6,model.layers.4,7227.19
decode,6,model.layers.5.input_layernorm,145.885
decode,6,model.layers.5.self_attn.q_proj,409.218
decode,6,model.layers.5.self_attn.k_proj,279.948
decode,6,model.layers.5.self_attn.v_proj,277.135
decode,6,model.layers.5.self_attn.q_norm,148.906
decode,6,model.layers.5.self_attn.k_norm,150.625
decode,6,model.layers.5.self_attn.q_rope,144.687
decode,6,model.layers.5.self_attn.k_rope,191.094
decode,6,model.layers.5.self_attn.qk_matmul,353.437
decode,6,model.layers.5.self_attn.mask,148.854
decode,6,model.layers.5.self_attn.softmax,133.646
decode,6,model.layers.5.self_attn.av_matmul,397.396
decode,6,model.layers.5.self_attn.o_proj,399.74
decode,6,model.layers.5.self_attn,3875.47
decode,6,model.layers.5.post_attention_layernorm,138.802
decode,6,model.layers.5.mlp.gate_proj,895.625
decode,6,model.layers.5.mlp.act,138.594
decode,6,model.layers.5.mlp.up_proj,892.709
decode,6,model.layers.5.mlp.down_proj,805.416
decode,6,model.layers.5.mlp,2757.81
decode,6,model.layers.5,7105.47
decode,6,model.layers.6.input_layernorm,160.781
decode,6,model.layers.6.self_attn.q_proj,398.177
decode,6,model.layers.6.self_attn.k_proj,295.469
decode,6,model.layers.6.self_attn.v_proj,278.281
decode,6,model.layers.6.self_attn.q_norm,147.5
decode,6,model.layers.6.self_attn.k_norm,135.781
decode,6,model.layers.6.self_attn.q_rope,154.322
decode,6,model.layers.6.self_attn.k_rope,136.146
decode,6,model.layers.6.self_attn.qk_matmul,385.156
decode,6,model.layers.6.self_attn.mask,163.125
decode,6,model.layers.6.self_attn.softmax,195.469
decode,6,model.layers.6.self_attn.av_matmul,455.469
decode,6,model.layers.6.self_attn.o_proj,393.959
decode,6,model.layers.6.self_attn,3999.38
decode,6,model.layers.6.post_attention_layernorm,166.458
decode,6,model.layers.6.mlp.gate_proj,915.99
decode,6,model.layers.6.mlp.act,128.75
decode,6,model.layers.6.mlp.up_proj,912.552
decode,6,model.layers.6.mlp.down_proj,821.511
decode,6,model.layers.6.mlp,2816.25
decode,6,model.layers.6,7397.34
decode,6,model.layers.7.input_layernorm,152.031
decode,6,model.layers.7.self_attn.q_proj,442.031
decode,6,model.layers.7.self_attn.k_proj,297.291
decode,6,model.layers.7.self_attn.v_proj,293.334
decode,6,model.layers.7.self_attn.q_norm,138.907
decode,6,model.layers.7.self_attn.k_norm,173.594
decode,6,model.layers.7.self_attn.q_rope,156.875
decode,6,model.layers.7.self_attn.k_rope,212.188
decode,6,model.layers.7.self_attn.qk_matmul,367.188
decode,6,model.layers.7.self_attn.mask,140
decode,6,model.layers.7.self_attn.softmax,142.5
decode,6,model.layers.7.self_attn.av_matmul,405.156
decode,6,model.layers.7.self_attn.o_proj,406.25
decode,6,model.layers.7.self_attn,4541.3
decode,6,model.layers.7.post_attention_layernorm,155.104
decode,6,model.layers.7.mlp.gate_proj,925.938
decode,6,model.layers.7.mlp.act,174.271
decode,6,model.layers.7.mlp.up_proj,937.344
decode,6,model.layers.7.mlp.down_proj,888.125
decode,6,model.layers.7.mlp,2959.84
decode,6,model.layers.7,8091.72
decode,6,model.layers.8.input_layernorm,150.26
decode,6,model.layers.8.self_attn.q_proj,442.344
decode,6,model.layers.8.self_attn.k_proj,330.781
decode,6,model.layers.8.self_attn.v_proj,293.75
decode,6,model.layers.8.self_attn.q_norm,161.146
decode,6,model.layers.8.self_attn.k_norm,152.084
decode,6,model.layers.8.self_attn.q_rope,152.969
decode,6,model.layers.8.self_attn.k_rope,160.885
decode,6,model.layers.8.self_attn.qk_matmul,391.093
decode,6,model.layers.8.self_attn.mask,167.135
decode,6,model.layers.8.self_attn.softmax,196.562
decode,6,model.layers.8.self_attn.av_matmul,403.229
decode,6,model.layers.8.self_attn.o_proj,401.875
decode,6,model.layers.8.self_attn,4592.81
decode,6,model.layers.8.post_attention_layernorm,147.865
decode,6,model.layers.8.mlp.gate_proj,909.896
decode,6,model.layers.8.mlp.act,151.407
decode,6,model.layers.8.mlp.up_proj,935.885
decode,6,model.layers.8.mlp.down_proj,907.031
decode,6,model.layers.8.mlp,2944.84
decode,6,model.layers.8,8071.25
decode,6,model.layers.9.input_layernorm,205.313
decode,6,model.layers.9.self_attn.q_proj,420
decode,6,model.layers.9.self_attn.k_proj,302.656
decode,6,model.layers.9.self_attn.v_proj,311.146
decode,6,model.layers.9.self_attn.q_norm,162.396
decode,6,model.layers.9.self_attn.k_norm,150
decode,6,model.layers.9.self_attn.q_rope,178.281
decode,6,model.layers.9.self_attn.k_rope,178.854
decode,6,model.layers.9.self_attn.qk_matmul,360.989
decode,6,model.layers.9.self_attn.mask,147.344
decode,6,model.layers.9.self_attn.softmax,196.823
decode,6,model.layers.9.self_attn.av_matmul,449.479
decode,6,model.layers.9.self_attn.o_proj,436.406
decode,6,model.layers.9.self_attn,4484.38
decode,6,model.layers.9.post_attention_layernorm,155
decode,6,model.layers.9.mlp.gate_proj,923.021
decode,6,model.layers.9.mlp.act,165.469
decode,6,model.layers.9.mlp.up_proj,999.167
decode,6,model.layers.9.mlp.down_proj,905.99
decode,6,model.layers.9.mlp,3031.98
decode,6,model.layers.9,8096.93
decode,6,model.layers.10.input_layernorm,153.75
decode,6,model.layers.10.self_attn.q_proj,455.157
decode,6,model.layers.10.self_attn.k_proj,274.532
decode,6,model.layers.10.self_attn.v_proj,314.062
decode,6,model.layers.10.self_attn.q_norm,197.656
decode,6,model.layers.10.self_attn.k_norm,142.812
decode,6,model.layers.10.self_attn.q_rope,163.281
decode,6,model.layers.10.self_attn.k_rope,140.416
decode,6,model.layers.10.self_attn.qk_matmul,574.218
decode,6,model.layers.10.self_attn.mask,164.375
decode,6,model.layers.10.self_attn.softmax,151.459
decode,6,model.layers.10.self_attn.av_matmul,428.906
decode,6,model.layers.10.self_attn.o_proj,428.802
decode,6,model.layers.10.self_attn,4960.47
decode,6,model.layers.10.post_attention_layernorm,173.75
decode,6,model.layers.10.mlp.gate_proj,958.594
decode,6,model.layers.10.mlp.act,152.031
decode,6,model.layers.10.mlp.up_proj,940.99
decode,6,model.layers.10.mlp.down_proj,951.406
decode,6,model.layers.10.mlp,3073.75
decode,6,model.layers.10,8556.25
decode,6,model.layers.11.input_layernorm,173.594
decode,6,model.layers.11.self_attn.q_proj,439.322
decode,6,model.layers.11.self_attn.k_proj,288.385
decode,6,model.layers.11.self_attn.v_proj,295.104
decode,6,model.layers.11.self_attn.q_norm,181.562
decode,6,model.layers.11.self_attn.k_norm,153.697
decode,6,model.layers.11.self_attn.q_rope,171.042
decode,6,model.layers.11.self_attn.k_rope,179.063
decode,6,model.layers.11.self_attn.qk_matmul,386.146
decode,6,model.layers.11.self_attn.mask,141.042
decode,6,model.layers.11.self_attn.softmax,178.021
decode,6,model.layers.11.self_attn.av_matmul,392.083
decode,6,model.layers.11.self_attn.o_proj,392.083
decode,6,model.layers.11.self_attn,4591.15
decode,6,model.layers.11.post_attention_layernorm,144.844
decode,6,model.layers.11.mlp.gate_proj,934.427
decode,6,model.layers.11.mlp.act,128.542
decode,6,model.layers.11.mlp.up_proj,979.219
decode,6,model.layers.11.mlp.down_proj,888.854
decode,6,model.layers.11.mlp,2972.76
decode,6,model.layers.11,8081.56
decode,6,model.layers.12.input_layernorm,156.823
decode,6,model.layers.12.self_attn.q_proj,398.229
decode,6,model.layers.12.self_attn.k_proj,309.844
decode,6,model.layers.12.self_attn.v_proj,362.5
decode,6,model.layers.12.self_attn.q_norm,148.178
decode,6,model.layers.12.self_attn.k_norm,173.281
decode,6,model.layers.12.self_attn.q_rope,167.969
decode,6,model.layers.12.self_attn.k_rope,135.937
decode,6,model.layers.12.self_attn.qk_matmul,383.906
decode,6,model.layers.12.self_attn.mask,201.094
decode,6,model.layers.12.self_attn.softmax,177.188
decode,6,model.layers.12.self_attn.av_matmul,445.625
decode,6,model.layers.12.self_attn.o_proj,418.907
decode,6,model.layers.12.self_attn,4968.28
decode,6,model.layers.12.post_attention_layernorm,164.843
decode,6,model.layers.12.mlp.gate_proj,987.292
decode,6,model.layers.12.mlp.act,146.979
decode,6,model.layers.12.mlp.up_proj,934.531
decode,6,model.layers.12.mlp.down_proj,897.031
decode,6,model.layers.12.mlp,3048.54
decode,6,model.layers.12,8609.06
decode,6,model.layers.13.input_layernorm,210.156
decode,6,model.layers.13.self_attn.q_proj,421.875
decode,6,model.layers.13.self_attn.k_proj,318.593
decode,6,model.layers.13.self_attn.v_proj,330.625
decode,6,model.layers.13.self_attn.q_norm,175.469
decode,6,model.layers.13.self_attn.k_norm,161.823
decode,6,model.layers.13.self_attn.q_rope,195
decode,6,model.layers.13.self_attn.k_rope,180.938
decode,6,model.layers.13.self_attn.qk_matmul,611.563
decode,6,model.layers.13.self_attn.mask,193.593
decode,6,model.layers.13.self_attn.softmax,209.219
decode,6,model.layers.13.self_attn.av_matmul,419.062
decode,6,model.layers.13.self_attn.o_proj,412.656
decode,6,model.layers.13.self_attn,5424.69
decode,6,model.layers.13.post_attention_layernorm,184.375
decode,6,model.layers.13.mlp.gate_proj,953.75
decode,6,model.layers.13.mlp.act,180
decode,6,model.layers.13.mlp.up_proj,951.719
decode,6,model.layers.13.mlp.down_proj,908.125
decode,6,model.layers.13.mlp,3035.16
decode,6,model.layers.13,9202.5
decode,6,model.layers.14.input_layernorm,191.093
decode,6,model.layers.14.self_attn.q_proj,511.979
decode,6,model.layers.14.self_attn.k_proj,401.875
decode,6,model.layers.14.self_attn.v_proj,330.365
decode,6,model.layers.14.self_attn.q_norm,163.333
decode,6,model.layers.14.self_attn.k_norm,155.417
decode,6,model.layers.14.self_attn.q_rope,198.854
decode,6,model.layers.14.self_attn.k_rope,151.562
decode,6,model.layers.14.self_attn.qk_matmul,397.083
decode,6,model.layers.14.self_attn.mask,209.427
decode,6,model.layers.14.self_attn.softmax,200.938
decode,6,model.layers.14.self_attn.av_matmul,537.968
decode,6,model.layers.14.self_attn.o_proj,461.25
decode,6,model.layers.14.self_attn,5186.56
decode,6,model.layers.14.post_attention_layernorm,231.875
decode,6,model.layers.14.mlp.gate_proj,964.687
decode,6,model.layers.14.mlp.act,169.219
decode,6,model.layers.14.mlp.up_proj,954.063
decode,6,model.layers.14.mlp.down_proj,948.75
decode,6,model.layers.14.mlp,3081.88
decode,6,model.layers.14,8954.79
decode,6,model.layers.15.input_layernorm,150.416
decode,6,model.layers.15.self_attn.q_proj,449.792
decode,6,model.layers.15.self_attn.k_proj,300.156
decode,6,model.layers.15.self_attn.v_proj,312.5
decode,6,model.layers.15.self_attn.q_norm,191.979
decode,6,model.layers.15.self_attn.k_norm,143.75
decode,6,model.layers.15.self_attn.q_rope,208.698
decode,6,model.layers.15.self_attn.k_rope,179.114
decode,6,model.layers.15.self_attn.qk_matmul,320.313
decode,6,model.layers.15.self_attn.mask,195.729
decode,6,model.layers.15.self_attn.softmax,203.646
decode,6,model.layers.15.self_attn.av_matmul,457.188
decode,6,model.layers.15.self_attn.o_proj,461.823
decode,6,model.layers.15.self_attn,4895.21
decode,6,model.layers.15.post_attention_layernorm,200.833
decode,6,model.layers.15.mlp.gate_proj,964.74
decode,6,model.layers.15.mlp.act,96.667
decode,6,model.layers.15.mlp.up_proj,1036.56
decode,6,model.layers.15.mlp.down_proj,961.979
decode,6,model.layers.15.mlp,3161.77
decode,6,model.layers.15,8682.5
decode,6,model.layers.16.input_layernorm,270.156
decode,6,model.layers.16.self_attn.q_proj,465.938
decode,6,model.layers.16.self_attn.k_proj,306.823
decode,6,model.layers.16.self_attn.v_proj,365
decode,6,model.layers.16.self_attn.q_norm,186.094
decode,6,model.layers.16.self_attn.k_norm,234.688
decode,6,model.layers.16.self_attn.q_rope,201.979
decode,6,model.layers.16.self_attn.k_rope,199.219
decode,6,model.layers.16.self_attn.qk_matmul,421.719
decode,6,model.layers.16.self_attn.mask,193.385
decode,6,model.layers.16.self_attn.softmax,267.344
decode,6,model.layers.16.self_attn.av_matmul,445.885
decode,6,model.layers.16.self_attn.o_proj,478.125
decode,6,model.layers.16.self_attn,5839.06
decode,6,model.layers.16.post_attention_layernorm,367.656
decode,6,model.layers.16.mlp.gate_proj,1238.28
decode,6,model.layers.16.mlp.act,220.677
decode,6,model.layers.16.mlp.up_proj,938.646
decode,6,model.layers.16.mlp.down_proj,937.448
decode,6,model.layers.16.mlp,3427.03
decode,6,model.layers.16,10222.3
decode,6,model.layers.17.input_layernorm,196.042
decode,6,model.layers.17.self_attn.q_proj,428.125
decode,6,model.layers.17.self_attn.k_proj,398.177
decode,6,model.layers.17.self_attn.v_proj,337.344
decode,6,model.layers.17.self_attn.q_norm,204.688
decode,6,model.layers.17.self_attn.k_norm,186.406
decode,6,model.layers.17.self_attn.q_rope,226.875
decode,6,model.layers.17.self_attn.k_rope,106.563
decode,6,model.layers.17.self_attn.qk_matmul,433.698
decode,6,model.layers.17.self_attn.mask,191.042
decode,6,model.layers.17.self_attn.softmax,164.219
decode,6,model.layers.17.self_attn.av_matmul,419.271
decode,6,model.layers.17.self_attn.o_proj,447.344
decode,6,model.layers.17.self_attn,5593.12
decode,6,model.layers.17.post_attention_layernorm,187.813
decode,6,model.layers.17.mlp.gate_proj,968.437
decode,6,model.layers.17.mlp.act,217.292
decode,6,model.layers.17.mlp.up_proj,995.573
decode,6,model.layers.17.mlp.down_proj,923.541
decode,6,model.layers.17.mlp,3205.47
decode,6,model.layers.17,9486.61
decode,6,model.layers.18.input_layernorm,194.375
decode,6,model.layers.18.self_attn.q_proj,508.75
decode,6,model.layers.18.self_attn.k_proj,337.292
decode,6,model.layers.18.self_attn.v_proj,359.062
decode,6,model.layers.18.self_attn.q_norm,192.135
decode,6,model.layers.18.self_attn.k_norm,231.354
decode,6,model.layers.18.self_attn.q_rope,191.51
decode,6,model.layers.18.self_attn.k_rope,204.375
decode,6,model.layers.18.self_attn.qk_matmul,405.625
decode,6,model.layers.18.self_attn.mask,181.823
decode,6,model.layers.18.self_attn.softmax,240.625
decode,6,model.layers.18.self_attn.av_matmul,457.76
decode,6,model.layers.18.self_attn.o_proj,445.625
decode,6,model.layers.18.self_attn,5821.98
decode,6,model.layers.18.post_attention_layernorm,160.73
decode,6,model.layers.18.mlp.gate_proj,1000.52
decode,6,model.layers.18.mlp.act,194.74
decode,6,model.layers.18.mlp.up_proj,989.896
decode,6,model.layers.18.mlp.down_proj,938.437
decode,6,model.layers.18.mlp,3179.69
decode,6,model.layers.18,9642.66
decode,6,model.layers.19.input_layernorm,306.25
decode,6,model.layers.19.self_attn.q_proj,509.687
decode,6,model.layers.19.self_attn.k_proj,333.125
decode,6,model.layers.19.self_attn.v_proj,431.406
decode,6,model.layers.19.self_attn.q_norm,181.875
decode,6,model.layers.19.self_attn.k_norm,249.844
decode,6,model.layers.19.self_attn.q_rope,194.844
decode,6,model.layers.19.self_attn.k_rope,243.958
decode,6,model.layers.19.self_attn.qk_matmul,399.531
decode,6,model.layers.19.self_attn.mask,196.302
decode,6,model.layers.19.self_attn.softmax,245.938
decode,6,model.layers.19.self_attn.av_matmul,492.656
decode,6,model.layers.19.self_attn.o_proj,421.719
decode,6,model.layers.19.self_attn,5778.59
decode,6,model.layers.19.post_attention_layernorm,183.854
decode,6,model.layers.19.mlp.gate_proj,991.406
decode,6,model.layers.19.mlp.act,239.427
decode,6,model.layers.19.mlp.up_proj,1049.06
decode,6,model.layers.19.mlp.down_proj,930.781
decode,6,model.layers.19.mlp,3266.56
decode,6,model.layers.19,9770.47
decode,6,model.layers.20.input_layernorm,200.625
decode,6,model.layers.20.self_attn.q_proj,488.593
decode,6,model.layers.20.self_attn.k_proj,370
decode,6,model.layers.20.self_attn.v_proj,372.969
decode,6,model.layers.20.self_attn.q_norm,174.427
decode,6,model.layers.20.self_attn.k_norm,221.927
decode,6,model.layers.20.self_attn.q_rope,217.396
decode,6,model.layers.20.self_attn.k_rope,107.812
decode,6,model.layers.20.self_attn.qk_matmul,427.083
decode,6,model.layers.20.self_attn.mask,202.136
decode,6,model.layers.20.self_attn.softmax,196.718
decode,6,model.layers.20.self_attn.av_matmul,457.656
decode,6,model.layers.20.self_attn.o_proj,495.104
decode,6,model.layers.20.self_attn,5707.97
decode,6,model.layers.20.post_attention_layernorm,204.792
decode,6,model.layers.20.mlp.gate_proj,976.198
decode,6,model.layers.20.mlp.act,197.344
decode,6,model.layers.20.mlp.up_proj,1097.5
decode,6,model.layers.20.mlp.down_proj,937.291
decode,6,model.layers.20.mlp,3262.81
decode,6,model.layers.20,9698.75
decode,6,model.layers.21.input_layernorm,272.031
decode,6,model.layers.21.self_attn.q_proj,464.688
decode,6,model.layers.21.self_attn.k_proj,321.146
decode,6,model.layers.21.self_attn.v_proj,381.093
decode,6,model.layers.21.self_attn.q_norm,169.219
decode,6,model.layers.21.self_attn.k_norm,257.865
decode,6,model.layers.21.self_attn.q_rope,216.719
decode,6,model.layers.21.self_attn.k_rope,249.219
decode,6,model.layers.21.self_attn.qk_matmul,425
decode,6,model.layers.21.self_attn.mask,190
decode,6,model.layers.21.self_attn.softmax,227.083
decode,6,model.layers.21.self_attn.av_matmul,483.385
decode,6,model.layers.21.self_attn.o_proj,461.823
decode,6,model.layers.21.self_attn,5824.69
decode,6,model.layers.21.post_attention_layernorm,192.292
decode,6,model.layers.21.mlp.gate_proj,975.209
decode,6,model.layers.21.mlp.act,212.865
decode,6,model.layers.21.mlp.up_proj,964.792
decode,6,model.layers.21.mlp.down_proj,1002.08
decode,6,model.layers.21.mlp,3207.08
decode,6,model.layers.21,9822.66
decode,6,model.layers.22.input_layernorm,259.531
decode,6,model.layers.22.self_attn.q_proj,453.125
decode,6,model.layers.22.self_attn.k_proj,359.167
decode,6,model.layers.22.self_attn.v_proj,387.031
decode,6,model.layers.22.self_attn.q_norm,187.083
decode,6,model.layers.22.self_attn.k_norm,220.886
decode,6,model.layers.22.self_attn.q_rope,203.177
decode,6,model.layers.22.self_attn.k_rope,234.063
decode,6,model.layers.22.self_attn.qk_matmul,427.761
decode,6,model.layers.22.self_attn.mask,194.74
decode,6,model.layers.22.self_attn.softmax,240.834
decode,6,model.layers.22.self_attn.av_matmul,476.146
decode,6,model.layers.22.self_attn.o_proj,444.583
decode,6,model.layers.22.self_attn,5763.28
decode,6,model.layers.22.post_attention_layernorm,254.218
decode,6,model.layers.22.mlp.gate_proj,963.282
decode,6,model.layers.22.mlp.act,212.5
decode,6,model.layers.22.mlp.up_proj,1008.28
decode,6,model.layers.22.mlp.down_proj,928.958
decode,6,model.layers.22.mlp,3163.75
decode,6,model.layers.22,9849.95
decode,6,model.layers.23.input_layernorm,202.239
decode,6,model.layers.23.self_attn.q_proj,463.906
decode,6,model.layers.23.self_attn.k_proj,355.052
decode,6,model.layers.23.self_attn.v_proj,336.355
decode,6,model.layers.23.self_attn.q_norm,237.343
decode,6,model.layers.23.self_attn.k_norm,167.708
decode,6,model.layers.23.self_attn.q_rope,210.937
decode,6,model.layers.23.self_attn.k_rope,256.302
decode,6,model.layers.23.self_attn.qk_matmul,446.719
decode,6,model.layers.23.self_attn.mask,201.771
decode,6,model.layers.23.self_attn.softmax,177.552
decode,6,model.layers.23.self_attn.av_matmul,453.802
decode,6,model.layers.23.self_attn.o_proj,468.02
decode,6,model.layers.23.self_attn,5742.19
decode,6,model.layers.23.post_attention_layernorm,219.687
decode,6,model.layers.23.mlp.gate_proj,959.375
decode,6,model.layers.23.mlp.act,244.375
decode,6,model.layers.23.mlp.up_proj,975.312
decode,6,model.layers.23.mlp.down_proj,927.292
decode,6,model.layers.23.mlp,3211.41
decode,6,model.layers.23,9724.06
decode,6,model.layers.24.input_layernorm,430.885
decode,6,model.layers.24.self_attn.q_proj,756.563
decode,6,model.layers.24.self_attn.k_proj,320.312
decode,6,model.layers.24.self_attn.v_proj,374.532
decode,6,model.layers.24.self_attn.q_norm,217.343
decode,6,model.layers.24.self_attn.k_norm,199.635
decode,6,model.layers.24.self_attn.q_rope,226.823
decode,6,model.layers.24.self_attn.k_rope,205.52
decode,6,model.layers.24.self_attn.qk_matmul,455.677
decode,6,model.layers.24.self_attn.mask,204.115
decode,6,model.layers.24.self_attn.softmax,194.635
decode,6,model.layers.24.self_attn.av_matmul,468.854
decode,6,model.layers.24.self_attn.o_proj,475.73
decode,6,model.layers.24.self_attn,6178.44
decode,6,model.layers.24.post_attention_layernorm,218.75
decode,6,model.layers.24.mlp.gate_proj,973.437
decode,6,model.layers.24.mlp.act,203.646
decode,6,model.layers.24.mlp.up_proj,995.208
decode,6,model.layers.24.mlp.down_proj,936.25
decode,6,model.layers.24.mlp,3212.5
decode,6,model.layers.24,10530.1
decode,6,model.layers.25.input_layernorm,479.375
decode,6,model.layers.25.self_attn.q_proj,486.094
decode,6,model.layers.25.self_attn.k_proj,391.094
decode,6,model.layers.25.self_attn.v_proj,357.865
decode,6,model.layers.25.self_attn.q_norm,213.437
decode,6,model.layers.25.self_attn.k_norm,187.396
decode,6,model.layers.25.self_attn.q_rope,244.219
decode,6,model.layers.25.self_attn.k_rope,197.187
decode,6,model.layers.25.self_attn.qk_matmul,450.156
decode,6,model.layers.25.self_attn.mask,197.657
decode,6,model.layers.25.self_attn.softmax,246.094
decode,6,model.layers.25.self_attn.av_matmul,454.271
decode,6,model.layers.25.self_attn.o_proj,440
decode,6,model.layers.25.self_attn,5876.25
decode,6,model.layers.25.post_attention_layernorm,197.656
decode,6,model.layers.25.mlp.gate_proj,1016.56
decode,6,model.layers.25.mlp.act,188.75
decode,6,model.layers.25.mlp.up_proj,1019.01
decode,6,model.layers.25.mlp.down_proj,939.218
decode,6,model.layers.25.mlp,3214.06
decode,6,model.layers.25,10151.2
decode,6,model.layers.26.input_layernorm,268.23
decode,6,model.layers.26.self_attn.q_proj,458.542
decode,6,model.layers.26.self_attn.k_proj,341.354
decode,6,model.layers.26.self_attn.v_proj,342.761
decode,6,model.layers.26.self_attn.q_norm,250.937
decode,6,model.layers.26.self_attn.k_norm,172.031
decode,6,model.layers.26.self_attn.q_rope,208.646
decode,6,model.layers.26.self_attn.k_rope,250.469
decode,6,model.layers.26.self_attn.qk_matmul,451.771
decode,6,model.layers.26.self_attn.mask,211.355
decode,6,model.layers.26.self_attn.softmax,229.375
decode,6,model.layers.26.self_attn.av_matmul,435.573
decode,6,model.layers.26.self_attn.o_proj,441.927
decode,6,model.layers.26.self_attn,5822.92
decode,6,model.layers.26.post_attention_layernorm,191.563
decode,6,model.layers.26.mlp.gate_proj,1027.03
decode,6,model.layers.26.mlp.act,204.844
decode,6,model.layers.26.mlp.up_proj,1033.64
decode,6,model.layers.26.mlp.down_proj,961.562
decode,6,model.layers.26.mlp,3330.62
decode,6,model.layers.26,9967.03
decode,6,model.layers.27.input_layernorm,219.844
decode,6,model.layers.27.self_attn.q_proj,500.937
decode,6,model.layers.27.self_attn.k_proj,314.791
decode,6,model.layers.27.self_attn.v_proj,373.281
decode,6,model.layers.27.self_attn.q_norm,282.083
decode,6,model.layers.27.self_attn.k_norm,170.052
decode,6,model.layers.27.self_attn.q_rope,197.968
decode,6,model.layers.27.self_attn.k_rope,242.292
decode,6,model.layers.27.self_attn.qk_matmul,448.438
decode,6,model.layers.27.self_attn.mask,202.5
decode,6,model.layers.27.self_attn.softmax,251.77
decode,6,model.layers.27.self_attn.av_matmul,468.489
decode,6,model.layers.27.self_attn.o_proj,484.584
decode,6,model.layers.27.self_attn,5915.99
decode,6,model.layers.27.post_attention_layernorm,192.656
decode,6,model.layers.27.mlp.gate_proj,1030.52
decode,6,model.layers.27.mlp.act,211.875
decode,6,model.layers.27.mlp.up_proj,953.907
decode,6,model.layers.27.mlp.down_proj,983.281
decode,6,model.layers.27.mlp,3251.56
decode,6,model.layers.27,9856.72
decode,6,model.norm,285.105
decode,6,model,248678
decode,6,lm_head_out,98654.3
decode,6,model.embed_tokens,7.396
decode,7,model.layers.0.input_layernorm,4959.38
decode,7,model.layers.0.self_attn.q_proj,415.73
decode,7,model.layers.0.self_attn.k_proj,252.916
decode,7,model.layers.0.self_attn.v_proj,270.938
decode,7,model.layers.0.self_attn.q_norm,142.969
decode,7,model.layers.0.self_attn.k_norm,140.625
decode,7,model.layers.0.self_attn.q_rope,159.895
decode,7,model.layers.0.self_attn.k_rope,128.594
decode,7,model.layers.0.self_attn.qk_matmul,371.511
decode,7,model.layers.0.self_attn.mask,130.469
decode,7,model.layers.0.self_attn.softmax,158.49
decode,7,model.layers.0.self_attn.av_matmul,421.094
decode,7,model.layers.0.self_attn.o_proj,357.813
decode,7,model.layers.0.self_attn,3723.91
decode,7,model.layers.0.post_attention_layernorm,153.385
decode,7,model.layers.0.mlp.gate_proj,900.052
decode,7,model.layers.0.mlp.act,119.167
decode,7,model.layers.0.mlp.up_proj,877.5
decode,7,model.layers.0.mlp.down_proj,815.625
decode,7,model.layers.0.mlp,2734.79
decode,7,model.layers.0,11735
decode,7,model.layers.1.input_layernorm,134.688
decode,7,model.layers.1.self_attn.q_proj,391.719
decode,7,model.layers.1.self_attn.k_proj,284.01
decode,7,model.layers.1.self_attn.v_proj,246.979
decode,7,model.layers.1.self_attn.q_norm,119.114
decode,7,model.layers.1.self_attn.k_norm,132.708
decode,7,model.layers.1.self_attn.q_rope,145.677
decode,7,model.layers.1.self_attn.k_rope,124.218
decode,7,model.layers.1.self_attn.qk_matmul,359.01
decode,7,model.layers.1.self_attn.mask,136.406
decode,7,model.layers.1.self_attn.softmax,130.937
decode,7,model.layers.1.self_attn.av_matmul,389.688
decode,7,model.layers.1.self_attn.o_proj,387.604
decode,7,model.layers.1.self_attn,3604.53
decode,7,model.layers.1.post_attention_layernorm,133.75
decode,7,model.layers.1.mlp.gate_proj,864.427
decode,7,model.layers.1.mlp.act,150
decode,7,model.layers.1.mlp.up_proj,862.552
decode,7,model.layers.1.mlp.down_proj,815
decode,7,model.layers.1.mlp,2712.34
decode,7,model.layers.1,6774.01
decode,7,model.layers.2.input_layernorm,135.781
decode,7,model.layers.2.self_attn.q_proj,399.114
decode,7,model.layers.2.self_attn.k_proj,252.187
decode,7,model.layers.2.self_attn.v_proj,243.542
decode,7,model.layers.2.self_attn.q_norm,140.313
decode,7,model.layers.2.self_attn.k_norm,127.968
decode,7,model.layers.2.self_attn.q_rope,154.583
decode,7,model.layers.2.self_attn.k_rope,142.969
decode,7,model.layers.2.self_attn.qk_matmul,632.604
decode,7,model.layers.2.self_attn.mask,122.448
decode,7,model.layers.2.self_attn.softmax,137.552
decode,7,model.layers.2.self_attn.av_matmul,419.167
decode,7,model.layers.2.self_attn.o_proj,417.083
decode,7,model.layers.2.self_attn,4360.73
decode,7,model.layers.2.post_attention_layernorm,159.271
decode,7,model.layers.2.mlp.gate_proj,969.271
decode,7,model.layers.2.mlp.act,238.75
decode,7,model.layers.2.mlp.up_proj,928.125
decode,7,model.layers.2.mlp.down_proj,887.657
decode,7,model.layers.2.mlp,3050.62
decode,7,model.layers.2,7871.72
decode,7,model.layers.3.input_layernorm,148.489
decode,7,model.layers.3.self_attn.q_proj,371.719
decode,7,model.layers.3.self_attn.k_proj,310.573
decode,7,model.layers.3.self_attn.v_proj,255
decode,7,model.layers.3.self_attn.q_norm,141.666
decode,7,model.layers.3.self_attn.k_norm,143.698
decode,7,model.layers.3.self_attn.q_rope,137.656
decode,7,model.layers.3.self_attn.k_rope,156.406
decode,7,model.layers.3.self_attn.qk_matmul,346.406
decode,7,model.layers.3.self_attn.mask,131.875
decode,7,model.layers.3.self_attn.softmax,136.875
decode,7,model.layers.3.self_attn.av_matmul,414.114
decode,7,model.layers.3.self_attn.o_proj,383.802
decode,7,model.layers.3.self_attn,3943.54
decode,7,model.layers.3.post_attention_layernorm,167.343
decode,7,model.layers.3.mlp.gate_proj,910.156
decode,7,model.layers.3.mlp.act,119.323
decode,7,model.layers.3.mlp.up_proj,894.479
decode,7,model.layers.3.mlp.down_proj,855.052
decode,7,model.layers.3.mlp,2828.23
decode,7,model.layers.3,7316.09
decode,7,model.layers.4.input_layernorm,163.959
decode,7,model.layers.4.self_attn.q_proj,392.813
decode,7,model.layers.4.self_attn.k_proj,307.031
decode,7,model.layers.4.self_attn.v_proj,288.021
decode,7,model.layers.4.self_attn.q_norm,130.469
decode,7,model.layers.4.self_attn.k_norm,174.375
decode,7,model.layers.4.self_attn.q_rope,148.125
decode,7,model.layers.4.self_attn.k_rope,150.625
decode,7,model.layers.4.self_attn.qk_matmul,381.25
decode,7,model.layers.4.self_attn.mask,175.417
decode,7,model.layers.4.self_attn.softmax,174.843
decode,7,model.layers.4.self_attn.av_matmul,422.916
decode,7,model.layers.4.self_attn.o_proj,417.708
decode,7,model.layers.4.self_attn,4238.75
decode,7,model.layers.4.post_attention_layernorm,167.968
decode,7,model.layers.4.mlp.gate_proj,951.25
decode,7,model.layers.4.mlp.act,175.313
decode,7,model.layers.4.mlp.up_proj,948.594
decode,7,model.layers.4.mlp.down_proj,902.552
decode,7,model.layers.4.mlp,3010.21
decode,7,model.layers.4,7787.97
decode,7,model.layers.5.input_layernorm,161.51
decode,7,model.layers.5.self_attn.q_proj,421.146
decode,7,model.layers.5.self_attn.k_proj,301.302
decode,7,model.layers.5.self_attn.v_proj,285.156
decode,7,model.layers.5.self_attn.q_norm,161.407
decode,7,model.layers.5.self_attn.k_norm,171.406
decode,7,model.layers.5.self_attn.q_rope,172.187
decode,7,model.layers.5.self_attn.k_rope,161.25
decode,7,model.layers.5.self_attn.qk_matmul,385.886
decode,7,model.layers.5.self_attn.mask,152.448
decode,7,model.layers.5.self_attn.softmax,153.125
decode,7,model.layers.5.self_attn.av_matmul,409.843
decode,7,model.layers.5.self_attn.o_proj,392.239
decode,7,model.layers.5.self_attn,4217.4
decode,7,model.layers.5.post_attention_layernorm,140.208
decode,7,model.layers.5.mlp.gate_proj,930.052
decode,7,model.layers.5.mlp.act,145.52
decode,7,model.layers.5.mlp.up_proj,940.729
decode,7,model.layers.5.mlp.down_proj,901.875
decode,7,model.layers.5.mlp,2948.44
decode,7,model.layers.5,7692.08
decode,7,model.layers.6.input_layernorm,169.687
decode,7,model.layers.6.self_attn.q_proj,425.781
decode,7,model.layers.6.self_attn.k_proj,288.02
decode,7,model.layers.6.self_attn.v_proj,297.448
decode,7,model.layers.6.self_attn.q_norm,145.416
decode,7,model.layers.6.self_attn.k_norm,163.541
decode,7,model.layers.6.self_attn.q_rope,154.531
decode,7,model.layers.6.self_attn.k_rope,151.354
decode,7,model.layers.6.self_attn.qk_matmul,415.573
decode,7,model.layers.6.self_attn.mask,180.782
decode,7,model.layers.6.self_attn.softmax,190.573
decode,7,model.layers.6.self_attn.av_matmul,436.25
decode,7,model.layers.6.self_attn.o_proj,451.719
decode,7,model.layers.6.self_attn,4467.97
decode,7,model.layers.6.post_attention_layernorm,214.062
decode,7,model.layers.6.mlp.gate_proj,956.719
decode,7,model.layers.6.mlp.act,164.583
decode,7,model.layers.6.mlp.up_proj,969.375
decode,7,model.layers.6.mlp.down_proj,912.864
decode,7,model.layers.6.mlp,3082.03
decode,7,model.layers.6,8211.15
decode,7,model.layers.7.input_layernorm,197.083
decode,7,model.layers.7.self_attn.q_proj,416.406
decode,7,model.layers.7.self_attn.k_proj,335.417
decode,7,model.layers.7.self_attn.v_proj,307.396
decode,7,model.layers.7.self_attn.q_norm,108.698
decode,7,model.layers.7.self_attn.k_norm,208.906
decode,7,model.layers.7.self_attn.q_rope,204.063
decode,7,model.layers.7.self_attn.k_rope,192.292
decode,7,model.layers.7.self_attn.qk_matmul,402.083
decode,7,model.layers.7.self_attn.mask,210.052
decode,7,model.layers.7.self_attn.softmax,200.156
decode,7,model.layers.7.self_attn.av_matmul,448.489
decode,7,model.layers.7.self_attn.o_proj,443.593
decode,7,model.layers.7.self_attn,4909.17
decode,7,model.layers.7.post_attention_layernorm,167.239
decode,7,model.layers.7.mlp.gate_proj,966.875
decode,7,model.layers.7.mlp.act,120.312
decode,7,model.layers.7.mlp.up_proj,958.906
decode,7,model.layers.7.mlp.down_proj,943.282
decode,7,model.layers.7.mlp,3035.99
decode,7,model.layers.7,8477.6
decode,7,model.layers.8.input_layernorm,168.386
decode,7,model.layers.8.self_attn.q_proj,458.021
decode,7,model.layers.8.self_attn.k_proj,304.896
decode,7,model.layers.8.self_attn.v_proj,328.802
decode,7,model.layers.8.self_attn.q_norm,189.531
decode,7,model.layers.8.self_attn.k_norm,192.031
decode,7,model.layers.8.self_attn.q_rope,222.24
decode,7,model.layers.8.self_attn.k_rope,215.937
decode,7,model.layers.8.self_attn.qk_matmul,423.281
decode,7,model.layers.8.self_attn.mask,180.937
decode,7,model.layers.8.self_attn.softmax,236.146
decode,7,model.layers.8.self_attn.av_matmul,433.594
decode,7,model.layers.8.self_attn.o_proj,466.042
decode,7,model.layers.8.self_attn,5758.59
decode,7,model.layers.8.post_attention_layernorm,196.927
decode,7,model.layers.8.mlp.gate_proj,977.656
decode,7,model.layers.8.mlp.act,208.958
decode,7,model.layers.8.mlp.up_proj,994.166
decode,7,model.layers.8.mlp.down_proj,925.208
decode,7,model.layers.8.mlp,3194.01
decode,7,model.layers.8,9676.09
decode,7,model.layers.9.input_layernorm,208.594
decode,7,model.layers.9.self_attn.q_proj,474.219
decode,7,model.layers.9.self_attn.k_proj,341.25
decode,7,model.layers.9.self_attn.v_proj,336.406
decode,7,model.layers.9.self_attn.q_norm,182.291
decode,7,model.layers.9.self_attn.k_norm,131.406
decode,7,model.layers.9.self_attn.q_rope,257.24
decode,7,model.layers.9.self_attn.k_rope,216.667
decode,7,model.layers.9.self_attn.qk_matmul,429.479
decode,7,model.layers.9.self_attn.mask,231.77
decode,7,model.layers.9.self_attn.softmax,298.229
decode,7,model.layers.9.self_attn.av_matmul,454.427
decode,7,model.layers.9.self_attn.o_proj,464.74
decode,7,model.layers.9.self_attn,5805.42
decode,7,model.layers.9.post_attention_layernorm,180.781
decode,7,model.layers.9.mlp.gate_proj,1007.03
decode,7,model.layers.9.mlp.act,177.187
decode,7,model.layers.9.mlp.up_proj,987.813
decode,7,model.layers.9.mlp.down_proj,912.187
decode,7,model.layers.9.mlp,3184.84
decode,7,model.layers.9,9633.91
decode,7,model.layers.10.input_layernorm,258.177
decode,7,model.layers.10.self_attn.q_proj,480.782
decode,7,model.layers.10.self_attn.k_proj,317.344
decode,7,model.layers.10.self_attn.v_proj,375.781
decode,7,model.layers.10.self_attn.q_norm,162.657
decode,7,model.layers.10.self_attn.k_norm,106.563
decode,7,model.layers.10.self_attn.q_rope,264.531
decode,7,model.layers.10.self_attn.k_rope,206.615
decode,7,model.layers.10.self_attn.qk_matmul,426.51
decode,7,model.layers.10.self_attn.mask,201.875
decode,7,model.layers.10.self_attn.softmax,190.573
decode,7,model.layers.10.self_attn.av_matmul,454.167
decode,7,model.layers.10.self_attn.o_proj,474.74
decode,7,model.layers.10.self_attn,5641.56
decode,7,model.layers.10.post_attention_layernorm,204.948
decode,7,model.layers.10.mlp.gate_proj,970.469
decode,7,model.layers.10.mlp.act,172.136
decode,7,model.layers.10.mlp.up_proj,1020.05
decode,7,model.layers.10.mlp.down_proj,912.969
decode,7,model.layers.10.mlp,3127.03
decode,7,model.layers.10,9620.73
decode,7,model.layers.11.input_layernorm,200.99
decode,7,model.layers.11.self_attn.q_proj,482.916
decode,7,model.layers.11.self_attn.k_proj,312.916
decode,7,model.layers.11.self_attn.v_proj,381.562
decode,7,model.layers.11.self_attn.q_norm,224.375
decode,7,model.layers.11.self_attn.k_norm,168.125
decode,7,model.layers.11.self_attn.q_rope,184.843
decode,7,model.layers.11.self_attn.k_rope,227.239
decode,7,model.layers.11.self_attn.qk_matmul,423.334
decode,7,model.layers.11.self_attn.mask,205.625
decode,7,model.layers.11.self_attn.softmax,226.563
decode,7,model.layers.11.self_attn.av_matmul,457.5
decode,7,model.layers.11.self_attn.o_proj,454.687
decode,7,model.layers.11.self_attn,5741.25
decode,7,model.layers.11.post_attention_layernorm,199.271
decode,7,model.layers.11.mlp.gate_proj,978.125
decode,7,model.layers.11.mlp.act,210.052
decode,7,model.layers.11.mlp.up_proj,993.125
decode,7,model.layers.11.mlp.down_proj,936.615
decode,7,model.layers.11.mlp,3220.73
decode,7,model.layers.11,9673.59
decode,7,model.layers.12.input_layernorm,232.813
decode,7,model.layers.12.self_attn.q_proj,487.5
decode,7,model.layers.12.self_attn.k_proj,327.396
decode,7,model.layers.12.self_attn.v_proj,364.479
decode,7,model.layers.12.self_attn.q_norm,357.5
decode,7,model.layers.12.self_attn.k_norm,196.145
decode,7,model.layers.12.self_attn.q_rope,203.907
decode,7,model.layers.12.self_attn.k_rope,202.968
decode,7,model.layers.12.self_attn.qk_matmul,422.24
decode,7,model.layers.12.self_attn.mask,178.49
decode,7,model.layers.12.self_attn.softmax,230.052
decode,7,model.layers.12.self_attn.av_matmul,442.5
decode,7,model.layers.12.self_attn.o_proj,432.448
decode,7,model.layers.12.self_attn,5929.84
decode,7,model.layers.12.post_attention_layernorm,197.917
decode,7,model.layers.12.mlp.gate_proj,1009.22
decode,7,model.layers.12.mlp.act,224.375
decode,7,model.layers.12.mlp.up_proj,996.25
decode,7,model.layers.12.mlp.down_proj,921.823
decode,7,model.layers.12.mlp,3213.18
decode,7,model.layers.12,9859.06
decode,7,model.layers.13.input_layernorm,175.625
decode,7,model.layers.13.self_attn.q_proj,490.469
decode,7,model.layers.13.self_attn.k_proj,309.01
decode,7,model.layers.13.self_attn.v_proj,367.969
decode,7,model.layers.13.self_attn.q_norm,253.907
decode,7,model.layers.13.self_attn.k_norm,190.833
decode,7,model.layers.13.self_attn.q_rope,220.156
decode,7,model.layers.13.self_attn.k_rope,112.813
decode,7,model.layers.13.self_attn.qk_matmul,396.407
decode,7,model.layers.13.self_attn.mask,188.49
decode,7,model.layers.13.self_attn.softmax,218.594
decode,7,model.layers.13.self_attn.av_matmul,432.343
decode,7,model.layers.13.self_attn.o_proj,479.219
decode,7,model.layers.13.self_attn,5623.44
decode,7,model.layers.13.post_attention_layernorm,183.698
decode,7,model.layers.13.mlp.gate_proj,944.792
decode,7,model.layers.13.mlp.act,271.875
decode,7,model.layers.13.mlp.up_proj,983.542
decode,7,model.layers.13.mlp.down_proj,932.552
decode,7,model.layers.13.mlp,3220.68
decode,7,model.layers.13,9540.05
decode,7,model.layers.14.input_layernorm,212.083
decode,7,model.layers.14.self_attn.q_proj,1840.16
decode,7,model.layers.14.self_attn.k_proj,621.666
decode,7,model.layers.14.self_attn.v_proj,358.75
decode,7,model.layers.14.self_attn.q_norm,271.823
decode,7,model.layers.14.self_attn.k_norm,100
decode,7,model.layers.14.self_attn.q_rope,207.865
decode,7,model.layers.14.self_attn.k_rope,262.969
decode,7,model.layers.14.self_attn.qk_matmul,435.573
decode,7,model.layers.14.self_attn.mask,204.687
decode,7,model.layers.14.self_attn.softmax,247.031
decode,7,model.layers.14.self_attn.av_matmul,449.323
decode,7,model.layers.14.self_attn.o_proj,459.114
decode,7,model.layers.14.self_attn,7463.59
decode,7,model.layers.14.post_attention_layernorm,207.969
decode,7,model.layers.14.mlp.gate_proj,969.063
decode,7,model.layers.14.mlp.act,203.698
decode,7,model.layers.14.mlp.up_proj,979.375
decode,7,model.layers.14.mlp.down_proj,916.771
decode,7,model.layers.14.mlp,3153.91
decode,7,model.layers.14,11415.3
decode,7,model.layers.15.input_layernorm,183.593
decode,7,model.layers.15.self_attn.q_proj,504.791
decode,7,model.layers.15.self_attn.k_proj,374.531
decode,7,model.layers.15.self_attn.v_proj,334.739
decode,7,model.layers.15.self_attn.q_norm,240.052
decode,7,model.layers.15.self_attn.k_norm,109.218
decode,7,model.layers.15.self_attn.q_rope,223.854
decode,7,model.layers.15.self_attn.k_rope,241.406
decode,7,model.layers.15.self_attn.qk_matmul,447.5
decode,7,model.layers.15.self_attn.mask,219.375
decode,7,model.layers.15.self_attn.softmax,228.907
decode,7,model.layers.15.self_attn.av_matmul,468.177
decode,7,model.layers.15.self_attn.o_proj,434.688
decode,7,model.layers.15.self_attn,5856.56
decode,7,model.layers.15.post_attention_layernorm,194.583
decode,7,model.layers.15.mlp.gate_proj,959.844
decode,7,model.layers.15.mlp.act,209.843
decode,7,model.layers.15.mlp.up_proj,986.563
decode,7,model.layers.15.mlp.down_proj,931.302
decode,7,model.layers.15.mlp,3174.79
decode,7,model.layers.15,9788.44
decode,7,model.layers.16.input_layernorm,197.5
decode,7,model.layers.16.self_attn.q_proj,486.198
decode,7,model.layers.16.self_attn.k_proj,334.948
decode,7,model.layers.16.self_attn.v_proj,334.375
decode,7,model.layers.16.self_attn.q_norm,300.208
decode,7,model.layers.16.self_attn.k_norm,176.406
decode,7,model.layers.16.self_attn.q_rope,187.188
decode,7,model.layers.16.self_attn.k_rope,232.187
decode,7,model.layers.16.self_attn.qk_matmul,440
decode,7,model.layers.16.self_attn.mask,191.719
decode,7,model.layers.16.self_attn.softmax,222.968
decode,7,model.layers.16.self_attn.av_matmul,452.864
decode,7,model.layers.16.self_attn.o_proj,477.343
decode,7,model.layers.16.self_attn,5854.74
decode,7,model.layers.16.post_attention_layernorm,186.771
decode,7,model.layers.16.mlp.gate_proj,959.063
decode,7,model.layers.16.mlp.act,224.844
decode,7,model.layers.16.mlp.up_proj,978.802
decode,7,model.layers.16.mlp.down_proj,917.5
decode,7,model.layers.16.mlp,3182.97
decode,7,model.layers.16,9782.34
decode,7,model.layers.17.input_layernorm,501.979
decode,7,model.layers.17.self_attn.q_proj,455.208
decode,7,model.layers.17.self_attn.k_proj,351.979
decode,7,model.layers.17.self_attn.v_proj,394.896
decode,7,model.layers.17.self_attn.q_norm,251.042
decode,7,model.layers.17.self_attn.k_norm,585.52
decode,7,model.layers.17.self_attn.q_rope,197.656
decode,7,model.layers.17.self_attn.k_rope,185.625
decode,7,model.layers.17.self_attn.qk_matmul,638.282
decode,7,model.layers.17.self_attn.mask,226.98
decode,7,model.layers.17.self_attn.softmax,241.406
decode,7,model.layers.17.self_attn.av_matmul,422.188
decode,7,model.layers.17.self_attn.o_proj,453.282
decode,7,model.layers.17.self_attn,6297.97
decode,7,model.layers.17.post_attention_layernorm,197.188
decode,7,model.layers.17.mlp.gate_proj,1018.28
decode,7,model.layers.17.mlp.act,199.271
decode,7,model.layers.17.mlp.up_proj,980.833
decode,7,model.layers.17.mlp.down_proj,912.24
decode,7,model.layers.17.mlp,3198.39
decode,7,model.layers.17,10552.3
decode,7,model.layers.18.input_layernorm,196.25
decode,7,model.layers.18.self_attn.q_proj,476.823
decode,7,model.layers.18.self_attn.k_proj,391.771
decode,7,model.layers.18.self_attn.v_proj,336.979
decode,7,model.layers.18.self_attn.q_norm,170.104
decode,7,model.layers.18.self_attn.k_norm,252.865
decode,7,model.layers.18.self_attn.q_rope,183.75
decode,7,model.layers.18.self_attn.k_rope,234.323
decode,7,model.layers.18.self_attn.qk_matmul,431.094
decode,7,model.layers.18.self_attn.mask,192.812
decode,7,model.layers.18.self_attn.softmax,244.844
decode,7,model.layers.18.self_attn.av_matmul,470
decode,7,model.layers.18.self_attn.o_proj,434.271
decode,7,model.layers.18.self_attn,5764.69
decode,7,model.layers.18.post_attention_layernorm,204.375
decode,7,model.layers.18.mlp.gate_proj,960.261
decode,7,model.layers.18.mlp.act,223.23
decode,7,model.layers.18.mlp.up_proj,991.094
decode,7,model.layers.18.mlp.down_proj,950.99
decode,7,model.layers.18.mlp,3227.76
decode,7,model.layers.18,9725.73
decode,7,model.layers.19.input_layernorm,233.125
decode,7,model.layers.19.self_attn.q_proj,445.99
decode,7,model.layers.19.self_attn.k_proj,417.865
decode,7,model.layers.19.self_attn.v_proj,347.083
decode,7,model.layers.19.self_attn.q_norm,170.208
decode,7,model.layers.19.self_attn.k_norm,272.5
decode,7,model.layers.19.self_attn.q_rope,204.531
decode,7,model.layers.19.self_attn.k_rope,237.604
decode,7,model.layers.19.self_attn.qk_matmul,407.135
decode,7,model.layers.19.self_attn.mask,199.375
decode,7,model.layers.19.self_attn.softmax,193.333
decode,7,model.layers.19.self_attn.av_matmul,481.719
decode,7,model.layers.19.self_attn.o_proj,438.49
decode,7,model.layers.19.self_attn,5845.16
decode,7,model.layers.19.post_attention_layernorm,199.427
decode,7,model.layers.19.mlp.gate_proj,951.979
decode,7,model.layers.19.mlp.act,215.99
decode,7,model.layers.19.mlp.up_proj,999.063
decode,7,model.layers.19.mlp.down_proj,947.239
decode,7,model.layers.19.mlp,3216.72
decode,7,model.layers.19,9863.91
decode,7,model.layers.20.input_layernorm,231.25
decode,7,model.layers.20.self_attn.q_proj,467.969
decode,7,model.layers.20.self_attn.k_proj,336.562
decode,7,model.layers.20.self_attn.v_proj,413.594
decode,7,model.layers.20.self_attn.q_norm,207.969
decode,7,model.layers.20.self_attn.k_norm,279.062
decode,7,model.layers.20.self_attn.q_rope,458.906
decode,7,model.layers.20.self_attn.k_rope,204.427
decode,7,model.layers.20.self_attn.qk_matmul,448.281
decode,7,model.layers.20.self_attn.mask,175.26
decode,7,model.layers.20.self_attn.softmax,244.74
decode,7,model.layers.20.self_attn.av_matmul,454.375
decode,7,model.layers.20.self_attn.o_proj,458.386
decode,7,model.layers.20.self_attn,6175.47
decode,7,model.layers.20.post_attention_layernorm,219.583
decode,7,model.layers.20.mlp.gate_proj,991.094
decode,7,model.layers.20.mlp.act,201.354
decode,7,model.layers.20.mlp.up_proj,1010.31
decode,7,model.layers.20.mlp.down_proj,936.823
decode,7,model.layers.20.mlp,3193.59
decode,7,model.layers.20,10189.2
decode,7,model.layers.21.input_layernorm,210.052
decode,7,model.layers.21.self_attn.q_proj,498.802
decode,7,model.layers.21.self_attn.k_proj,361.302
decode,7,model.layers.21.self_attn.v_proj,335.26
decode,7,model.layers.21.self_attn.q_norm,254.427
decode,7,model.layers.21.self_attn.k_norm,227.448
decode,7,model.layers.21.self_attn.q_rope,220.781
decode,7,model.layers.21.self_attn.k_rope,217.657
decode,7,model.layers.21.self_attn.qk_matmul,416.771
decode,7,model.layers.21.self_attn.mask,181.719
decode,7,model.layers.21.self_attn.softmax,181.406
decode,7,model.layers.21.self_attn.av_matmul,455
decode,7,model.layers.21.self_attn.o_proj,455.625
decode,7,model.layers.21.self_attn,5827.5
decode,7,model.layers.21.post_attention_layernorm,209.01
decode,7,model.layers.21.mlp.gate_proj,942.813
decode,7,model.layers.21.mlp.act,209.375
decode,7,model.layers.21.mlp.up_proj,1036.51
decode,7,model.layers.21.mlp.down_proj,922.76
decode,7,model.layers.21.mlp,3165.47
decode,7,model.layers.21,9761.04
decode,7,model.layers.22.input_layernorm,190.937
decode,7,model.layers.22.self_attn.q_proj,474.167
decode,7,model.layers.22.self_attn.k_proj,349.636
decode,7,model.layers.22.self_attn.v_proj,395.521
decode,7,model.layers.22.self_attn.q_norm,205.104
decode,7,model.layers.22.self_attn.k_norm,206.875
decode,7,model.layers.22.self_attn.q_rope,250
decode,7,model.layers.22.self_attn.k_rope,225
decode,7,model.layers.22.self_attn.qk_matmul,468.541
decode,7,model.layers.22.self_attn.mask,215.885
decode,7,model.layers.22.self_attn.softmax,255.938
decode,7,model.layers.22.self_attn.av_matmul,469.531
decode,7,model.layers.22.self_attn.o_proj,437.916
decode,7,model.layers.22.self_attn,5773.49
decode,7,model.layers.22.post_attention_layernorm,201.406
decode,7,model.layers.22.mlp.gate_proj,955.416
decode,7,model.layers.22.mlp.act,199.322
decode,7,model.layers.22.mlp.up_proj,1015
decode,7,model.layers.22.mlp.down_proj,923.802
decode,7,model.layers.22.mlp,3146.3
decode,7,model.layers.22,9631.82
decode,7,model.layers.23.input_layernorm,187.24
decode,7,model.layers.23.self_attn.q_proj,500.208
decode,7,model.layers.23.self_attn.k_proj,372.969
decode,7,model.layers.23.self_attn.v_proj,324.219
decode,7,model.layers.23.self_attn.q_norm,216.094
decode,7,model.layers.23.self_attn.k_norm,247.292
decode,7,model.layers.23.self_attn.q_rope,553.437
decode,7,model.layers.23.self_attn.k_rope,246.094
decode,7,model.layers.23.self_attn.qk_matmul,437.032
decode,7,model.layers.23.self_attn.mask,235.782
decode,7,model.layers.23.self_attn.softmax,262.188
decode,7,model.layers.23.self_attn.av_matmul,430.521
decode,7,model.layers.23.self_attn.o_proj,443.907
decode,7,model.layers.23.self_attn,6320.16
decode,7,model.layers.23.post_attention_layernorm,197.135
decode,7,model.layers.23.mlp.gate_proj,1013.44
decode,7,model.layers.23.mlp.act,170.625
decode,7,model.layers.23.mlp.up_proj,1033.44
decode,7,model.layers.23.mlp.down_proj,962.968
decode,7,model.layers.23.mlp,3309.69
decode,7,model.layers.23,10252.1
decode,7,model.layers.24.input_layernorm,205.573
decode,7,model.layers.24.self_attn.q_proj,444.219
decode,7,model.layers.24.self_attn.k_proj,359.844
decode,7,model.layers.24.self_attn.v_proj,313.177
decode,7,model.layers.24.self_attn.q_norm,226.979
decode,7,model.layers.24.self_attn.k_norm,253.906
decode,7,model.layers.24.self_attn.q_rope,231.771
decode,7,model.layers.24.self_attn.k_rope,281.667
decode,7,model.layers.24.self_attn.qk_matmul,432.187
decode,7,model.layers.24.self_attn.mask,203.906
decode,7,model.layers.24.self_attn.softmax,233.281
decode,7,model.layers.24.self_attn.av_matmul,463.75
decode,7,model.layers.24.self_attn.o_proj,443.541
decode,7,model.layers.24.self_attn,5980.94
decode,7,model.layers.24.post_attention_layernorm,197.187
decode,7,model.layers.24.mlp.gate_proj,974.114
decode,7,model.layers.24.mlp.act,233.125
decode,7,model.layers.24.mlp.up_proj,1014.22
decode,7,model.layers.24.mlp.down_proj,923.177
decode,7,model.layers.24.mlp,3246.88
decode,7,model.layers.24,9941.41
decode,7,model.layers.25.input_layernorm,232.657
decode,7,model.layers.25.self_attn.q_proj,477.968
decode,7,model.layers.25.self_attn.k_proj,361.875
decode,7,model.layers.25.self_attn.v_proj,333.125
decode,7,model.layers.25.self_attn.q_norm,170.781
decode,7,model.layers.25.self_attn.k_norm,221.875
decode,7,model.layers.25.self_attn.q_rope,221.511
decode,7,model.layers.25.self_attn.k_rope,311.25
decode,7,model.layers.25.self_attn.qk_matmul,421.875
decode,7,model.layers.25.self_attn.mask,178.854
decode,7,model.layers.25.self_attn.softmax,254.271
decode,7,model.layers.25.self_attn.av_matmul,452.187
decode,7,model.layers.25.self_attn.o_proj,430.416
decode,7,model.layers.25.self_attn,5872.66
decode,7,model.layers.25.post_attention_layernorm,197.291
decode,7,model.layers.25.mlp.gate_proj,999.531
decode,7,model.layers.25.mlp.act,170.468
decode,7,model.layers.25.mlp.up_proj,997.5
decode,7,model.layers.25.mlp.down_proj,944.688
decode,7,model.layers.25.mlp,3215.21
decode,7,model.layers.25,9796.41
decode,7,model.layers.26.input_layernorm,204.063
decode,7,model.layers.26.self_attn.q_proj,519.791
decode,7,model.layers.26.self_attn.k_proj,326.094
decode,7,model.layers.26.self_attn.v_proj,407.5
decode,7,model.layers.26.self_attn.q_norm,194.062
decode,7,model.layers.26.self_attn.k_norm,192.969
decode,7,model.layers.26.self_attn.q_rope,214.688
decode,7,model.layers.26.self_attn.k_rope,247.969
decode,7,model.layers.26.self_attn.qk_matmul,430.208
decode,7,model.layers.26.self_attn.mask,175.937
decode,7,model.layers.26.self_attn.softmax,222.812
decode,7,model.layers.26.self_attn.av_matmul,438.437
decode,7,model.layers.26.self_attn.o_proj,444.323
decode,7,model.layers.26.self_attn,5933.96
decode,7,model.layers.26.post_attention_layernorm,176.719
decode,7,model.layers.26.mlp.gate_proj,1019.95
decode,7,model.layers.26.mlp.act,192.657
decode,7,model.layers.26.mlp.up_proj,1011.72
decode,7,model.layers.26.mlp.down_proj,936.562
decode,7,model.layers.26.mlp,3219.9
decode,7,model.layers.26,9757.71
decode,7,model.layers.27.input_layernorm,201.875
decode,7,model.layers.27.self_attn.q_proj,491.094
decode,7,model.layers.27.self_attn.k_proj,351.563
decode,7,model.layers.27.self_attn.v_proj,325.469
decode,7,model.layers.27.self_attn.q_norm,262.864
decode,7,model.layers.27.self_attn.k_norm,212.76
decode,7,model.layers.27.self_attn.q_rope,202.031
decode,7,model.layers.27.self_attn.k_rope,226.719
decode,7,model.layers.27.self_attn.qk_matmul,400.99
decode,7,model.layers.27.self_attn.mask,179.687
decode,7,model.layers.27.self_attn.softmax,243.073
decode,7,model.layers.27.self_attn.av_matmul,529.688
decode,7,model.layers.27.self_attn.o_proj,437.708
decode,7,model.layers.27.self_attn,5913.12
decode,7,model.layers.27.post_attention_layernorm,215.416
decode,7,model.layers.27.mlp.gate_proj,967.76
decode,7,model.layers.27.mlp.act,206.875
decode,7,model.layers.27.mlp.up_proj,1013.07
decode,7,model.layers.27.mlp.down_proj,916.406
decode,7,model.layers.27.mlp,3156.15
decode,7,model.layers.27,9872.5
decode,7,model.norm,194.479
decode,7,model,265059
decode,7,lm_head_out,103673
decode,7,model.embed_tokens,6.146
decode,8,model.layers.0.input_layernorm,5082.76
decode,8,model.layers.0.self_attn.q_proj,428.282
decode,8,model.layers.0.self_attn.k_proj,286.093
decode,8,model.layers.0.self_attn.v_proj,275.625
decode,8,model.layers.0.self_attn.q_norm,157.24
decode,8,model.layers.0.self_attn.k_norm,150.729
decode,8,model.layers.0.self_attn.q_rope,168.125
decode,8,model.layers.0.self_attn.k_rope,136.875
decode,8,model.layers.0.self_attn.qk_matmul,402.343
decode,8,model.layers.0.self_attn.mask,169.166
decode,8,model.layers.0.self_attn.softmax,156.771
decode,8,model.layers.0.self_attn.av_matmul,394.843
decode,8,model.layers.0.self_attn.o_proj,402.709
decode,8,model.layers.0.self_attn,3767.34
decode,8,model.layers.0.post_attention_layernorm,167.396
decode,8,model.layers.0.mlp.gate_proj,900
decode,8,model.layers.0.mlp.act,147.917
decode,8,model.layers.0.mlp.up_proj,900.156
decode,8,model.layers.0.mlp.down_proj,831.406
decode,8,model.layers.0.mlp,2804.22
decode,8,model.layers.0,12019.2
decode,8,model.layers.1.input_layernorm,161.25
decode,8,model.layers.1.self_attn.q_proj,407.031
decode,8,model.layers.1.self_attn.k_proj,276.563
decode,8,model.layers.1.self_attn.v_proj,288.542
decode,8,model.layers.1.self_attn.q_norm,154.896
decode,8,model.layers.1.self_attn.k_norm,161.563
decode,8,model.layers.1.self_attn.q_rope,163.698
decode,8,model.layers.1.self_attn.k_rope,146.197
decode,8,model.layers.1.self_attn.qk_matmul,370.365
decode,8,model.layers.1.self_attn.mask,153.594
decode,8,model.layers.1.self_attn.softmax,173.229
decode,8,model.layers.1.self_attn.av_matmul,410.625
decode,8,model.layers.1.self_attn.o_proj,392.031
decode,8,model.layers.1.self_attn,3802.86
decode,8,model.layers.1.post_attention_layernorm,163.75
decode,8,model.layers.1.mlp.gate_proj,882.917
decode,8,model.layers.1.mlp.act,157.916
decode,8,model.layers.1.mlp.up_proj,909.688
decode,8,model.layers.1.mlp.down_proj,830.937
decode,8,model.layers.1.mlp,2800.36
decode,8,model.layers.1,7161.09
decode,8,model.layers.2.input_layernorm,171.094
decode,8,model.layers.2.self_attn.q_proj,389.063
decode,8,model.layers.2.self_attn.k_proj,334.271
decode,8,model.layers.2.self_attn.v_proj,280.781
decode,8,model.layers.2.self_attn.q_norm,173.333
decode,8,model.layers.2.self_attn.k_norm,154.427
decode,8,model.layers.2.self_attn.q_rope,156.563
decode,8,model.layers.2.self_attn.k_rope,207.083
decode,8,model.layers.2.self_attn.qk_matmul,375.521
decode,8,model.layers.2.self_attn.mask,154.323
decode,8,model.layers.2.self_attn.softmax,178.907
decode,8,model.layers.2.self_attn.av_matmul,410.052
decode,8,model.layers.2.self_attn.o_proj,437.76
decode,8,model.layers.2.self_attn,4572.76
decode,8,model.layers.2.post_attention_layernorm,137.344
decode,8,model.layers.2.mlp.gate_proj,897.969
decode,8,model.layers.2.mlp.act,182.187
decode,8,model.layers.2.mlp.up_proj,960.781
decode,8,model.layers.2.mlp.down_proj,898.906
decode,8,model.layers.2.mlp,2974.53
decode,8,model.layers.2,8122.92
decode,8,model.layers.3.input_layernorm,173.542
decode,8,model.layers.3.self_attn.q_proj,426.458
decode,8,model.layers.3.self_attn.k_proj,301.667
decode,8,model.layers.3.self_attn.v_proj,320.468
decode,8,model.layers.3.self_attn.q_norm,172.656
decode,8,model.layers.3.self_attn.k_norm,152.344
decode,8,model.layers.3.self_attn.q_rope,179.792
decode,8,model.layers.3.self_attn.k_rope,168.073
decode,8,model.layers.3.self_attn.qk_matmul,641.406
decode,8,model.layers.3.self_attn.mask,165
decode,8,model.layers.3.self_attn.softmax,145.156
decode,8,model.layers.3.self_attn.av_matmul,453.281
decode,8,model.layers.3.self_attn.o_proj,434.271
decode,8,model.layers.3.self_attn,4944.48
decode,8,model.layers.3.post_attention_layernorm,160.313
decode,8,model.layers.3.mlp.gate_proj,967.188
decode,8,model.layers.3.mlp.act,139.01
decode,8,model.layers.3.mlp.up_proj,977.917
decode,8,model.layers.3.mlp.down_proj,948.438
decode,8,model.layers.3.mlp,3068.12
decode,8,model.layers.3,8577.4
decode,8,model.layers.4.input_layernorm,207.136
decode,8,model.layers.4.self_attn.q_proj,422.24
decode,8,model.layers.4.self_attn.k_proj,293.541
decode,8,model.layers.4.self_attn.v_proj,281.354
decode,8,model.layers.4.self_attn.q_norm,209.896
decode,8,model.layers.4.self_attn.k_norm,170
decode,8,model.layers.4.self_attn.q_rope,154.115
decode,8,model.layers.4.self_attn.k_rope,132.813
decode,8,model.layers.4.self_attn.qk_matmul,363.229
decode,8,model.layers.4.self_attn.mask,166.407
decode,8,model.layers.4.self_attn.softmax,166.979
decode,8,model.layers.4.self_attn.av_matmul,406.875
decode,8,model.layers.4.self_attn.o_proj,402.032
decode,8,model.layers.4.self_attn,4478.91
decode,8,model.layers.4.post_attention_layernorm,176.094
decode,8,model.layers.4.mlp.gate_proj,930.573
decode,8,model.layers.4.mlp.act,143.75
decode,8,model.layers.4.mlp.up_proj,963.906
decode,8,model.layers.4.mlp.down_proj,888.281
decode,8,model.layers.4.mlp,2975.83
decode,8,model.layers.4,8109.79
decode,8,model.layers.5.input_layernorm,164.792
decode,8,model.layers.5.self_attn.q_proj,443.125
decode,8,model.layers.5.self_attn.k_proj,290.156
decode,8,model.layers.5.self_attn.v_proj,339.531
decode,8,model.layers.5.self_attn.q_norm,168.906
decode,8,model.layers.5.self_attn.k_norm,208.907
decode,8,model.layers.5.self_attn.q_rope,165.521
decode,8,model.layers.5.self_attn.k_rope,197.969
decode,8,model.layers.5.self_attn.qk_matmul,630
decode,8,model.layers.5.self_attn.mask,175.469
decode,8,model.layers.5.self_attn.softmax,185.937
decode,8,model.layers.5.self_attn.av_matmul,421.303
decode,8,model.layers.5.self_attn.o_proj,410.938
decode,8,model.layers.5.self_attn,5029.79
decode,8,model.layers.5.post_attention_layernorm,163.125
decode,8,model.layers.5.mlp.gate_proj,952.812
decode,8,model.layers.5.mlp.act,185
decode,8,model.layers.5.mlp.up_proj,928.125
decode,8,model.layers.5.mlp.down_proj,894.323
decode,8,model.layers.5.mlp,3008.28
decode,8,model.layers.5,8583.75
decode,8,model.layers.6.input_layernorm,173.75
decode,8,model.layers.6.self_attn.q_proj,433.386
decode,8,model.layers.6.self_attn.k_proj,277.396
decode,8,model.layers.6.self_attn.v_proj,270
decode,8,model.layers.6.self_attn.q_norm,222.344
decode,8,model.layers.6.self_attn.k_norm,148.75
decode,8,model.layers.6.self_attn.q_rope,141.823
decode,8,model.layers.6.self_attn.k_rope,169.688
decode,8,model.layers.6.self_attn.qk_matmul,460.469
decode,8,model.layers.6.self_attn.mask,157.448
decode,8,model.layers.6.self_attn.softmax,183.282
decode,8,model.layers.6.self_attn.av_matmul,400.156
decode,8,model.layers.6.self_attn.o_proj,403.229
decode,8,model.layers.6.self_attn,4694.84
decode,8,model.layers.6.post_attention_layernorm,160.625
decode,8,model.layers.6.mlp.gate_proj,951.719
decode,8,model.layers.6.mlp.act,157.812
decode,8,model.layers.6.mlp.up_proj,937.292
decode,8,model.layers.6.mlp.down_proj,888.958
decode,8,model.layers.6.mlp,2999.84
decode,8,model.layers.6,8291.04
decode,8,model.layers.7.input_layernorm,145.104
decode,8,model.layers.7.self_attn.q_proj,421.875
decode,8,model.layers.7.self_attn.k_proj,299.584
decode,8,model.layers.7.self_attn.v_proj,289.896
decode,8,model.layers.7.self_attn.q_norm,182.344
decode,8,model.layers.7.self_attn.k_norm,146.563
decode,8,model.layers.7.self_attn.q_rope,164.844
decode,8,model.layers.7.self_attn.k_rope,156.25
decode,8,model.layers.7.self_attn.qk_matmul,428.594
decode,8,model.layers.7.self_attn.mask,171.875
decode,8,model.layers.7.self_attn.softmax,151.719
decode,8,model.layers.7.self_attn.av_matmul,413.646
decode,8,model.layers.7.self_attn.o_proj,425.625
decode,8,model.layers.7.self_attn,4614.48
decode,8,model.layers.7.post_attention_layernorm,180.938
decode,8,model.layers.7.mlp.gate_proj,936.041
decode,8,model.layers.7.mlp.act,155.156
decode,8,model.layers.7.mlp.up_proj,977.188
decode,8,model.layers.7.mlp.down_proj,897.031
decode,8,model.layers.7.mlp,2998.59
decode,8,model.layers.7,8183.59
decode,8,model.layers.8.input_layernorm,168.958
decode,8,model.layers.8.self_attn.q_proj,432.031
decode,8,model.layers.8.self_attn.k_proj,315.052
decode,8,model.layers.8.self_attn.v_proj,278.281
decode,8,model.layers.8.self_attn.q_norm,183.541
decode,8,model.layers.8.self_attn.k_norm,136.458
decode,8,model.layers.8.self_attn.q_rope,146.042
decode,8,model.layers.8.self_attn.k_rope,171.771
decode,8,model.layers.8.self_attn.qk_matmul,389.063
decode,8,model.layers.8.self_attn.mask,163.177
decode,8,model.layers.8.self_attn.softmax,164.062
decode,8,model.layers.8.self_attn.av_matmul,448.802
decode,8,model.layers.8.self_attn.o_proj,408.281
decode,8,model.layers.8.self_attn,4515.73
decode,8,model.layers.8.post_attention_layernorm,169.011
decode,8,model.layers.8.mlp.gate_proj,944.323
decode,8,model.layers.8.mlp.act,131.979
decode,8,model.layers.8.mlp.up_proj,1051.72
decode,8,model.layers.8.mlp.down_proj,887.968
decode,8,model.layers.8.mlp,3050.47
decode,8,model.layers.8,8153.54
decode,8,model.layers.9.input_layernorm,140.573
decode,8,model.layers.9.self_attn.q_proj,436.094
decode,8,model.layers.9.self_attn.k_proj,318.802
decode,8,model.layers.9.self_attn.v_proj,268.125
decode,8,model.layers.9.self_attn.q_norm,144.167
decode,8,model.layers.9.self_attn.k_norm,203.438
decode,8,model.layers.9.self_attn.q_rope,166.667
decode,8,model.layers.9.self_attn.k_rope,212.604
decode,8,model.layers.9.self_attn.qk_matmul,381.823
decode,8,model.layers.9.self_attn.mask,143.177
decode,8,model.layers.9.self_attn.softmax,186.718
decode,8,model.layers.9.self_attn.av_matmul,394.635
decode,8,model.layers.9.self_attn.o_proj,411.25
decode,8,model.layers.9.self_attn,4624.95
decode,8,model.layers.9.post_attention_layernorm,162.812
decode,8,model.layers.9.mlp.gate_proj,993.281
decode,8,model.layers.9.mlp.act,141.355
decode,8,model.layers.9.mlp.up_proj,1001.2
decode,8,model.layers.9.mlp.down_proj,910.156
decode,8,model.layers.9.mlp,3104.69
decode,8,model.layers.9,8293.75
decode,8,model.layers.10.input_layernorm,174.063
decode,8,model.layers.10.self_attn.q_proj,417.344
decode,8,model.layers.10.self_attn.k_proj,319.427
decode,8,model.layers.10.self_attn.v_proj,292.448
decode,8,model.layers.10.self_attn.q_norm,162.5
decode,8,model.layers.10.self_attn.k_norm,198.958
decode,8,model.layers.10.self_attn.q_rope,195.157
decode,8,model.layers.10.self_attn.k_rope,190.156
decode,8,model.layers.10.self_attn.qk_matmul,378.75
decode,8,model.layers.10.self_attn.mask,165.261
decode,8,model.layers.10.self_attn.softmax,169.583
decode,8,model.layers.10.self_attn.av_matmul,452.657
decode,8,model.layers.10.self_attn.o_proj,426.25
decode,8,model.layers.10.self_attn,4703.39
decode,8,model.layers.10.post_attention_layernorm,172.969
decode,8,model.layers.10.mlp.gate_proj,949.844
decode,8,model.layers.10.mlp.act,119.636
decode,8,model.layers.10.mlp.up_proj,950.781
decode,8,model.layers.10.mlp.down_proj,916.666
decode,8,model.layers.10.mlp,2977.66
decode,8,model.layers.10,8252.92
decode,8,model.layers.11.input_layernorm,195.313
decode,8,model.layers.11.self_attn.q_proj,444.427
decode,8,model.layers.11.self_attn.k_proj,284.323
decode,8,model.layers.11.self_attn.v_proj,339.323
decode,8,model.layers.11.self_attn.q_norm,161.093
decode,8,model.layers.11.self_attn.k_norm,169.948
decode,8,model.layers.11.self_attn.q_rope,182.813
decode,8,model.layers.11.self_attn.k_rope,164.531
decode,8,model.layers.11.self_attn.qk_matmul,404.844
decode,8,model.layers.11.self_attn.mask,148.49
decode,8,model.layers.11.self_attn.softmax,169.427
decode,8,model.layers.11.self_attn.av_matmul,439.323
decode,8,model.layers.11.self_attn.o_proj,430.521
decode,8,model.layers.11.self_attn,4653.18
decode,8,model.layers.11.post_attention_layernorm,170.313
decode,8,model.layers.11.mlp.gate_proj,947.5
decode,8,model.layers.11.mlp.act,183.75
decode,8,model.layers.11.mlp.up_proj,945.833
decode,8,model.layers.11.mlp.down_proj,911.875
decode,8,model.layers.11.mlp,3030.16
decode,8,model.layers.11,8350.36
decode,8,model.layers.12.input_layernorm,170.52
decode,8,model.layers.12.self_attn.q_proj,449.375
decode,8,model.layers.12.self_attn.k_proj,365.99
decode,8,model.layers.12.self_attn.v_proj,316.98
decode,8,model.layers.12.self_attn.q_norm,193.906
decode,8,model.layers.12.self_attn.k_norm,177.969
decode,8,model.layers.12.self_attn.q_rope,208.75
decode,8,model.layers.12.self_attn.k_rope,181.719
decode,8,model.layers.12.self_attn.qk_matmul,477.761
decode,8,model.layers.12.self_attn.mask,191.25
decode,8,model.layers.12.self_attn.softmax,187.813
decode,8,model.layers.12.self_attn.av_matmul,427.083
decode,8,model.layers.12.self_attn.o_proj,438.281
decode,8,model.layers.12.self_attn,5063.12
decode,8,model.layers.12.post_attention_layernorm,189.218
decode,8,model.layers.12.mlp.gate_proj,960.208
decode,8,model.layers.12.mlp.act,157.344
decode,8,model.layers.12.mlp.up_proj,943.907
decode,8,model.layers.12.mlp.down_proj,898.334
decode,8,model.layers.12.mlp,3032.76
decode,8,model.layers.12,8726.72
decode,8,model.layers.13.input_layernorm,257.292
decode,8,model.layers.13.self_attn.q_proj,431.459
decode,8,model.layers.13.self_attn.k_proj,311.25
decode,8,model.layers.13.self_attn.v_proj,329.01
decode,8,model.layers.13.self_attn.q_norm,176.146
decode,8,model.layers.13.self_attn.k_norm,206.719
decode,8,model.layers.13.self_attn.q_rope,183.333
decode,8,model.layers.13.self_attn.k_rope,179.01
decode,8,model.layers.13.self_attn.qk_matmul,403.542
decode,8,model.layers.13.self_attn.mask,163.646
decode,8,model.layers.13.self_attn.softmax,242.969
decode,8,model.layers.13.self_attn.av_matmul,427.657
decode,8,model.layers.13.self_attn.o_proj,425.781
decode,8,model.layers.13.self_attn,4960.68
decode,8,model.layers.13.post_attention_layernorm,192.968
decode,8,model.layers.13.mlp.gate_proj,942.187
decode,8,model.layers.13.mlp.act,162.5
decode,8,model.layers.13.mlp.up_proj,946.25
decode,8,model.layers.13.mlp.down_proj,918.282
decode,8,model.layers.13.mlp,3014.38
decode,8,model.layers.13,8668.39
decode,8,model.layers.14.input_layernorm,163.75
decode,8,model.layers.14.self_attn.q_proj,434.375
decode,8,model.layers.14.self_attn.k_proj,298.594
decode,8,model.layers.14.self_attn.v_proj,310.781
decode,8,model.layers.14.self_attn.q_norm,213.75
decode,8,model.layers.14.self_attn.k_norm,151.823
decode,8,model.layers.14.self_attn.q_rope,183.75
decode,8,model.layers.14.self_attn.k_rope,257.5
decode,8,model.layers.14.self_attn.qk_matmul,389.323
decode,8,model.layers.14.self_attn.mask,171.718
decode,8,model.layers.14.self_attn.softmax,190.625
decode,8,model.layers.14.self_attn.av_matmul,415.313
decode,8,model.layers.14.self_attn.o_proj,442.5
decode,8,model.layers.14.self_attn,4931.88
decode,8,model.layers.14.post_attention_layernorm,193.594
decode,8,model.layers.14.mlp.gate_proj,949.688
decode,8,model.layers.14.mlp.act,171.407
decode,8,model.layers.14.mlp.up_proj,931.459
decode,8,model.layers.14.mlp.down_proj,916.563
decode,8,model.layers.14.mlp,3062.5
decode,8,model.layers.14,8659.69
decode,8,model.layers.15.input_layernorm,170.364
decode,8,model.layers.15.self_attn.q_proj,486.563
decode,8,model.layers.15.self_attn.k_proj,295.469
decode,8,model.layers.15.self_attn.v_proj,301.927
decode,8,model.layers.15.self_attn.q_norm,220.677
decode,8,model.layers.15.self_attn.k_norm,167.917
decode,8,model.layers.15.self_attn.q_rope,176.563
decode,8,model.layers.15.self_attn.k_rope,162.031
decode,8,model.layers.15.self_attn.qk_matmul,384.895
decode,8,model.layers.15.self_attn.mask,175
decode,8,model.layers.15.self_attn.softmax,234.375
decode,8,model.layers.15.self_attn.av_matmul,431.406
decode,8,model.layers.15.self_attn.o_proj,420.625
decode,8,model.layers.15.self_attn,5025.78
decode,8,model.layers.15.post_attention_layernorm,167.709
decode,8,model.layers.15.mlp.gate_proj,993.229
decode,8,model.layers.15.mlp.act,168.125
decode,8,model.layers.15.mlp.up_proj,954.115
decode,8,model.layers.15.mlp.down_proj,891.927
decode,8,model.layers.15.mlp,3047.24
decode,8,model.layers.15,8705.89
decode,8,model.layers.16.input_layernorm,195.937
decode,8,model.layers.16.self_attn.q_proj,471.302
decode,8,model.layers.16.self_attn.k_proj,306.407
decode,8,model.layers.16.self_attn.v_proj,331.614
decode,8,model.layers.16.self_attn.q_norm,164.063
decode,8,model.layers.16.self_attn.k_norm,188.437
decode,8,model.layers.16.self_attn.q_rope,171.146
decode,8,model.layers.16.self_attn.k_rope,190.313
decode,8,model.layers.16.self_attn.qk_matmul,639.844
decode,8,model.layers.16.self_attn.mask,197.292
decode,8,model.layers.16.self_attn.softmax,171.406
decode,8,model.layers.16.self_attn.av_matmul,434.01
decode,8,model.layers.16.self_attn.o_proj,440.677
decode,8,model.layers.16.self_attn,5307.24
decode,8,model.layers.16.post_attention_layernorm,186.719
decode,8,model.layers.16.mlp.gate_proj,937.343
decode,8,model.layers.16.mlp.act,189.062
decode,8,model.layers.16.mlp.up_proj,933.75
decode,8,model.layers.16.mlp.down_proj,919.167
decode,8,model.layers.16.mlp,3020.73
decode,8,model.layers.16,8957.76
decode,8,model.layers.17.input_layernorm,186.719
decode,8,model.layers.17.self_attn.q_proj,421.042
decode,8,model.layers.17.self_attn.k_proj,346.615
decode,8,model.layers.17.self_attn.v_proj,305.937
decode,8,model.layers.17.self_attn.q_norm,205.469
decode,8,model.layers.17.self_attn.k_norm,206.406
decode,8,model.layers.17.self_attn.q_rope,164.531
decode,8,model.layers.17.self_attn.k_rope,220.833
decode,8,model.layers.17.self_attn.qk_matmul,390.104
decode,8,model.layers.17.self_attn.mask,177.604
decode,8,model.layers.17.self_attn.softmax,170.885
decode,8,model.layers.17.self_attn.av_matmul,453.907
decode,8,model.layers.17.self_attn.o_proj,455.833
decode,8,model.layers.17.self_attn,4960.83
decode,8,model.layers.17.post_attention_layernorm,165.105
decode,8,model.layers.17.mlp.gate_proj,921.823
decode,8,model.layers.17.mlp.act,181.25
decode,8,model.layers.17.mlp.up_proj,999.532
decode,8,model.layers.17.mlp.down_proj,894.843
decode,8,model.layers.17.mlp,3037.86
decode,8,model.layers.17,8660.1
decode,8,model.layers.18.input_layernorm,153.542
decode,8,model.layers.18.self_attn.q_proj,492.709
decode,8,model.layers.18.self_attn.k_proj,291.875
decode,8,model.layers.18.self_attn.v_proj,330.364
decode,8,model.layers.18.self_attn.q_norm,222.031
decode,8,model.layers.18.self_attn.k_norm,171.979
decode,8,model.layers.18.self_attn.q_rope,181.562
decode,8,model.layers.18.self_attn.k_rope,192.761
decode,8,model.layers.18.self_attn.qk_matmul,409.375
decode,8,model.layers.18.self_attn.mask,163.698
decode,8,model.layers.18.self_attn.softmax,180.625
decode,8,model.layers.18.self_attn.av_matmul,420.781
decode,8,model.layers.18.self_attn.o_proj,495.781
decode,8,model.layers.18.self_attn,5149.01
decode,8,model.layers.18.post_attention_layernorm,190.468
decode,8,model.layers.18.mlp.gate_proj,985.833
decode,8,model.layers.18.mlp.act,164.584
decode,8,model.layers.18.mlp.up_proj,974.218
decode,8,model.layers.18.mlp.down_proj,915.781
decode,8,model.layers.18.mlp,3122.76
decode,8,model.layers.18,8854.9
decode,8,model.layers.19.input_layernorm,163.854
decode,8,model.layers.19.self_attn.q_proj,459.531
decode,8,model.layers.19.self_attn.k_proj,324.115
decode,8,model.layers.19.self_attn.v_proj,290.157
decode,8,model.layers.19.self_attn.q_norm,192.448
decode,8,model.layers.19.self_attn.k_norm,193.125
decode,8,model.layers.19.self_attn.q_rope,199.427
decode,8,model.layers.19.self_attn.k_rope,207.605
decode,8,model.layers.19.self_attn.qk_matmul,595
decode,8,model.layers.19.self_attn.mask,179.375
decode,8,model.layers.19.self_attn.softmax,223.386
decode,8,model.layers.19.self_attn.av_matmul,437.76
decode,8,model.layers.19.self_attn.o_proj,412.135
decode,8,model.layers.19.self_attn,5351.72
decode,8,model.layers.19.post_attention_layernorm,184.114
decode,8,model.layers.19.mlp.gate_proj,938.177
decode,8,model.layers.19.mlp.act,190.625
decode,8,model.layers.19.mlp.up_proj,964.531
decode,8,model.layers.19.mlp.down_proj,920.469
decode,8,model.layers.19.mlp,3054.01
decode,8,model.layers.19,9077.66
decode,8,model.layers.20.input_layernorm,177.76
decode,8,model.layers.20.self_attn.q_proj,426.302
decode,8,model.layers.20.self_attn.k_proj,330.469
decode,8,model.layers.20.self_attn.v_proj,296.406
decode,8,model.layers.20.self_attn.q_norm,183.281
decode,8,model.layers.20.self_attn.k_norm,226.406
decode,8,model.layers.20.self_attn.q_rope,191.927
decode,8,model.layers.20.self_attn.k_rope,194.687
decode,8,model.layers.20.self_attn.qk_matmul,410.52
decode,8,model.layers.20.self_attn.mask,183.906
decode,8,model.layers.20.self_attn.softmax,193.802
decode,8,model.layers.20.self_attn.av_matmul,426.094
decode,8,model.layers.20.self_attn.o_proj,410.312
decode,8,model.layers.20.self_attn,4939.38
decode,8,model.layers.20.post_attention_layernorm,151.771
decode,8,model.layers.20.mlp.gate_proj,957.969
decode,8,model.layers.20.mlp.act,95.781
decode,8,model.layers.20.mlp.up_proj,949.844
decode,8,model.layers.20.mlp.down_proj,919.063
decode,8,model.layers.20.mlp,3043.96
decode,8,model.layers.20,8541.93
decode,8,model.layers.21.input_layernorm,208.021
decode,8,model.layers.21.self_attn.q_proj,418.594
decode,8,model.layers.21.self_attn.k_proj,349.114
decode,8,model.layers.21.self_attn.v_proj,294.219
decode,8,model.layers.21.self_attn.q_norm,154.01
decode,8,model.layers.21.self_attn.k_norm,192.761
decode,8,model.layers.21.self_attn.q_rope,235
decode,8,model.layers.21.self_attn.k_rope,211.25
decode,8,model.layers.21.self_attn.qk_matmul,393.333
decode,8,model.layers.21.self_attn.mask,174.219
decode,8,model.layers.21.self_attn.softmax,193.958
decode,8,model.layers.21.self_attn.av_matmul,438.334
decode,8,model.layers.21.self_attn.o_proj,419.323
decode,8,model.layers.21.self_attn,4996.93
decode,8,model.layers.21.post_attention_layernorm,161.302
decode,8,model.layers.21.mlp.gate_proj,927.344
decode,8,model.layers.21.mlp.act,247.5
decode,8,model.layers.21.mlp.up_proj,982.344
decode,8,model.layers.21.mlp.down_proj,907.187
decode,8,model.layers.21.mlp,3134.84
decode,8,model.layers.21,8813.91
decode,8,model.layers.22.input_layernorm,175.156
decode,8,model.layers.22.self_attn.q_proj,489.531
decode,8,model.layers.22.self_attn.k_proj,296.823
decode,8,model.layers.22.self_attn.v_proj,341.25
decode,8,model.layers.22.self_attn.q_norm,183.438
decode,8,model.layers.22.self_attn.k_norm,176.25
decode,8,model.layers.22.self_attn.q_rope,176.719
decode,8,model.layers.22.self_attn.k_rope,216.511
decode,8,model.layers.22.self_attn.qk_matmul,409.687
decode,8,model.layers.22.self_attn.mask,205.417
decode,8,model.layers.22.self_attn.softmax,178.49
decode,8,model.layers.22.self_attn.av_matmul,405.625
decode,8,model.layers.22.self_attn.o_proj,425.937
decode,8,model.layers.22.self_attn,4947.03
decode,8,model.layers.22.post_attention_layernorm,183.906
decode,8,model.layers.22.mlp.gate_proj,946.406
decode,8,model.layers.22.mlp.act,200.938
decode,8,model.layers.22.mlp.up_proj,928.958
decode,8,model.layers.22.mlp.down_proj,918.855
decode,8,model.layers.22.mlp,3075.73
decode,8,model.layers.22,8641.98
decode,8,model.layers.23.input_layernorm,185.781
decode,8,model.layers.23.self_attn.q_proj,423.906
decode,8,model.layers.23.self_attn.k_proj,349.948
decode,8,model.layers.23.self_attn.v_proj,298.125
decode,8,model.layers.23.self_attn.q_norm,213.906
decode,8,model.layers.23.self_attn.k_norm,167.969
decode,8,model.layers.23.self_attn.q_rope,153.021
decode,8,model.layers.23.self_attn.k_rope,201.979
decode,8,model.layers.23.self_attn.qk_matmul,412.188
decode,8,model.layers.23.self_attn.mask,171.459
decode,8,model.layers.23.self_attn.softmax,203.906
decode,8,model.layers.23.self_attn.av_matmul,412.864
decode,8,model.layers.23.self_attn.o_proj,413.698
decode,8,model.layers.23.self_attn,4938.7
decode,8,model.layers.23.post_attention_layernorm,166.407
decode,8,model.layers.23.mlp.gate_proj,997.968
decode,8,model.layers.23.mlp.act,167.813
decode,8,model.layers.23.mlp.up_proj,972.343
decode,8,model.layers.23.mlp.down_proj,932.084
decode,8,model.layers.23.mlp,3112.29
decode,8,model.layers.23,8695.47
decode,8,model.layers.24.input_layernorm,189.114
decode,8,model.layers.24.self_attn.q_proj,452.917
decode,8,model.layers.24.self_attn.k_proj,305.157
decode,8,model.layers.24.self_attn.v_proj,366.667
decode,8,model.layers.24.self_attn.q_norm,171.25
decode,8,model.layers.24.self_attn.k_norm,207.969
decode,8,model.layers.24.self_attn.q_rope,164.219
decode,8,model.layers.24.self_attn.k_rope,196.406
decode,8,model.layers.24.self_attn.qk_matmul,425.573
decode,8,model.layers.24.self_attn.mask,187.344
decode,8,model.layers.24.self_attn.softmax,165.677
decode,8,model.layers.24.self_attn.av_matmul,461.771
decode,8,model.layers.24.self_attn.o_proj,440.208
decode,8,model.layers.24.self_attn,4966.56
decode,8,model.layers.24.post_attention_layernorm,148.907
decode,8,model.layers.24.mlp.gate_proj,934.844
decode,8,model.layers.24.mlp.act,156.094
decode,8,model.layers.24.mlp.up_proj,964.375
decode,8,model.layers.24.mlp.down_proj,923.594
decode,8,model.layers.24.mlp,3021.88
decode,8,model.layers.24,8569.74
decode,8,model.layers.25.input_layernorm,201.458
decode,8,model.layers.25.self_attn.q_proj,404.688
decode,8,model.layers.25.self_attn.k_proj,317.032
decode,8,model.layers.25.self_attn.v_proj,274.323
decode,8,model.layers.25.self_attn.q_norm,226.458
decode,8,model.layers.25.self_attn.k_norm,157.813
decode,8,model.layers.25.self_attn.q_rope,173.438
decode,8,model.layers.25.self_attn.k_rope,207.083
decode,8,model.layers.25.self_attn.qk_matmul,398.906
decode,8,model.layers.25.self_attn.mask,174.271
decode,8,model.layers.25.self_attn.softmax,198.906
decode,8,model.layers.25.self_attn.av_matmul,489.062
decode,8,model.layers.25.self_attn.o_proj,432.344
decode,8,model.layers.25.self_attn,4910
decode,8,model.layers.25.post_attention_layernorm,167.187
decode,8,model.layers.25.mlp.gate_proj,925.886
decode,8,model.layers.25.mlp.act,230.052
decode,8,model.layers.25.mlp.up_proj,964.792
decode,8,model.layers.25.mlp.down_proj,911.302
decode,8,model.layers.25.mlp,3074.74
decode,8,model.layers.25,8679.58
decode,8,model.layers.26.input_layernorm,174.74
decode,8,model.layers.26.self_attn.q_proj,462.865
decode,8,model.layers.26.self_attn.k_proj,330.573
decode,8,model.layers.26.self_attn.v_proj,299.427
decode,8,model.layers.26.self_attn.q_norm,189.375
decode,8,model.layers.26.self_attn.k_norm,191.875
decode,8,model.layers.26.self_attn.q_rope,187.396
decode,8,model.layers.26.self_attn.k_rope,179.687
decode,8,model.layers.26.self_attn.qk_matmul,460.73
decode,8,model.layers.26.self_attn.mask,198.229
decode,8,model.layers.26.self_attn.softmax,216.407
decode,8,model.layers.26.self_attn.av_matmul,417.864
decode,8,model.layers.26.self_attn.o_proj,452.291
decode,8,model.layers.26.self_attn,5136.61
decode,8,model.layers.26.post_attention_layernorm,172.709
decode,8,model.layers.26.mlp.gate_proj,967.656
decode,8,model.layers.26.mlp.act,228.437
decode,8,model.layers.26.mlp.up_proj,933.125
decode,8,model.layers.26.mlp.down_proj,940.625
decode,8,model.layers.26.mlp,3118.28
decode,8,model.layers.26,8835.89
decode,8,model.layers.27.input_layernorm,218.959
decode,8,model.layers.27.self_attn.q_proj,435.782
decode,8,model.layers.27.self_attn.k_proj,335.469
decode,8,model.layers.27.self_attn.v_proj,304.688
decode,8,model.layers.27.self_attn.q_norm,211.458
decode,8,model.layers.27.self_attn.k_norm,206.875
decode,8,model.layers.27.self_attn.q_rope,184.063
decode,8,model.layers.27.self_attn.k_rope,202.656
decode,8,model.layers.27.self_attn.qk_matmul,382.969
decode,8,model.layers.27.self_attn.mask,164.895
decode,8,model.layers.27.self_attn.softmax,207.917
decode,8,model.layers.27.self_attn.av_matmul,414.687
decode,8,model.layers.27.self_attn.o_proj,419.062
decode,8,model.layers.27.self_attn,4986.09
decode,8,model.layers.27.post_attention_layernorm,167.969
decode,8,model.layers.27.mlp.gate_proj,965.156
decode,8,model.layers.27.mlp.act,180.364
decode,8,model.layers.27.mlp.up_proj,959.219
decode,8,model.layers.27.mlp.down_proj,919.063
decode,8,model.layers.27.mlp,3105.31
decode,8,model.layers.27,8764.38
decode,8,model.norm,195.156
decode,8,model,242639
decode,8,lm_head_out,98433.3
decode,8,model.embed_tokens,5.625
decode,9,model.layers.0.input_layernorm,5402.92
decode,9,model.layers.0.self_attn.q_proj,395.417
decode,9,model.layers.0.self_attn.k_proj,274.583
decode,9,model.layers.0.self_attn.v_proj,266.093
decode,9,model.layers.0.self_attn.q_norm,138.437
decode,9,model.layers.0.self_attn.k_norm,135.156
decode,9,model.layers.0.self_attn.q_rope,170.468
decode,9,model.layers.0.self_attn.k_rope,156.042
decode,9,model.layers.0.self_attn.qk_matmul,373.177
decode,9,model.layers.0.self_attn.mask,128.594
decode,9,model.layers.0.self_attn.softmax,142.968
decode,9,model.layers.0.self_attn.av_matmul,402.031
decode,9,model.layers.0.self_attn.o_proj,382.344
decode,9,model.layers.0.self_attn,3750.47
decode,9,model.layers.0.post_attention_layernorm,134.219
decode,9,model.layers.0.mlp.gate_proj,875.625
decode,9,model.layers.0.mlp.act,135.052
decode,9,model.layers.0.mlp.up_proj,906.667
decode,9,model.layers.0.mlp.down_proj,833.02
decode,9,model.layers.0.mlp,2773.12
decode,9,model.layers.0,12228.6
decode,9,model.layers.1.input_layernorm,139.531
decode,9,model.layers.1.self_attn.q_proj,382.969
decode,9,model.layers.1.self_attn.k_proj,263.438
decode,9,model.layers.1.self_attn.v_proj,258.437
decode,9,model.layers.1.self_attn.q_norm,130.313
decode,9,model.layers.1.self_attn.k_norm,129.792
decode,9,model.layers.1.self_attn.q_rope,176.719
decode,9,model.layers.1.self_attn.k_rope,132.031
decode,9,model.layers.1.self_attn.qk_matmul,382.656
decode,9,model.layers.1.self_attn.mask,126.406
decode,9,model.layers.1.self_attn.softmax,108.229
decode,9,model.layers.1.self_attn.av_matmul,367.291
decode,9,model.layers.1.self_attn.o_proj,354.271
decode,9,model.layers.1.self_attn,3763.39
decode,9,model.layers.1.post_attention_layernorm,112.188
decode,9,model.layers.1.mlp.gate_proj,842.032
decode,9,model.layers.1.mlp.act,136.719
decode,9,model.layers.1.mlp.up_proj,865.105
decode,9,model.layers.1.mlp.down_proj,812.604
decode,9,model.layers.1.mlp,2700.26
decode,9,model.layers.1,6907.03
decode,9,model.layers.2.input_layernorm,140.208
decode,9,model.layers.2.self_attn.q_proj,380.468
decode,9,model.layers.2.self_attn.k_proj,255.469
decode,9,model.layers.2.self_attn.v_proj,250
decode,9,model.layers.2.self_attn.q_norm,125.782
decode,9,model.layers.2.self_attn.k_norm,131.562
decode,9,model.layers.2.self_attn.q_rope,165.937
decode,9,model.layers.2.self_attn.k_rope,125.886
decode,9,model.layers.2.self_attn.qk_matmul,364.688
decode,9,model.layers.2.self_attn.mask,133.594
decode,9,model.layers.2.self_attn.softmax,121.354
decode,9,model.layers.2.self_attn.av_matmul,400.886
decode,9,model.layers.2.self_attn.o_proj,379.635
decode,9,model.layers.2.self_attn,3690.83
decode,9,model.layers.2.post_attention_layernorm,117.917
decode,9,model.layers.2.mlp.gate_proj,883.593
decode,9,model.layers.2.mlp.act,103.958
decode,9,model.layers.2.mlp.up_proj,848.177
decode,9,model.layers.2.mlp.down_proj,827.813
decode,9,model.layers.2.mlp,2694.27
decode,9,model.layers.2,6801.82
decode,9,model.layers.3.input_layernorm,140
decode,9,model.layers.3.self_attn.q_proj,368.75
decode,9,model.layers.3.self_attn.k_proj,267.761
decode,9,model.layers.3.self_attn.v_proj,238.177
decode,9,model.layers.3.self_attn.q_norm,140.625
decode,9,model.layers.3.self_attn.k_norm,117.656
decode,9,model.layers.3.self_attn.q_rope,134.271
decode,9,model.layers.3.self_attn.k_rope,148.386
decode,9,model.layers.3.self_attn.qk_matmul,340.938
decode,9,model.layers.3.self_attn.mask,120.417
decode,9,model.layers.3.self_attn.softmax,145.781
decode,9,model.layers.3.self_attn.av_matmul,387.605
decode,9,model.layers.3.self_attn.o_proj,375.937
decode,9,model.layers.3.self_attn,3746.25
decode,9,model.layers.3.post_attention_layernorm,132.969
decode,9,model.layers.3.mlp.gate_proj,899.219
decode,9,model.layers.3.mlp.act,127.917
decode,9,model.layers.3.mlp.up_proj,882.708
decode,9,model.layers.3.mlp.down_proj,820.781
decode,9,model.layers.3.mlp,2753.12
decode,9,model.layers.3,6951.56
decode,9,model.layers.4.input_layernorm,162.813
decode,9,model.layers.4.self_attn.q_proj,383.958
decode,9,model.layers.4.self_attn.k_proj,257.031
decode,9,model.layers.4.self_attn.v_proj,289.062
decode,9,model.layers.4.self_attn.q_norm,123.802
decode,9,model.layers.4.self_attn.k_norm,138.437
decode,9,model.layers.4.self_attn.q_rope,161.25
decode,9,model.layers.4.self_attn.k_rope,135.938
decode,9,model.layers.4.self_attn.qk_matmul,356.823
decode,9,model.layers.4.self_attn.mask,141.041
decode,9,model.layers.4.self_attn.softmax,136.042
decode,9,model.layers.4.self_attn.av_matmul,414.844
decode,9,model.layers.4.self_attn.o_proj,381.146
decode,9,model.layers.4.self_attn,3861.98
decode,9,model.layers.4.post_attention_layernorm,131.354
decode,9,model.layers.4.mlp.gate_proj,870.052
decode,9,model.layers.4.mlp.act,136.875
decode,9,model.layers.4.mlp.up_proj,865.521
decode,9,model.layers.4.mlp.down_proj,805.156
decode,9,model.layers.4.mlp,2726.93
decode,9,model.layers.4,7064.69
decode,9,model.layers.5.input_layernorm,155.52
decode,9,model.layers.5.self_attn.q_proj,377.032
decode,9,model.layers.5.self_attn.k_proj,257.917
decode,9,model.layers.5.self_attn.v_proj,254.635
decode,9,model.layers.5.self_attn.q_norm,124.74
decode,9,model.layers.5.self_attn.k_norm,167.656
decode,9,model.layers.5.self_attn.q_rope,131.823
decode,9,model.layers.5.self_attn.k_rope,137.864
decode,9,model.layers.5.self_attn.qk_matmul,358.282
decode,9,model.layers.5.self_attn.mask,122.865
decode,9,model.layers.5.self_attn.softmax,147.448
decode,9,model.layers.5.self_attn.av_matmul,391.875
decode,9,model.layers.5.self_attn.o_proj,365.781
decode,9,model.layers.5.self_attn,3843.49
decode,9,model.layers.5.post_attention_layernorm,135.938
decode,9,model.layers.5.mlp.gate_proj,890.885
decode,9,model.layers.5.mlp.act,127.396
decode,9,model.layers.5.mlp.up_proj,888.437
decode,9,model.layers.5.mlp.down_proj,817.239
decode,9,model.layers.5.mlp,2778.28
decode,9,model.layers.5,7066.56
decode,9,model.layers.6.input_layernorm,198.386
decode,9,model.layers.6.self_attn.q_proj,388.854
decode,9,model.layers.6.self_attn.k_proj,292.292
decode,9,model.layers.6.self_attn.v_proj,248.594
decode,9,model.layers.6.self_attn.q_norm,164.843
decode,9,model.layers.6.self_attn.k_norm,144.635
decode,9,model.layers.6.self_attn.q_rope,148.906
decode,9,model.layers.6.self_attn.k_rope,137.135
decode,9,model.layers.6.self_attn.qk_matmul,371.562
decode,9,model.layers.6.self_attn.mask,147.604
decode,9,model.layers.6.self_attn.softmax,129.011
decode,9,model.layers.6.self_attn.av_matmul,407.865
decode,9,model.layers.6.self_attn.o_proj,371.094
decode,9,model.layers.6.self_attn,4034.58
decode,9,model.layers.6.post_attention_layernorm,151.927
decode,9,model.layers.6.mlp.gate_proj,920.833
decode,9,model.layers.6.mlp.act,144.063
decode,9,model.layers.6.mlp.up_proj,876.511
decode,9,model.layers.6.mlp.down_proj,819.375
decode,9,model.layers.6.mlp,2787.81
decode,9,model.layers.6,7370.16
decode,9,model.layers.7.input_layernorm,134.583
decode,9,model.layers.7.self_attn.q_proj,409.01
decode,9,model.layers.7.self_attn.k_proj,283.75
decode,9,model.layers.7.self_attn.v_proj,294.114
decode,9,model.layers.7.self_attn.q_norm,144.844
decode,9,model.layers.7.self_attn.k_norm,149.114
decode,9,model.layers.7.self_attn.q_rope,140.99
decode,9,model.layers.7.self_attn.k_rope,137.136
decode,9,model.layers.7.self_attn.qk_matmul,357.656
decode,9,model.layers.7.self_attn.mask,137.031
decode,9,model.layers.7.self_attn.softmax,194.218
decode,9,model.layers.7.self_attn.av_matmul,415.677
decode,9,model.layers.7.self_attn.o_proj,384.271
decode,9,model.layers.7.self_attn,4064.84
decode,9,model.layers.7.post_attention_layernorm,148.854
decode,9,model.layers.7.mlp.gate_proj,856.563
decode,9,model.layers.7.mlp.act,145.364
decode,9,model.layers.7.mlp.up_proj,902.813
decode,9,model.layers.7.mlp.down_proj,797.396
decode,9,model.layers.7.mlp,2727.71
decode,9,model.layers.7,7349.17
decode,9,model.layers.8.input_layernorm,146.771
decode,9,model.layers.8.self_attn.q_proj,423.594
decode,9,model.layers.8.self_attn.k_proj,314.375
decode,9,model.layers.8.self_attn.v_proj,262.657
decode,9,model.layers.8.self_attn.q_norm,133.021
decode,9,model.layers.8.self_attn.k_norm,154.375
decode,9,model.layers.8.self_attn.q_rope,180.677
decode,9,model.layers.8.self_attn.k_rope,143.021
decode,9,model.layers.8.self_attn.qk_matmul,357.917
decode,9,model.layers.8.self_attn.mask,153.281
decode,9,model.layers.8.self_attn.softmax,154.792
decode,9,model.layers.8.self_attn.av_matmul,439.531
decode,9,model.layers.8.self_attn.o_proj,373.021
decode,9,model.layers.8.self_attn,4222.19
decode,9,model.layers.8.post_attention_layernorm,159.844
decode,9,model.layers.8.mlp.gate_proj,908.438
decode,9,model.layers.8.mlp.act,116.927
decode,9,model.layers.8.mlp.up_proj,888.438
decode,9,model.layers.8.mlp.down_proj,822.448
decode,9,model.layers.8.mlp,2766.56
decode,9,model.layers.8,7493.18
decode,9,model.layers.9.input_layernorm,162.032
decode,9,model.layers.9.self_attn.q_proj,415.521
decode,9,model.layers.9.self_attn.k_proj,271.198
decode,9,model.layers.9.self_attn.v_proj,289.687
decode,9,model.layers.9.self_attn.q_norm,143.906
decode,9,model.layers.9.self_attn.k_norm,130.052
decode,9,model.layers.9.self_attn.q_rope,145.885
decode,9,model.layers.9.self_attn.k_rope,159.844
decode,9,model.layers.9.self_attn.qk_matmul,388.698
decode,9,model.layers.9.self_attn.mask,140.104
decode,9,model.layers.9.self_attn.softmax,138.282
decode,9,model.layers.9.self_attn.av_matmul,409.688
decode,9,model.layers.9.self_attn.o_proj,408.593
decode,9,model.layers.9.self_attn,4167.19
decode,9,model.layers.9.post_attention_layernorm,133.906
decode,9,model.layers.9.mlp.gate_proj,907.708
decode,9,model.layers.9.mlp.act,183.75
decode,9,model.layers.9.mlp.up_proj,936.458
decode,9,model.layers.9.mlp.down_proj,882.708
decode,9,model.layers.9.mlp,2970.16
decode,9,model.layers.9,7675.42
decode,9,model.layers.10.input_layernorm,168.386
decode,9,model.layers.10.self_attn.q_proj,422.917
decode,9,model.layers.10.self_attn.k_proj,352.812
decode,9,model.layers.10.self_attn.v_proj,269.531
decode,9,model.layers.10.self_attn.q_norm,168.437
decode,9,model.layers.10.self_attn.k_norm,190.521
decode,9,model.layers.10.self_attn.q_rope,145.313
decode,9,model.layers.10.self_attn.k_rope,170.521
decode,9,model.layers.10.self_attn.qk_matmul,355.886
decode,9,model.layers.10.self_attn.mask,133.281
decode,9,model.layers.10.self_attn.softmax,171.094
decode,9,model.layers.10.self_attn.av_matmul,404.063
decode,9,model.layers.10.self_attn.o_proj,392.604
decode,9,model.layers.10.self_attn,4316.25
decode,9,model.layers.10.post_attention_layernorm,147.083
decode,9,model.layers.10.mlp.gate_proj,949.896
decode,9,model.layers.10.mlp.act,143.542
decode,9,model.layers.10.mlp.up_proj,950.885
decode,9,model.layers.10.mlp.down_proj,889.531
decode,9,model.layers.10.mlp,2967.66
decode,9,model.layers.10,7815.36
decode,9,model.layers.11.input_layernorm,140
decode,9,model.layers.11.self_attn.q_proj,444.532
decode,9,model.layers.11.self_attn.k_proj,277.083
decode,9,model.layers.11.self_attn.v_proj,305.573
decode,9,model.layers.11.self_attn.q_norm,174.27
decode,9,model.layers.11.self_attn.k_norm,135
decode,9,model.layers.11.self_attn.q_rope,165.156
decode,9,model.layers.11.self_attn.k_rope,167.188
decode,9,model.layers.11.self_attn.qk_matmul,372.448
decode,9,model.layers.11.self_attn.mask,124.531
decode,9,model.layers.11.self_attn.softmax,159.427
decode,9,model.layers.11.self_attn.av_matmul,422.761
decode,9,model.layers.11.self_attn.o_proj,410.73
decode,9,model.layers.11.self_attn,4253.07
decode,9,model.layers.11.post_attention_layernorm,143.594
decode,9,model.layers.11.mlp.gate_proj,902.083
decode,9,model.layers.11.mlp.act,152.5
decode,9,model.layers.11.mlp.up_proj,911.198
decode,9,model.layers.11.mlp.down_proj,894.219
decode,9,model.layers.11.mlp,2891.25
decode,9,model.layers.11,7672.81
decode,9,model.layers.12.input_layernorm,177.812
decode,9,model.layers.12.self_attn.q_proj,399.584
decode,9,model.layers.12.self_attn.k_proj,290.625
decode,9,model.layers.12.self_attn.v_proj,298.646
decode,9,model.layers.12.self_attn.q_norm,129.843
decode,9,model.layers.12.self_attn.k_norm,164.948
decode,9,model.layers.12.self_attn.q_rope,149.167
decode,9,model.layers.12.self_attn.k_rope,182.916
decode,9,model.layers.12.self_attn.qk_matmul,378.75
decode,9,model.layers.12.self_attn.mask,144.948
decode,9,model.layers.12.self_attn.softmax,175.521
decode,9,model.layers.12.self_attn.av_matmul,418.594
decode,9,model.layers.12.self_attn.o_proj,407.239
decode,9,model.layers.12.self_attn,4287.45
decode,9,model.layers.12.post_attention_layernorm,139.323
decode,9,model.layers.12.mlp.gate_proj,916.198
decode,9,model.layers.12.mlp.act,138.073
decode,9,model.layers.12.mlp.up_proj,932.5
decode,9,model.layers.12.mlp.down_proj,866.875
decode,9,model.layers.12.mlp,2882.14
decode,9,model.layers.12,7750.73
decode,9,model.layers.13.input_layernorm,154.895
decode,9,model.layers.13.self_attn.q_proj,395.99
decode,9,model.layers.13.self_attn.k_proj,270.469
decode,9,model.layers.13.self_attn.v_proj,314.948
decode,9,model.layers.13.self_attn.q_norm,147.917
decode,9,model.layers.13.self_attn.k_norm,193.594
decode,9,model.layers.13.self_attn.q_rope,177.135
decode,9,model.layers.13.self_attn.k_rope,134.219
decode,9,model.layers.13.self_attn.qk_matmul,350.886
decode,9,model.layers.13.self_attn.mask,155.625
decode,9,model.layers.13.self_attn.softmax,167.031
decode,9,model.layers.13.self_attn.av_matmul,412.969
decode,9,model.layers.13.self_attn.o_proj,405.104
decode,9,model.layers.13.self_attn,4257.55
decode,9,model.layers.13.post_attention_layernorm,137.344
decode,9,model.layers.13.mlp.gate_proj,896.771
decode,9,model.layers.13.mlp.act,165.157
decode,9,model.layers.13.mlp.up_proj,1004.38
decode,9,model.layers.13.mlp.down_proj,950.261
decode,9,model.layers.13.mlp,3084.69
decode,9,model.layers.13,7850.52
decode,9,model.layers.14.input_layernorm,172.812
decode,9,model.layers.14.self_attn.q_proj,398.229
decode,9,model.layers.14.self_attn.k_proj,298.386
decode,9,model.layers.14.self_attn.v_proj,265.469
decode,9,model.layers.14.self_attn.q_norm,168.906
decode,9,model.layers.14.self_attn.k_norm,172.708
decode,9,model.layers.14.self_attn.q_rope,177.604
decode,9,model.layers.14.self_attn.k_rope,122.656
decode,9,model.layers.14.self_attn.qk_matmul,355.625
decode,9,model.layers.14.self_attn.mask,125.468
decode,9,model.layers.14.self_attn.softmax,170.469
decode,9,model.layers.14.self_attn.av_matmul,402.865
decode,9,model.layers.14.self_attn.o_proj,402.084
decode,9,model.layers.14.self_attn,4174.79
decode,9,model.layers.14.post_attention_layernorm,159.792
decode,9,model.layers.14.mlp.gate_proj,909.843
decode,9,model.layers.14.mlp.act,199.896
decode,9,model.layers.14.mlp.up_proj,891.562
decode,9,model.layers.14.mlp.down_proj,884.323
decode,9,model.layers.14.mlp,2950.21
decode,9,model.layers.14,7650
decode,9,model.layers.15.input_layernorm,153.386
decode,9,model.layers.15.self_attn.q_proj,409.271
decode,9,model.layers.15.self_attn.k_proj,257.812
decode,9,model.layers.15.self_attn.v_proj,292.968
decode,9,model.layers.15.self_attn.q_norm,147.031
decode,9,model.layers.15.self_attn.k_norm,170.208
decode,9,model.layers.15.self_attn.q_rope,138.75
decode,9,model.layers.15.self_attn.k_rope,155.938
decode,9,model.layers.15.self_attn.qk_matmul,362.031
decode,9,model.layers.15.self_attn.mask,163.125
decode,9,model.layers.15.self_attn.softmax,153.489
decode,9,model.layers.15.self_attn.av_matmul,375.468
decode,9,model.layers.15.self_attn.o_proj,388.021
decode,9,model.layers.15.self_attn,4247.4
decode,9,model.layers.15.post_attention_layernorm,136.875
decode,9,model.layers.15.mlp.gate_proj,907.344
decode,9,model.layers.15.mlp.act,132.916
decode,9,model.layers.15.mlp.up_proj,905.885
decode,9,model.layers.15.mlp.down_proj,885.364
decode,9,model.layers.15.mlp,2883.44
decode,9,model.layers.15,7653.54
decode,9,model.layers.16.input_layernorm,145.417
decode,9,model.layers.16.self_attn.q_proj,422.032
decode,9,model.layers.16.self_attn.k_proj,278.229
decode,9,model.layers.16.self_attn.v_proj,292.031
decode,9,model.layers.16.self_attn.q_norm,167.448
decode,9,model.layers.16.self_attn.k_norm,141.667
decode,9,model.layers.16.self_attn.q_rope,148.907
decode,9,model.layers.16.self_attn.k_rope,168.907
decode,9,model.layers.16.self_attn.qk_matmul,382.084
decode,9,model.layers.16.self_attn.mask,150.365
decode,9,model.layers.16.self_attn.softmax,162.969
decode,9,model.layers.16.self_attn.av_matmul,401.406
decode,9,model.layers.16.self_attn.o_proj,410.157
decode,9,model.layers.16.self_attn,4306.25
decode,9,model.layers.16.post_attention_layernorm,142.083
decode,9,model.layers.16.mlp.gate_proj,957.083
decode,9,model.layers.16.mlp.act,146.719
decode,9,model.layers.16.mlp.up_proj,934.063
decode,9,model.layers.16.mlp.down_proj,887.448
decode,9,model.layers.16.mlp,2960.78
decode,9,model.layers.16,7734.32
decode,9,model.layers.17.input_layernorm,122.761
decode,9,model.layers.17.self_attn.q_proj,456.25
decode,9,model.layers.17.self_attn.k_proj,290.782
decode,9,model.layers.17.self_attn.v_proj,273.438
decode,9,model.layers.17.self_attn.q_norm,154.48
decode,9,model.layers.17.self_attn.k_norm,164.844
decode,9,model.layers.17.self_attn.q_rope,149.636
decode,9,model.layers.17.self_attn.k_rope,161.406
decode,9,model.layers.17.self_attn.qk_matmul,386.875
decode,9,model.layers.17.self_attn.mask,153.177
decode,9,model.layers.17.self_attn.softmax,152.5
decode,9,model.layers.17.self_attn.av_matmul,385.156
decode,9,model.layers.17.self_attn.o_proj,409.531
decode,9,model.layers.17.self_attn,4266.77
decode,9,model.layers.17.post_attention_layernorm,164.01
decode,9,model.layers.17.mlp.gate_proj,914.844
decode,9,model.layers.17.mlp.act,190.573
decode,9,model.layers.17.mlp.up_proj,904.531
decode,9,model.layers.17.mlp.down_proj,893.125
decode,9,model.layers.17.mlp,2963.39
decode,9,model.layers.17,7715.16
decode,9,model.layers.18.input_layernorm,189.896
decode,9,model.layers.18.self_attn.q_proj,399.271
decode,9,model.layers.18.self_attn.k_proj,320.417
decode,9,model.layers.18.self_attn.v_proj,254.219
decode,9,model.layers.18.self_attn.q_norm,118.437
decode,9,model.layers.18.self_attn.k_norm,188.802
decode,9,model.layers.18.self_attn.q_rope,164.375
decode,9,model.layers.18.self_attn.k_rope,158.75
decode,9,model.layers.18.self_attn.qk_matmul,350.625
decode,9,model.layers.18.self_attn.mask,157.657
decode,9,model.layers.18.self_attn.softmax,169.688
decode,9,model.layers.18.self_attn.av_matmul,412.5
decode,9,model.layers.18.self_attn.o_proj,415.26
decode,9,model.layers.18.self_attn,4216.35
decode,9,model.layers.18.post_attention_layernorm,152.5
decode,9,model.layers.18.mlp.gate_proj,900.521
decode,9,model.layers.18.mlp.act,183.594
decode,9,model.layers.18.mlp.up_proj,918.906
decode,9,model.layers.18.mlp.down_proj,878.281
decode,9,model.layers.18.mlp,2931.67
decode,9,model.layers.18,7742.97
decode,9,model.layers.19.input_layernorm,143.333
decode,9,model.layers.19.self_attn.q_proj,443.802
decode,9,model.layers.19.self_attn.k_proj,272.083
decode,9,model.layers.19.self_attn.v_proj,327.031
decode,9,model.layers.19.self_attn.q_norm,152.917
decode,9,model.layers.19.self_attn.k_norm,166.563
decode,9,model.layers.19.self_attn.q_rope,152.031
decode,9,model.layers.19.self_attn.k_rope,170.625
decode,9,model.layers.19.self_attn.qk_matmul,371.25
decode,9,model.layers.19.self_attn.mask,168.698
decode,9,model.layers.19.self_attn.softmax,157.657
decode,9,model.layers.19.self_attn.av_matmul,431.875
decode,9,model.layers.19.self_attn.o_proj,400.365
decode,9,model.layers.19.self_attn,4324.17
decode,9,model.layers.19.post_attention_layernorm,152.969
decode,9,model.layers.19.mlp.gate_proj,908.021
decode,9,model.layers.19.mlp.act,160.312
decode,9,model.layers.19.mlp.up_proj,936.094
decode,9,model.layers.19.mlp.down_proj,886.666
decode,9,model.layers.19.mlp,2934.84
decode,9,model.layers.19,7809.01
decode,9,model.layers.20.input_layernorm,148.229
decode,9,model.layers.20.self_attn.q_proj,420.313
decode,9,model.layers.20.self_attn.k_proj,304.271
decode,9,model.layers.20.self_attn.v_proj,266.093
decode,9,model.layers.20.self_attn.q_norm,157.083
decode,9,model.layers.20.self_attn.k_norm,157.968
decode,9,model.layers.20.self_attn.q_rope,152.5
decode,9,model.layers.20.self_attn.k_rope,180.208
decode,9,model.layers.20.self_attn.qk_matmul,415.261
decode,9,model.layers.20.self_attn.mask,131.928
decode,9,model.layers.20.self_attn.softmax,210.417
decode,9,model.layers.20.self_attn.av_matmul,399.844
decode,9,model.layers.20.self_attn.o_proj,401.875
decode,9,model.layers.20.self_attn,4318.02
decode,9,model.layers.20.post_attention_layernorm,125.677
decode,9,model.layers.20.mlp.gate_proj,898.593
decode,9,model.layers.20.mlp.act,140.156
decode,9,model.layers.20.mlp.up_proj,922.709
decode,9,model.layers.20.mlp.down_proj,872.604
decode,9,model.layers.20.mlp,2862.97
decode,9,model.layers.20,7662.66
decode,9,model.layers.21.input_layernorm,145.625
decode,9,model.layers.21.self_attn.q_proj,437.031
decode,9,model.layers.21.self_attn.k_proj,279.688
decode,9,model.layers.21.self_attn.v_proj,253.594
decode,9,model.layers.21.self_attn.q_norm,131.25
decode,9,model.layers.21.self_attn.k_norm,145
decode,9,model.layers.21.self_attn.q_rope,145.99
decode,9,model.layers.21.self_attn.k_rope,173.125
decode,9,model.layers.21.self_attn.qk_matmul,363.386
decode,9,model.layers.21.self_attn.mask,145.625
decode,9,model.layers.21.self_attn.softmax,144.063
decode,9,model.layers.21.self_attn.av_matmul,402.812
decode,9,model.layers.21.self_attn.o_proj,423.021
decode,9,model.layers.21.self_attn,4168.02
decode,9,model.layers.21.post_attention_layernorm,153.385
decode,9,model.layers.21.mlp.gate_proj,963.385
decode,9,model.layers.21.mlp.act,175
decode,9,model.layers.21.mlp.up_proj,911.25
decode,9,model.layers.21.mlp.down_proj,895
decode,9,model.layers.21.mlp,3002.66
decode,9,model.layers.21,7684.84
decode,9,model.layers.22.input_layernorm,189.688
decode,9,model.layers.22.self_attn.q_proj,405.365
decode,9,model.layers.22.self_attn.k_proj,272.709
decode,9,model.layers.22.self_attn.v_proj,314.323
decode,9,model.layers.22.self_attn.q_norm,145.469
decode,9,model.layers.22.self_attn.k_norm,175.521
decode,9,model.layers.22.self_attn.q_rope,147.032
decode,9,model.layers.22.self_attn.k_rope,127.656
decode,9,model.layers.22.self_attn.qk_matmul,346.198
decode,9,model.layers.22.self_attn.mask,121.563
decode,9,model.layers.22.self_attn.softmax,162.969
decode,9,model.layers.22.self_attn.av_matmul,465
decode,9,model.layers.22.self_attn.o_proj,402.604
decode,9,model.layers.22.self_attn,4145.16
decode,9,model.layers.22.post_attention_layernorm,164.843
decode,9,model.layers.22.mlp.gate_proj,927.031
decode,9,model.layers.22.mlp.act,143.385
decode,9,model.layers.22.mlp.up_proj,910.313
decode,9,model.layers.22.mlp.down_proj,880.573
decode,9,model.layers.22.mlp,2932.34
decode,9,model.layers.22,7661.3
decode,9,model.layers.23.input_layernorm,239.791
decode,9,model.layers.23.self_attn.q_proj,405.781
decode,9,model.layers.23.self_attn.k_proj,281.406
decode,9,model.layers.23.self_attn.v_proj,306.667
decode,9,model.layers.23.self_attn.q_norm,149.687
decode,9,model.layers.23.self_attn.k_norm,143.697
decode,9,model.layers.23.self_attn.q_rope,184.271
decode,9,model.layers.23.self_attn.k_rope,160.156
decode,9,model.layers.23.self_attn.qk_matmul,386.406
decode,9,model.layers.23.self_attn.mask,164.687
decode,9,model.layers.23.self_attn.softmax,130.521
decode,9,model.layers.23.self_attn.av_matmul,431.041
decode,9,model.layers.23.self_attn.o_proj,420.26
decode,9,model.layers.23.self_attn,4429.27
decode,9,model.layers.23.post_attention_layernorm,178.802
decode,9,model.layers.23.mlp.gate_proj,923.75
decode,9,model.layers.23.mlp.act,181.563
decode,9,model.layers.23.mlp.up_proj,943.75
decode,9,model.layers.23.mlp.down_proj,887.396
decode,9,model.layers.23.mlp,3010
decode,9,model.layers.23,8070.68
decode,9,model.layers.24.input_layernorm,185.938
decode,9,model.layers.24.self_attn.q_proj,413.959
decode,9,model.layers.24.self_attn.k_proj,303.437
decode,9,model.layers.24.self_attn.v_proj,317.917
decode,9,model.layers.24.self_attn.q_norm,188.021
decode,9,model.layers.24.self_attn.k_norm,140
decode,9,model.layers.24.self_attn.q_rope,158.281
decode,9,model.layers.24.self_attn.k_rope,148.906
decode,9,model.layers.24.self_attn.qk_matmul,386.459
decode,9,model.layers.24.self_attn.mask,155.937
decode,9,model.layers.24.self_attn.softmax,182.447
decode,9,model.layers.24.self_attn.av_matmul,417.031
decode,9,model.layers.24.self_attn.o_proj,427.344
decode,9,model.layers.24.self_attn,4578.91
decode,9,model.layers.24.post_attention_layernorm,151.563
decode,9,model.layers.24.mlp.gate_proj,953.594
decode,9,model.layers.24.mlp.act,155.625
decode,9,model.layers.24.mlp.up_proj,966.615
decode,9,model.layers.24.mlp.down_proj,891.406
decode,9,model.layers.24.mlp,3038.07
decode,9,model.layers.24,8182.86
decode,9,model.layers.25.input_layernorm,164.896
decode,9,model.layers.25.self_attn.q_proj,415.104
decode,9,model.layers.25.self_attn.k_proj,279.948
decode,9,model.layers.25.self_attn.v_proj,328.802
decode,9,model.layers.25.self_attn.q_norm,145.625
decode,9,model.layers.25.self_attn.k_norm,180.469
decode,9,model.layers.25.self_attn.q_rope,177.656
decode,9,model.layers.25.self_attn.k_rope,188.438
decode,9,model.layers.25.self_attn.qk_matmul,374.688
decode,9,model.layers.25.self_attn.mask,155.521
decode,9,model.layers.25.self_attn.softmax,163.906
decode,9,model.layers.25.self_attn.av_matmul,403.594
decode,9,model.layers.25.self_attn.o_proj,414.688
decode,9,model.layers.25.self_attn,4559.17
decode,9,model.layers.25.post_attention_layernorm,137.448
decode,9,model.layers.25.mlp.gate_proj,920.938
decode,9,model.layers.25.mlp.act,164.271
decode,9,model.layers.25.mlp.up_proj,967.813
decode,9,model.layers.25.mlp.down_proj,910.417
decode,9,model.layers.25.mlp,3006.09
decode,9,model.layers.25,8119.69
decode,9,model.layers.26.input_layernorm,142.76
decode,9,model.layers.26.self_attn.q_proj,423.854
decode,9,model.layers.26.self_attn.k_proj,330.208
decode,9,model.layers.26.self_attn.v_proj,283.073
decode,9,model.layers.26.self_attn.q_norm,170.625
decode,9,model.layers.26.self_attn.k_norm,129.74
decode,9,model.layers.26.self_attn.q_rope,155.417
decode,9,model.layers.26.self_attn.k_rope,131.406
decode,9,model.layers.26.self_attn.qk_matmul,379.375
decode,9,model.layers.26.self_attn.mask,154.844
decode,9,model.layers.26.self_attn.softmax,178.594
decode,9,model.layers.26.self_attn.av_matmul,421.563
decode,9,model.layers.26.self_attn.o_proj,409.427
decode,9,model.layers.26.self_attn,4481.56
decode,9,model.layers.26.post_attention_layernorm,167.292
decode,9,model.layers.26.mlp.gate_proj,921.562
decode,9,model.layers.26.mlp.act,170.625
decode,9,model.layers.26.mlp.up_proj,1014.74
decode,9,model.layers.26.mlp.down_proj,894.532
decode,9,model.layers.26.mlp,3035.62
decode,9,model.layers.26,8088.75
decode,9,model.layers.27.input_layernorm,155.156
decode,9,model.layers.27.self_attn.q_proj,438.75
decode,9,model.layers.27.self_attn.k_proj,278.907
decode,9,model.layers.27.self_attn.v_proj,303.541
decode,9,model.layers.27.self_attn.q_norm,193.802
decode,9,model.layers.27.self_attn.k_norm,156.719
decode,9,model.layers.27.self_attn.q_rope,170.104
decode,9,model.layers.27.self_attn.k_rope,194.218
decode,9,model.layers.27.self_attn.qk_matmul,384.219
decode,9,model.layers.27.self_attn.mask,188.75
decode,9,model.layers.27.self_attn.softmax,205.625
decode,9,model.layers.27.self_attn.av_matmul,404.584
decode,9,model.layers.27.self_attn.o_proj,441.615
decode,9,model.layers.27.self_attn,4622.5
decode,9,model.layers.27.post_attention_layernorm,156.823
decode,9,model.layers.27.mlp.gate_proj,967.083
decode,9,model.layers.27.mlp.act,148.802
decode,9,model.layers.27.mlp.up_proj,909.636
decode,9,model.layers.27.mlp.down_proj,914.219
decode,9,model.layers.27.mlp,3013.12
decode,9,model.layers.27,8159.69
decode,9,model.norm,145.104
decode,9,model,218449
decode,9,lm_head_out,86069
decode,9,model.embed_tokens,17.812
decode,10,model.layers.0.input_layernorm,5955.68
decode,10,model.layers.0.self_attn.q_proj,375.781
decode,10,model.layers.0.self_attn.k_proj,265.781
decode,10,model.layers.0.self_attn.v_proj,261.719
decode,10,model.layers.0.self_attn.q_norm,129.635
decode,10,model.layers.0.self_attn.k_norm,103.907
decode,10,model.layers.0.self_attn.q_rope,152.969
decode,10,model.layers.0.self_attn.k_rope,106.979
decode,10,model.layers.0.self_attn.qk_matmul,344.532
decode,10,model.layers.0.self_attn.mask,142.552
decode,10,model.layers.0.self_attn.softmax,127.552
decode,10,model.layers.0.self_attn.av_matmul,381.979
decode,10,model.layers.0.self_attn.o_proj,375.781
decode,10,model.layers.0.self_attn,3466.61
decode,10,model.layers.0.post_attention_layernorm,134.063
decode,10,model.layers.0.mlp.gate_proj,864.844
decode,10,model.layers.0.mlp.act,131.094
decode,10,model.layers.0.mlp.up_proj,868.75
decode,10,model.layers.0.mlp.down_proj,830
decode,10,model.layers.0.mlp,2733.75
decode,10,model.layers.0,12441.4
decode,10,model.layers.1.input_layernorm,132.188
decode,10,model.layers.1.self_attn.q_proj,374.115
decode,10,model.layers.1.self_attn.k_proj,261.51
decode,10,model.layers.1.self_attn.v_proj,258.75
decode,10,model.layers.1.self_attn.q_norm,120.416
decode,10,model.layers.1.self_attn.k_norm,110.053
decode,10,model.layers.1.self_attn.q_rope,132.031
decode,10,model.layers.1.self_attn.k_rope,147.656
decode,10,model.layers.1.self_attn.qk_matmul,350.572
decode,10,model.layers.1.self_attn.mask,109.062
decode,10,model.layers.1.self_attn.softmax,161.406
decode,10,model.layers.1.self_attn.av_matmul,369.219
decode,10,model.layers.1.self_attn.o_proj,354.375
decode,10,model.layers.1.self_attn,3508.75
decode,10,model.layers.1.post_attention_layernorm,128.177
decode,10,model.layers.1.mlp.gate_proj,887.344
decode,10,model.layers.1.mlp.act,131.146
decode,10,model.layers.1.mlp.up_proj,875.833
decode,10,model.layers.1.mlp.down_proj,798.021
decode,10,model.layers.1.mlp,2712.03
decode,10,model.layers.1,6618.12
decode,10,model.layers.2.input_layernorm,133.489
decode,10,model.layers.2.self_attn.q_proj,365.938
decode,10,model.layers.2.self_attn.k_proj,242.344
decode,10,model.layers.2.self_attn.v_proj,232.604
decode,10,model.layers.2.self_attn.q_norm,110.416
decode,10,model.layers.2.self_attn.k_norm,130.937
decode,10,model.layers.2.self_attn.q_rope,147.031
decode,10,model.layers.2.self_attn.k_rope,132.5
decode,10,model.layers.2.self_attn.qk_matmul,340.573
decode,10,model.layers.2.self_attn.mask,142.135
decode,10,model.layers.2.self_attn.softmax,113.803
decode,10,model.layers.2.self_attn.av_matmul,398.437
decode,10,model.layers.2.self_attn.o_proj,376.875
decode,10,model.layers.2.self_attn,3595.68
decode,10,model.layers.2.post_attention_layernorm,122.291
decode,10,model.layers.2.mlp.gate_proj,878.906
decode,10,model.layers.2.mlp.act,99.218
decode,10,model.layers.2.mlp.up_proj,840.416
decode,10,model.layers.2.mlp.down_proj,785.26
decode,10,model.layers.2.mlp,2643.91
decode,10,model.layers.2,6632.76
decode,10,model.layers.3.input_layernorm,132.656
decode,10,model.layers.3.self_attn.q_proj,349.219
decode,10,model.layers.3.self_attn.k_proj,247.969
decode,10,model.layers.3.self_attn.v_proj,221.667
decode,10,model.layers.3.self_attn.q_norm,127.969
decode,10,model.layers.3.self_attn.k_norm,110.365
decode,10,model.layers.3.self_attn.q_rope,140.937
decode,10,model.layers.3.self_attn.k_rope,129.635
decode,10,model.layers.3.self_attn.qk_matmul,356.563
decode,10,model.layers.3.self_attn.mask,122.656
decode,10,model.layers.3.self_attn.softmax,116.041
decode,10,model.layers.3.self_attn.av_matmul,381.406
decode,10,model.layers.3.self_attn.o_proj,356.302
decode,10,model.layers.3.self_attn,3474.64
decode,10,model.layers.3.post_attention_layernorm,112.813
decode,10,model.layers.3.mlp.gate_proj,870.469
decode,10,model.layers.3.mlp.act,125.521
decode,10,model.layers.3.mlp.up_proj,857.656
decode,10,model.layers.3.mlp.down_proj,824.427
decode,10,model.layers.3.mlp,2702.5
decode,10,model.layers.3,6612.97
decode,10,model.layers.4.input_layernorm,143.437
decode,10,model.layers.4.self_attn.q_proj,370
decode,10,model.layers.4.self_attn.k_proj,231.667
decode,10,model.layers.4.self_attn.v_proj,250.157
decode,10,model.layers.4.self_attn.q_norm,136.146
decode,10,model.layers.4.self_attn.k_norm,127.344
decode,10,model.layers.4.self_attn.q_rope,146.822
decode,10,model.layers.4.self_attn.k_rope,132.083
decode,10,model.layers.4.self_attn.qk_matmul,359.063
decode,10,model.layers.4.self_attn.mask,136.146
decode,10,model.layers.4.self_attn.softmax,125.677
decode,10,model.layers.4.self_attn.av_matmul,367.343
decode,10,model.layers.4.self_attn.o_proj,382.344
decode,10,model.layers.4.self_attn,3687.4
decode,10,model.layers.4.post_attention_layernorm,135.417
decode,10,model.layers.4.mlp.gate_proj,867.76
decode,10,model.layers.4.mlp.act,125.209
decode,10,model.layers.4.mlp.up_proj,862.969
decode,10,model.layers.4.mlp.down_proj,798.438
decode,10,model.layers.4.mlp,2699.38
decode,10,model.layers.4,6826.25
decode,10,model.layers.5.input_layernorm,156.875
decode,10,model.layers.5.self_attn.q_proj,364.584
decode,10,model.layers.5.self_attn.k_proj,266.719
decode,10,model.layers.5.self_attn.v_proj,250.625
decode,10,model.layers.5.self_attn.q_norm,150.729
decode,10,model.layers.5.self_attn.k_norm,113.281
decode,10,model.layers.5.self_attn.q_rope,154.166
decode,10,model.layers.5.self_attn.k_rope,113.385
decode,10,model.layers.5.self_attn.qk_matmul,343.438
decode,10,model.layers.5.self_attn.mask,126.51
decode,10,model.layers.5.self_attn.softmax,155.677
decode,10,model.layers.5.self_attn.av_matmul,387.396
decode,10,model.layers.5.self_attn.o_proj,370.261
decode,10,model.layers.5.self_attn,3721.61
decode,10,model.layers.5.post_attention_layernorm,129.844
decode,10,model.layers.5.mlp.gate_proj,858.438
decode,10,model.layers.5.mlp.act,134.584
decode,10,model.layers.5.mlp.up_proj,897.969
decode,10,model.layers.5.mlp.down_proj,832.761
decode,10,model.layers.5.mlp,2758.8
decode,10,model.layers.5,6947.92
decode,10,model.layers.6.input_layernorm,147.343
decode,10,model.layers.6.self_attn.q_proj,387.812
decode,10,model.layers.6.self_attn.k_proj,256.511
decode,10,model.layers.6.self_attn.v_proj,276.042
decode,10,model.layers.6.self_attn.q_norm,118.959
decode,10,model.layers.6.self_attn.k_norm,144.532
decode,10,model.layers.6.self_attn.q_rope,133.072
decode,10,model.layers.6.self_attn.k_rope,144.479
decode,10,model.layers.6.self_attn.qk_matmul,358.854
decode,10,model.layers.6.self_attn.mask,121.719
decode,10,model.layers.6.self_attn.softmax,151.979
decode,10,model.layers.6.self_attn.av_matmul,383.49
decode,10,model.layers.6.self_attn.o_proj,391.875
decode,10,model.layers.6.self_attn,3791.41
decode,10,model.layers.6.post_attention_layernorm,121.458
decode,10,model.layers.6.mlp.gate_proj,885.157
decode,10,model.layers.6.mlp.act,137.344
decode,10,model.layers.6.mlp.up_proj,867.812
decode,10,model.layers.6.mlp.down_proj,814.115
decode,10,model.layers.6.mlp,2738.59
decode,10,model.layers.6,6997.19
decode,10,model.layers.7.input_layernorm,155.937
decode,10,model.layers.7.self_attn.q_proj,401.459
decode,10,model.layers.7.self_attn.k_proj,240.156
decode,10,model.layers.7.self_attn.v_proj,264.167
decode,10,model.layers.7.self_attn.q_norm,159.166
decode,10,model.layers.7.self_attn.k_norm,139.01
decode,10,model.layers.7.self_attn.q_rope,135.416
decode,10,model.layers.7.self_attn.k_rope,127.604
decode,10,model.layers.7.self_attn.qk_matmul,357.135
decode,10,model.layers.7.self_attn.mask,127.031
decode,10,model.layers.7.self_attn.softmax,132.656
decode,10,model.layers.7.self_attn.av_matmul,380.625
decode,10,model.layers.7.self_attn.o_proj,370.885
decode,10,model.layers.7.self_attn,3764.64
decode,10,model.layers.7.post_attention_layernorm,115.729
decode,10,model.layers.7.mlp.gate_proj,852.031
decode,10,model.layers.7.mlp.act,137.031
decode,10,model.layers.7.mlp.up_proj,854.531
decode,10,model.layers.7.mlp.down_proj,806.25
decode,10,model.layers.7.mlp,2672.92
decode,10,model.layers.7,6919.17
decode,10,model.layers.8.input_layernorm,130.572
decode,10,model.layers.8.self_attn.q_proj,404.687
decode,10,model.layers.8.self_attn.k_proj,279.271
decode,10,model.layers.8.self_attn.v_proj,298.959
decode,10,model.layers.8.self_attn.q_norm,151.406
decode,10,model.layers.8.self_attn.k_norm,162.709
decode,10,model.layers.8.self_attn.q_rope,147.813
decode,10,model.layers.8.self_attn.k_rope,162.916
decode,10,model.layers.8.self_attn.qk_matmul,345.938
decode,10,model.layers.8.self_attn.mask,153.49
decode,10,model.layers.8.self_attn.softmax,149.063
decode,10,model.layers.8.self_attn.av_matmul,403.698
decode,10,model.layers.8.self_attn.o_proj,374.219
decode,10,model.layers.8.self_attn,4065.31
decode,10,model.layers.8.post_attention_layernorm,131.51
decode,10,model.layers.8.mlp.gate_proj,895.312
decode,10,model.layers.8.mlp.act,132.813
decode,10,model.layers.8.mlp.up_proj,907.344
decode,10,model.layers.8.mlp.down_proj,818.906
decode,10,model.layers.8.mlp,2779.53
decode,10,model.layers.8,7302.81
decode,10,model.layers.9.input_layernorm,143.593
decode,10,model.layers.9.self_attn.q_proj,370.781
decode,10,model.layers.9.self_attn.k_proj,275.989
decode,10,model.layers.9.self_attn.v_proj,247.969
decode,10,model.layers.9.self_attn.q_norm,176.406
decode,10,model.layers.9.self_attn.k_norm,132.24
decode,10,model.layers.9.self_attn.q_rope,181.093
decode,10,model.layers.9.self_attn.k_rope,133.75
decode,10,model.layers.9.self_attn.qk_matmul,366.719
decode,10,model.layers.9.self_attn.mask,122.448
decode,10,model.layers.9.self_attn.softmax,136.614
decode,10,model.layers.9.self_attn.av_matmul,384.948
decode,10,model.layers.9.self_attn.o_proj,373.437
decode,10,model.layers.9.self_attn,3946.56
decode,10,model.layers.9.post_attention_layernorm,127.031
decode,10,model.layers.9.mlp.gate_proj,886.042
decode,10,model.layers.9.mlp.act,115.781
decode,10,model.layers.9.mlp.up_proj,870.157
decode,10,model.layers.9.mlp.down_proj,800.521
decode,10,model.layers.9.mlp,2701.82
decode,10,model.layers.9,7167.5
decode,10,model.layers.10.input_layernorm,145.313
decode,10,model.layers.10.self_attn.q_proj,393.75
decode,10,model.layers.10.self_attn.k_proj,296.093
decode,10,model.layers.10.self_attn.v_proj,258.906
decode,10,model.layers.10.self_attn.q_norm,126.041
decode,10,model.layers.10.self_attn.k_norm,127.032
decode,10,model.layers.10.self_attn.q_rope,133.646
decode,10,model.layers.10.self_attn.k_rope,178.542
decode,10,model.layers.10.self_attn.qk_matmul,369.844
decode,10,model.layers.10.self_attn.mask,127.812
decode,10,model.layers.10.self_attn.softmax,176.406
decode,10,model.layers.10.self_attn.av_matmul,396.406
decode,10,model.layers.10.self_attn.o_proj,398.802
decode,10,model.layers.10.self_attn,4175.16
decode,10,model.layers.10.post_attention_layernorm,141.458
decode,10,model.layers.10.mlp.gate_proj,910.104
decode,10,model.layers.10.mlp.act,142.552
decode,10,model.layers.10.mlp.up_proj,898.75
decode,10,model.layers.10.mlp.down_proj,823.906
decode,10,model.layers.10.mlp,2827.66
decode,10,model.layers.10,7462.14
decode,10,model.layers.11.input_layernorm,125.468
decode,10,model.layers.11.self_attn.q_proj,413.594
decode,10,model.layers.11.self_attn.k_proj,245.469
decode,10,model.layers.11.self_attn.v_proj,275.364
decode,10,model.layers.11.self_attn.q_norm,121.354
decode,10,model.layers.11.self_attn.k_norm,152.76
decode,10,model.layers.11.self_attn.q_rope,140.573
decode,10,model.layers.11.self_attn.k_rope,122.5
decode,10,model.layers.11.self_attn.qk_matmul,365.469
decode,10,model.layers.11.self_attn.mask,149.739
decode,10,model.layers.11.self_attn.softmax,186.25
decode,10,model.layers.11.self_attn.av_matmul,389.219
decode,10,model.layers.11.self_attn.o_proj,374.375
decode,10,model.layers.11.self_attn,4160.16
decode,10,model.layers.11.post_attention_layernorm,160.156
decode,10,model.layers.11.mlp.gate_proj,905.052
decode,10,model.layers.11.mlp.act,117.448
decode,10,model.layers.11.mlp.up_proj,883.125
decode,10,model.layers.11.mlp.down_proj,837.448
decode,10,model.layers.11.mlp,2772.66
decode,10,model.layers.11,7383.33
decode,10,model.layers.12.input_layernorm,187.812
decode,10,model.layers.12.self_attn.q_proj,388.125
decode,10,model.layers.12.self_attn.k_proj,295.521
decode,10,model.layers.12.self_attn.v_proj,269.01
decode,10,model.layers.12.self_attn.q_norm,162.656
decode,10,model.layers.12.self_attn.k_norm,139.844
decode,10,model.layers.12.self_attn.q_rope,172.969
decode,10,model.layers.12.self_attn.k_rope,165.365
decode,10,model.layers.12.self_attn.qk_matmul,370.625
decode,10,model.layers.12.self_attn.mask,131.77
decode,10,model.layers.12.self_attn.softmax,234.688
decode,10,model.layers.12.self_attn.av_matmul,454.687
decode,10,model.layers.12.self_attn.o_proj,405.833
decode,10,model.layers.12.self_attn,4315.31
decode,10,model.layers.12.post_attention_layernorm,159.687
decode,10,model.layers.12.mlp.gate_proj,883.646
decode,10,model.layers.12.mlp.act,159.531
decode,10,model.layers.12.mlp.up_proj,908.854
decode,10,model.layers.12.mlp.down_proj,856.927
decode,10,model.layers.12.mlp,2851.82
decode,10,model.layers.12,7652.08
decode,10,model.layers.13.input_layernorm,183.75
decode,10,model.layers.13.self_attn.q_proj,409.167
decode,10,model.layers.13.self_attn.k_proj,292.344
decode,10,model.layers.13.self_attn.v_proj,290.365
decode,10,model.layers.13.self_attn.q_norm,162.187
decode,10,model.layers.13.self_attn.k_norm,170.312
decode,10,model.layers.13.self_attn.q_rope,186.458
decode,10,model.layers.13.self_attn.k_rope,168.437
decode,10,model.layers.13.self_attn.qk_matmul,399.375
decode,10,model.layers.13.self_attn.mask,165.156
decode,10,model.layers.13.self_attn.softmax,186.667
decode,10,model.layers.13.self_attn.av_matmul,418.906
decode,10,model.layers.13.self_attn.o_proj,403.594
decode,10,model.layers.13.self_attn,4367.4
decode,10,model.layers.13.post_attention_layernorm,161.875
decode,10,model.layers.13.mlp.gate_proj,923.75
decode,10,model.layers.13.mlp.act,160.625
decode,10,model.layers.13.mlp.up_proj,929.636
decode,10,model.layers.13.mlp.down_proj,882.5
decode,10,model.layers.13.mlp,2933.75
decode,10,model.layers.13,7809.01
decode,10,model.layers.14.input_layernorm,153.438
decode,10,model.layers.14.self_attn.q_proj,425.885
decode,10,model.layers.14.self_attn.k_proj,292.968
decode,10,model.layers.14.self_attn.v_proj,321.719
decode,10,model.layers.14.self_attn.q_norm,147.76
decode,10,model.layers.14.self_attn.k_norm,171.667
decode,10,model.layers.14.self_attn.q_rope,179.791
decode,10,model.layers.14.self_attn.k_rope,151.406
decode,10,model.layers.14.self_attn.qk_matmul,372.917
decode,10,model.layers.14.self_attn.mask,149.063
decode,10,model.layers.14.self_attn.softmax,193.385
decode,10,model.layers.14.self_attn.av_matmul,459.531
decode,10,model.layers.14.self_attn.o_proj,438.281
decode,10,model.layers.14.self_attn,4477.81
decode,10,model.layers.14.post_attention_layernorm,177.239
decode,10,model.layers.14.mlp.gate_proj,939.896
decode,10,model.layers.14.mlp.act,215.625
decode,10,model.layers.14.mlp.up_proj,931.406
decode,10,model.layers.14.mlp.down_proj,915.834
decode,10,model.layers.14.mlp,3088.44
decode,10,model.layers.14,8165.52
decode,10,model.layers.15.input_layernorm,190.104
decode,10,model.layers.15.self_attn.q_proj,443.438
decode,10,model.layers.15.self_attn.k_proj,299.74
decode,10,model.layers.15.self_attn.v_proj,327.5
decode,10,model.layers.15.self_attn.q_norm,163.385
decode,10,model.layers.15.self_attn.k_norm,217.656
decode,10,model.layers.15.self_attn.q_rope,178.75
decode,10,model.layers.15.self_attn.k_rope,193.698
decode,10,model.layers.15.self_attn.qk_matmul,463.438
decode,10,model.layers.15.self_attn.mask,175.886
decode,10,model.layers.15.self_attn.softmax,227.5
decode,10,model.layers.15.self_attn.av_matmul,435.521
decode,10,model.layers.15.self_attn.o_proj,414.115
decode,10,model.layers.15.self_attn,5010.26
decode,10,model.layers.15.post_attention_layernorm,168.646
decode,10,model.layers.15.mlp.gate_proj,931.25
decode,10,model.layers.15.mlp.act,200
decode,10,model.layers.15.mlp.up_proj,977.656
decode,10,model.layers.15.mlp.down_proj,887.396
decode,10,model.layers.15.mlp,3038.28
decode,10,model.layers.15,8733.59
decode,10,model.layers.16.input_layernorm,153.907
decode,10,model.layers.16.self_attn.q_proj,447.5
decode,10,model.layers.16.self_attn.k_proj,342.031
decode,10,model.layers.16.self_attn.v_proj,293.386
decode,10,model.layers.16.self_attn.q_norm,208.281
decode,10,model.layers.16.self_attn.k_norm,157.187
decode,10,model.layers.16.self_attn.q_rope,195.937
decode,10,model.layers.16.self_attn.k_rope,201.25
decode,10,model.layers.16.self_attn.qk_matmul,384.583
decode,10,model.layers.16.self_attn.mask,176.823
decode,10,model.layers.16.self_attn.softmax,182.188
decode,10,model.layers.16.self_attn.av_matmul,428.073
decode,10,model.layers.16.self_attn.o_proj,423.75
decode,10,model.layers.16.self_attn,5034.38
decode,10,model.layers.16.post_attention_layernorm,205.937
decode,10,model.layers.16.mlp.gate_proj,935.209
decode,10,model.layers.16.mlp.act,158.75
decode,10,model.layers.16.mlp.up_proj,993.125
decode,10,model.layers.16.mlp.down_proj,901.406
decode,10,model.layers.16.mlp,3031.25
decode,10,model.layers.16,8704.38
decode,10,model.layers.17.input_layernorm,175.625
decode,10,model.layers.17.self_attn.q_proj,482.656
decode,10,model.layers.17.self_attn.k_proj,297.5
decode,10,model.layers.17.self_attn.v_proj,324.323
decode,10,model.layers.17.self_attn.q_norm,217.188
decode,10,model.layers.17.self_attn.k_norm,172.187
decode,10,model.layers.17.self_attn.q_rope,235.417
decode,10,model.layers.17.self_attn.k_rope,211.563
decode,10,model.layers.17.self_attn.qk_matmul,900.105
decode,10,model.layers.17.self_attn.mask,380.468
decode,10,model.layers.17.self_attn.softmax,200.208
decode,10,model.layers.17.self_attn.av_matmul,412.344
decode,10,model.layers.17.self_attn.o_proj,436.094
decode,10,model.layers.17.self_attn,5733.12
decode,10,model.layers.17.post_attention_layernorm,182.239
decode,10,model.layers.17.mlp.gate_proj,973.281
decode,10,model.layers.17.mlp.act,157.187
decode,10,model.layers.17.mlp.up_proj,954.219
decode,10,model.layers.17.mlp.down_proj,915.99
decode,10,model.layers.17.mlp,3043.7
decode,10,model.layers.17,9453.59
decode,10,model.layers.18.input_layernorm,178.75
decode,10,model.layers.18.self_attn.q_proj,474.062
decode,10,model.layers.18.self_attn.k_proj,465.312
decode,10,model.layers.18.self_attn.v_proj,330.938
decode,10,model.layers.18.self_attn.q_norm,100.052
decode,10,model.layers.18.self_attn.k_norm,201.094
decode,10,model.layers.18.self_attn.q_rope,201.406
decode,10,model.layers.18.self_attn.k_rope,214.375
decode,10,model.layers.18.self_attn.qk_matmul,434.74
decode,10,model.layers.18.self_attn.mask,198.281
decode,10,model.layers.18.self_attn.softmax,224.844
decode,10,model.layers.18.self_attn.av_matmul,450.105
decode,10,model.layers.18.self_attn.o_proj,441.719
decode,10,model.layers.18.self_attn,5374.69
decode,10,model.layers.18.post_attention_layernorm,186.093
decode,10,model.layers.18.mlp.gate_proj,977.968
decode,10,model.layers.18.mlp.act,180.313
decode,10,model.layers.18.mlp.up_proj,956.563
decode,10,model.layers.18.mlp.down_proj,972.916
decode,10,model.layers.18.mlp,3130.62
decode,10,model.layers.18,9065.47
decode,10,model.layers.19.input_layernorm,200.208
decode,10,model.layers.19.self_attn.q_proj,447.031
decode,10,model.layers.19.self_attn.k_proj,326.406
decode,10,model.layers.19.self_attn.v_proj,327.032
decode,10,model.layers.19.self_attn.q_norm,104.323
decode,10,model.layers.19.self_attn.k_norm,193.281
decode,10,model.layers.19.self_attn.q_rope,201.615
decode,10,model.layers.19.self_attn.k_rope,201.198
decode,10,model.layers.19.self_attn.qk_matmul,456.51
decode,10,model.layers.19.self_attn.mask,188.489
decode,10,model.layers.19.self_attn.softmax,188.125
decode,10,model.layers.19.self_attn.av_matmul,473.594
decode,10,model.layers.19.self_attn.o_proj,454.062
decode,10,model.layers.19.self_attn,5042.03
decode,10,model.layers.19.post_attention_layernorm,216.875
decode,10,model.layers.19.mlp.gate_proj,954.323
decode,10,model.layers.19.mlp.act,176.979
decode,10,model.layers.19.mlp.up_proj,951.25
decode,10,model.layers.19.mlp.down_proj,1032.19
decode,10,model.layers.19.mlp,3175.16
decode,10,model.layers.19,8817.34
decode,10,model.layers.20.input_layernorm,174.375
decode,10,model.layers.20.self_attn.q_proj,556.51
decode,10,model.layers.20.self_attn.k_proj,340.625
decode,10,model.layers.20.self_attn.v_proj,347.656
decode,10,model.layers.20.self_attn.q_norm,182.187
decode,10,model.layers.20.self_attn.k_norm,214.479
decode,10,model.layers.20.self_attn.q_rope,189.896
decode,10,model.layers.20.self_attn.k_rope,201.25
decode,10,model.layers.20.self_attn.qk_matmul,422.24
decode,10,model.layers.20.self_attn.mask,210.782
decode,10,model.layers.20.self_attn.softmax,180.729
decode,10,model.layers.20.self_attn.av_matmul,464.063
decode,10,model.layers.20.self_attn.o_proj,454.01
decode,10,model.layers.20.self_attn,5825.36
decode,10,model.layers.20.post_attention_layernorm,200.989
decode,10,model.layers.20.mlp.gate_proj,1000.78
decode,10,model.layers.20.mlp.act,97.292
decode,10,model.layers.20.mlp.up_proj,984.167
decode,10,model.layers.20.mlp.down_proj,916.198
decode,10,model.layers.20.mlp,3085.68
decode,10,model.layers.20,9646.56
decode,10,model.layers.21.input_layernorm,176.093
decode,10,model.layers.21.self_attn.q_proj,473.854
decode,10,model.layers.21.self_attn.k_proj,371.25
decode,10,model.layers.21.self_attn.v_proj,328.021
decode,10,model.layers.21.self_attn.q_norm,250.729
decode,10,model.layers.21.self_attn.k_norm,197.657
decode,10,model.layers.21.self_attn.q_rope,213.125
decode,10,model.layers.21.self_attn.k_rope,172.188
decode,10,model.layers.21.self_attn.qk_matmul,405.625
decode,10,model.layers.21.self_attn.mask,176.875
decode,10,model.layers.21.self_attn.softmax,240.885
decode,10,model.layers.21.self_attn.av_matmul,457.812
decode,10,model.layers.21.self_attn.o_proj,467.708
decode,10,model.layers.21.self_attn,5848.96
decode,10,model.layers.21.post_attention_layernorm,183.438
decode,10,model.layers.21.mlp.gate_proj,948.802
decode,10,model.layers.21.mlp.act,234.062
decode,10,model.layers.21.mlp.up_proj,982.604
decode,10,model.layers.21.mlp.down_proj,954.687
decode,10,model.layers.21.mlp,3175.21
decode,10,model.layers.21,9761.04
decode,10,model.layers.22.input_layernorm,278.177
decode,10,model.layers.22.self_attn.q_proj,546.302
decode,10,model.layers.22.self_attn.k_proj,336.719
decode,10,model.layers.22.self_attn.v_proj,342.552
decode,10,model.layers.22.self_attn.q_norm,221.406
decode,10,model.layers.22.self_attn.k_norm,184.375
decode,10,model.layers.22.self_attn.q_rope,205.885
decode,10,model.layers.22.self_attn.k_rope,256.25
decode,10,model.layers.22.self_attn.qk_matmul,457.864
decode,10,model.layers.22.self_attn.mask,196.823
decode,10,model.layers.22.self_attn.softmax,241.25
decode,10,model.layers.22.self_attn.av_matmul,487.239
decode,10,model.layers.22.self_attn.o_proj,481.146
decode,10,model.layers.22.self_attn,6062.6
decode,10,model.layers.22.post_attention_layernorm,201.823
decode,10,model.layers.22.mlp.gate_proj,999.427
decode,10,model.layers.22.mlp.act,185.364
decode,10,model.layers.22.mlp.up_proj,993.75
decode,10,model.layers.22.mlp.down_proj,916.823
decode,10,model.layers.22.mlp,3197.14
decode,10,model.layers.22,9996.51
decode,10,model.layers.23.input_layernorm,243.906
decode,10,model.layers.23.self_attn.q_proj,438.489
decode,10,model.layers.23.self_attn.k_proj,338.281
decode,10,model.layers.23.self_attn.v_proj,545.52
decode,10,model.layers.23.self_attn.q_norm,433.959
decode,10,model.layers.23.self_attn.k_norm,227.656
decode,10,model.layers.23.self_attn.q_rope,209.791
decode,10,model.layers.23.self_attn.k_rope,183.437
decode,10,model.layers.23.self_attn.qk_matmul,431.563
decode,10,model.layers.23.self_attn.mask,193.125
decode,10,model.layers.23.self_attn.softmax,238.281
decode,10,model.layers.23.self_attn.av_matmul,452.083
decode,10,model.layers.23.self_attn.o_proj,466.146
decode,10,model.layers.23.self_attn,6318.02
decode,10,model.layers.23.post_attention_layernorm,192.031
decode,10,model.layers.23.mlp.gate_proj,1011.09
decode,10,model.layers.23.mlp.act,174.844
decode,10,model.layers.23.mlp.up_proj,956.719
decode,10,model.layers.23.mlp.down_proj,938.125
decode,10,model.layers.23.mlp,3189.53
decode,10,model.layers.23,10232.8
decode,10,model.layers.24.input_layernorm,160.26
decode,10,model.layers.24.self_attn.q_proj,510.677
decode,10,model.layers.24.self_attn.k_proj,320.625
decode,10,model.layers.24.self_attn.v_proj,384.063
decode,10,model.layers.24.self_attn.q_norm,231.823
decode,10,model.layers.24.self_attn.k_norm,209.375
decode,10,model.layers.24.self_attn.q_rope,232.24
decode,10,model.layers.24.self_attn.k_rope,208.177
decode,10,model.layers.24.self_attn.qk_matmul,421.302
decode,10,model.layers.24.self_attn.mask,175.364
decode,10,model.layers.24.self_attn.softmax,212.656
decode,10,model.layers.24.self_attn.av_matmul,463.75
decode,10,model.layers.24.self_attn.o_proj,471.094
decode,10,model.layers.24.self_attn,5932.97
decode,10,model.layers.24.post_attention_layernorm,198.125
decode,10,model.layers.24.mlp.gate_proj,960.885
decode,10,model.layers.24.mlp.act,150.52
decode,10,model.layers.24.mlp.up_proj,965.625
decode,10,model.layers.24.mlp.down_proj,951.094
decode,10,model.layers.24.mlp,3082.29
decode,10,model.layers.24,9712.66
decode,10,model.layers.25.input_layernorm,197.656
decode,10,model.layers.25.self_attn.q_proj,503.385
decode,10,model.layers.25.self_attn.k_proj,373.229
decode,10,model.layers.25.self_attn.v_proj,453.333
decode,10,model.layers.25.self_attn.q_norm,196.667
decode,10,model.layers.25.self_attn.k_norm,172.552
decode,10,model.layers.25.self_attn.q_rope,205.885
decode,10,model.layers.25.self_attn.k_rope,182.709
decode,10,model.layers.25.self_attn.qk_matmul,411.875
decode,10,model.layers.25.self_attn.mask,200.469
decode,10,model.layers.25.self_attn.softmax,184.167
decode,10,model.layers.25.self_attn.av_matmul,479.531
decode,10,model.layers.25.self_attn.o_proj,459.219
decode,10,model.layers.25.self_attn,5893.07
decode,10,model.layers.25.post_attention_layernorm,202.084
decode,10,model.layers.25.mlp.gate_proj,971.614
decode,10,model.layers.25.mlp.act,247.188
decode,10,model.layers.25.mlp.up_proj,1042.81
decode,10,model.layers.25.mlp.down_proj,923.229
decode,10,model.layers.25.mlp,3237.5
decode,10,model.layers.25,9862.34
decode,10,model.layers.26.input_layernorm,226.198
decode,10,model.layers.26.self_attn.q_proj,439.063
decode,10,model.layers.26.self_attn.k_proj,373.438
decode,10,model.layers.26.self_attn.v_proj,390.886
decode,10,model.layers.26.self_attn.q_norm,206.823
decode,10,model.layers.26.self_attn.k_norm,203.75
decode,10,model.layers.26.self_attn.q_rope,207.136
decode,10,model.layers.26.self_attn.k_rope,178.385
decode,10,model.layers.26.self_attn.qk_matmul,428.437
decode,10,model.layers.26.self_attn.mask,200.469
decode,10,model.layers.26.self_attn.softmax,246.77
decode,10,model.layers.26.self_attn.av_matmul,457.969
decode,10,model.layers.26.self_attn.o_proj,452.761
decode,10,model.layers.26.self_attn,5864.22
decode,10,model.layers.26.post_attention_layernorm,175.105
decode,10,model.layers.26.mlp.gate_proj,1010.42
decode,10,model.layers.26.mlp.act,186.146
decode,10,model.layers.26.mlp.up_proj,986.98
decode,10,model.layers.26.mlp.down_proj,931.719
decode,10,model.layers.26.mlp,3209.22
decode,10,model.layers.26,9793.39
decode,10,model.layers.27.input_layernorm,198.177
decode,10,model.layers.27.self_attn.q_proj,506.25
decode,10,model.layers.27.self_attn.k_proj,382.969
decode,10,model.layers.27.self_attn.v_proj,355
decode,10,model.layers.27.self_attn.q_norm,249.167
decode,10,model.layers.27.self_attn.k_norm,202.552
decode,10,model.layers.27.self_attn.q_rope,203.542
decode,10,model.layers.27.self_attn.k_rope,199.167
decode,10,model.layers.27.self_attn.qk_matmul,410.625
decode,10,model.layers.27.self_attn.mask,176.562
decode,10,model.layers.27.self_attn.softmax,240.781
decode,10,model.layers.27.self_attn.av_matmul,466.094
decode,10,model.layers.27.self_attn.o_proj,462.344
decode,10,model.layers.27.self_attn,5865
decode,10,model.layers.27.post_attention_layernorm,256.771
decode,10,model.layers.27.mlp.gate_proj,964.427
decode,10,model.layers.27.mlp.act,259.636
decode,10,model.layers.27.mlp.up_proj,970.313
decode,10,model.layers.27.mlp.down_proj,958.281
decode,10,model.layers.27.mlp,3207.81
decode,10,model.layers.27,9897.97
decode,10,model.norm,239.219
decode,10,model,237360
decode,10,lm_head_out,107518
decode,10,model.embed_tokens,9.167
decode,11,model.layers.0.input_layernorm,5993.39
decode,11,model.layers.0.self_attn.q_proj,363.334
decode,11,model.layers.0.self_attn.k_proj,227.709
decode,11,model.layers.0.self_attn.v_proj,281.875
decode,11,model.layers.0.self_attn.q_norm,124.532
decode,11,model.layers.0.self_attn.k_norm,115.729
decode,11,model.layers.0.self_attn.q_rope,122.813
decode,11,model.layers.0.self_attn.k_rope,117.136
decode,11,model.layers.0.self_attn.qk_matmul,340.365
decode,11,model.layers.0.self_attn.mask,104.844
decode,11,model.layers.0.self_attn.softmax,124.688
decode,11,model.layers.0.self_attn.av_matmul,364.01
decode,11,model.layers.0.self_attn.o_proj,352.813
decode,11,model.layers.0.self_attn,3480.78
decode,11,model.layers.0.post_attention_layernorm,127.813
decode,11,model.layers.0.mlp.gate_proj,863.906
decode,11,model.layers.0.mlp.act,104.531
decode,11,model.layers.0.mlp.up_proj,880.833
decode,11,model.layers.0.mlp.down_proj,804.219
decode,11,model.layers.0.mlp,2672.55
decode,11,model.layers.0,12434.5
decode,11,model.layers.1.input_layernorm,129.531
decode,11,model.layers.1.self_attn.q_proj,380.938
decode,11,model.layers.1.self_attn.k_proj,234.948
decode,11,model.layers.1.self_attn.v_proj,237.135
decode,11,model.layers.1.self_attn.q_norm,128.386
decode,11,model.layers.1.self_attn.k_norm,119.792
decode,11,model.layers.1.self_attn.q_rope,124.062
decode,11,model.layers.1.self_attn.k_rope,145
decode,11,model.layers.1.self_attn.qk_matmul,345.781
decode,11,model.layers.1.self_attn.mask,107.344
decode,11,model.layers.1.self_attn.softmax,124.74
decode,11,model.layers.1.self_attn.av_matmul,376.25
decode,11,model.layers.1.self_attn.o_proj,356.25
decode,11,model.layers.1.self_attn,3404.58
decode,11,model.layers.1.post_attention_layernorm,115.625
decode,11,model.layers.1.mlp.gate_proj,859.636
decode,11,model.layers.1.mlp.act,103.386
decode,11,model.layers.1.mlp.up_proj,857.657
decode,11,model.layers.1.mlp.down_proj,787.291
decode,11,model.layers.1.mlp,2624.48
decode,11,model.layers.1,6434.53
decode,11,model.layers.2.input_layernorm,104.427
decode,11,model.layers.2.self_attn.q_proj,395.937
decode,11,model.layers.2.self_attn.k_proj,251.719
decode,11,model.layers.2.self_attn.v_proj,248.854
decode,11,model.layers.2.self_attn.q_norm,115.573
decode,11,model.layers.2.self_attn.k_norm,133.75
decode,11,model.layers.2.self_attn.q_rope,141.823
decode,11,model.layers.2.self_attn.k_rope,126.093
decode,11,model.layers.2.self_attn.qk_matmul,360.468
decode,11,model.layers.2.self_attn.mask,127.343
decode,11,model.layers.2.self_attn.softmax,117.76
decode,11,model.layers.2.self_attn.av_matmul,382.969
decode,11,model.layers.2.self_attn.o_proj,382.656
decode,11,model.layers.2.self_attn,3650.31
decode,11,model.layers.2.post_attention_layernorm,137.656
decode,11,model.layers.2.mlp.gate_proj,908.594
decode,11,model.layers.2.mlp.act,137.812
decode,11,model.layers.2.mlp.up_proj,859.583
decode,11,model.layers.2.mlp.down_proj,811.146
decode,11,model.layers.2.mlp,2761.72
decode,11,model.layers.2,6824.17
decode,11,model.layers.3.input_layernorm,145.989
decode,11,model.layers.3.self_attn.q_proj,385.312
decode,11,model.layers.3.self_attn.k_proj,299.167
decode,11,model.layers.3.self_attn.v_proj,263.854
decode,11,model.layers.3.self_attn.q_norm,139.532
decode,11,model.layers.3.self_attn.k_norm,118.698
decode,11,model.layers.3.self_attn.q_rope,132.188
decode,11,model.layers.3.self_attn.k_rope,104.688
decode,11,model.layers.3.self_attn.qk_matmul,327.969
decode,11,model.layers.3.self_attn.mask,137.552
decode,11,model.layers.3.self_attn.softmax,153.75
decode,11,model.layers.3.self_attn.av_matmul,387.917
decode,11,model.layers.3.self_attn.o_proj,384.687
decode,11,model.layers.3.self_attn,3649.84
decode,11,model.layers.3.post_attention_layernorm,118.594
decode,11,model.layers.3.mlp.gate_proj,880.156
decode,11,model.layers.3.mlp.act,129.375
decode,11,model.layers.3.mlp.up_proj,883.281
decode,11,model.layers.3.mlp.down_proj,806.302
decode,11,model.layers.3.mlp,2748.39
decode,11,model.layers.3,6821.72
decode,11,model.layers.4.input_layernorm,140.208
decode,11,model.layers.4.self_attn.q_proj,385.833
decode,11,model.layers.4.self_attn.k_proj,260.469
decode,11,model.layers.4.self_attn.v_proj,235.677
decode,11,model.layers.4.self_attn.q_norm,126.25
decode,11,model.layers.4.self_attn.k_norm,121.25
decode,11,model.layers.4.self_attn.q_rope,154.583
decode,11,model.layers.4.self_attn.k_rope,134.011
decode,11,model.layers.4.self_attn.qk_matmul,361.875
decode,11,model.layers.4.self_attn.mask,127.865
decode,11,model.layers.4.self_attn.softmax,161.875
decode,11,model.layers.4.self_attn.av_matmul,390
decode,11,model.layers.4.self_attn.o_proj,382.813
decode,11,model.layers.4.self_attn,3685.52
decode,11,model.layers.4.post_attention_layernorm,123.646
decode,11,model.layers.4.mlp.gate_proj,907.031
decode,11,model.layers.4.mlp.act,116.146
decode,11,model.layers.4.mlp.up_proj,881.562
decode,11,model.layers.4.mlp.down_proj,803.437
decode,11,model.layers.4.mlp,2757.19
decode,11,model.layers.4,6866.35
decode,11,model.layers.5.input_layernorm,141.718
decode,11,model.layers.5.self_attn.q_proj,391.198
decode,11,model.layers.5.self_attn.k_proj,243.177
decode,11,model.layers.5.self_attn.v_proj,270.625
decode,11,model.layers.5.self_attn.q_norm,122.136
decode,11,model.layers.5.self_attn.k_norm,178.698
decode,11,model.layers.5.self_attn.q_rope,138.282
decode,11,model.layers.5.self_attn.k_rope,162.5
decode,11,model.layers.5.self_attn.qk_matmul,362.239
decode,11,model.layers.5.self_attn.mask,128.593
decode,11,model.layers.5.self_attn.softmax,136.98
decode,11,model.layers.5.self_attn.av_matmul,406.823
decode,11,model.layers.5.self_attn.o_proj,382.344
decode,11,model.layers.5.self_attn,3783.12
decode,11,model.layers.5.post_attention_layernorm,143.177
decode,11,model.layers.5.mlp.gate_proj,854.532
decode,11,model.layers.5.mlp.act,121.927
decode,11,model.layers.5.mlp.up_proj,860.157
decode,11,model.layers.5.mlp.down_proj,816.51
decode,11,model.layers.5.mlp,2676.09
decode,11,model.layers.5,6925.62
decode,11,model.layers.6.input_layernorm,153.698
decode,11,model.layers.6.self_attn.q_proj,371.823
decode,11,model.layers.6.self_attn.k_proj,282.344
decode,11,model.layers.6.self_attn.v_proj,265.677
decode,11,model.layers.6.self_attn.q_norm,161.719
decode,11,model.layers.6.self_attn.k_norm,125.365
decode,11,model.layers.6.self_attn.q_rope,126.562
decode,11,model.layers.6.self_attn.k_rope,148.542
decode,11,model.layers.6.self_attn.qk_matmul,371.875
decode,11,model.layers.6.self_attn.mask,137.969
decode,11,model.layers.6.self_attn.softmax,122.5
decode,11,model.layers.6.self_attn.av_matmul,412.031
decode,11,model.layers.6.self_attn.o_proj,385.782
decode,11,model.layers.6.self_attn,3850.62
decode,11,model.layers.6.post_attention_layernorm,125
decode,11,model.layers.6.mlp.gate_proj,869.844
decode,11,model.layers.6.mlp.act,128.281
decode,11,model.layers.6.mlp.up_proj,910
decode,11,model.layers.6.mlp.down_proj,807.813
decode,11,model.layers.6.mlp,2741.88
decode,11,model.layers.6,7082.92
decode,11,model.layers.7.input_layernorm,129.844
decode,11,model.layers.7.self_attn.q_proj,410.937
decode,11,model.layers.7.self_attn.k_proj,259.584
decode,11,model.layers.7.self_attn.v_proj,260.26
decode,11,model.layers.7.self_attn.q_norm,133.177
decode,11,model.layers.7.self_attn.k_norm,127.76
decode,11,model.layers.7.self_attn.q_rope,143.386
decode,11,model.layers.7.self_attn.k_rope,141.459
decode,11,model.layers.7.self_attn.qk_matmul,359.114
decode,11,model.layers.7.self_attn.mask,137.604
decode,11,model.layers.7.self_attn.softmax,145.104
decode,11,model.layers.7.self_attn.av_matmul,396.458
decode,11,model.layers.7.self_attn.o_proj,379.896
decode,11,model.layers.7.self_attn,4090.73
decode,11,model.layers.7.post_attention_layernorm,143.75
decode,11,model.layers.7.mlp.gate_proj,888.021
decode,11,model.layers.7.mlp.act,136.094
decode,11,model.layers.7.mlp.up_proj,880.729
decode,11,model.layers.7.mlp.down_proj,809.114
decode,11,model.layers.7.mlp,2739.84
decode,11,model.layers.7,7309.38
decode,11,model.layers.8.input_layernorm,133.49
decode,11,model.layers.8.self_attn.q_proj,395
decode,11,model.layers.8.self_attn.k_proj,279.271
decode,11,model.layers.8.self_attn.v_proj,250.156
decode,11,model.layers.8.self_attn.q_norm,163.021
decode,11,model.layers.8.self_attn.k_norm,129.375
decode,11,model.layers.8.self_attn.q_rope,152.969
decode,11,model.layers.8.self_attn.k_rope,156.562
decode,11,model.layers.8.self_attn.qk_matmul,350.156
decode,11,model.layers.8.self_attn.mask,131.042
decode,11,model.layers.8.self_attn.softmax,136.562
decode,11,model.layers.8.self_attn.av_matmul,381.823
decode,11,model.layers.8.self_attn.o_proj,385.73
decode,11,model.layers.8.self_attn,3933.8
decode,11,model.layers.8.post_attention_layernorm,132.344
decode,11,model.layers.8.mlp.gate_proj,897.5
decode,11,model.layers.8.mlp.act,174.844
decode,11,model.layers.8.mlp.up_proj,955.885
decode,11,model.layers.8.mlp.down_proj,876.302
decode,11,model.layers.8.mlp,2933.28
decode,11,model.layers.8,7389.06
decode,11,model.layers.9.input_layernorm,151.823
decode,11,model.layers.9.self_attn.q_proj,423.541
decode,11,model.layers.9.self_attn.k_proj,302.5
decode,11,model.layers.9.self_attn.v_proj,267.917
decode,11,model.layers.9.self_attn.q_norm,186.563
decode,11,model.layers.9.self_attn.k_norm,139.584
decode,11,model.layers.9.self_attn.q_rope,156.25
decode,11,model.layers.9.self_attn.k_rope,143.906
decode,11,model.layers.9.self_attn.qk_matmul,362.292
decode,11,model.layers.9.self_attn.mask,219.532
decode,11,model.layers.9.self_attn.softmax,160.469
decode,11,model.layers.9.self_attn.av_matmul,423.281
decode,11,model.layers.9.self_attn.o_proj,409.635
decode,11,model.layers.9.self_attn,4418.12
decode,11,model.layers.9.post_attention_layernorm,140.989
decode,11,model.layers.9.mlp.gate_proj,946.563
decode,11,model.layers.9.mlp.act,140.99
decode,11,model.layers.9.mlp.up_proj,957.657
decode,11,model.layers.9.mlp.down_proj,866.667
decode,11,model.layers.9.mlp,2940.99
decode,11,model.layers.9,7869.17
decode,11,model.layers.10.input_layernorm,147.917
decode,11,model.layers.10.self_attn.q_proj,427.812
decode,11,model.layers.10.self_attn.k_proj,294.687
decode,11,model.layers.10.self_attn.v_proj,327.344
decode,11,model.layers.10.self_attn.q_norm,131.25
decode,11,model.layers.10.self_attn.k_norm,164.583
decode,11,model.layers.10.self_attn.q_rope,155.677
decode,11,model.layers.10.self_attn.k_rope,177.396
decode,11,model.layers.10.self_attn.qk_matmul,367.031
decode,11,model.layers.10.self_attn.mask,137.344
decode,11,model.layers.10.self_attn.softmax,201.355
decode,11,model.layers.10.self_attn.av_matmul,404.219
decode,11,model.layers.10.self_attn.o_proj,394.792
decode,11,model.layers.10.self_attn,4337.5
decode,11,model.layers.10.post_attention_layernorm,139.531
decode,11,model.layers.10.mlp.gate_proj,955.625
decode,11,model.layers.10.mlp.act,150.833
decode,11,model.layers.10.mlp.up_proj,918.437
decode,11,model.layers.10.mlp.down_proj,883.75
decode,11,model.layers.10.mlp,2970
decode,11,model.layers.10,7788.28
decode,11,model.layers.11.input_layernorm,170.521
decode,11,model.layers.11.self_attn.q_proj,394.062
decode,11,model.layers.11.self_attn.k_proj,305.625
decode,11,model.layers.11.self_attn.v_proj,263.333
decode,11,model.layers.11.self_attn.q_norm,166.563
decode,11,model.layers.11.self_attn.k_norm,167.865
decode,11,model.layers.11.self_attn.q_rope,143.541
decode,11,model.layers.11.self_attn.k_rope,166.771
decode,11,model.layers.11.self_attn.qk_matmul,364.375
decode,11,model.layers.11.self_attn.mask,148.75
decode,11,model.layers.11.self_attn.softmax,181.875
decode,11,model.layers.11.self_attn.av_matmul,401.406
decode,11,model.layers.11.self_attn.o_proj,406.354
decode,11,model.layers.11.self_attn,4227.86
decode,11,model.layers.11.post_attention_layernorm,147.187
decode,11,model.layers.11.mlp.gate_proj,938.906
decode,11,model.layers.11.mlp.act,129.375
decode,11,model.layers.11.mlp.up_proj,928.489
decode,11,model.layers.11.mlp.down_proj,894.114
decode,11,model.layers.11.mlp,2952.55
decode,11,model.layers.11,7701.41
decode,11,model.layers.12.input_layernorm,186.041
decode,11,model.layers.12.self_attn.q_proj,387.031
decode,11,model.layers.12.self_attn.k_proj,295.416
decode,11,model.layers.12.self_attn.v_proj,270.781
decode,11,model.layers.12.self_attn.q_norm,140.625
decode,11,model.layers.12.self_attn.k_norm,157.083
decode,11,model.layers.12.self_attn.q_rope,135.833
decode,11,model.layers.12.self_attn.k_rope,153.958
decode,11,model.layers.12.self_attn.qk_matmul,351.51
decode,11,model.layers.12.self_attn.mask,122.604
decode,11,model.layers.12.self_attn.softmax,181.562
decode,11,model.layers.12.self_attn.av_matmul,391.719
decode,11,model.layers.12.self_attn.o_proj,417.708
decode,11,model.layers.12.self_attn,4099.84
decode,11,model.layers.12.post_attention_layernorm,144.375
decode,11,model.layers.12.mlp.gate_proj,908.907
decode,11,model.layers.12.mlp.act,164.531
decode,11,model.layers.12.mlp.up_proj,916.25
decode,11,model.layers.12.mlp.down_proj,882.865
decode,11,model.layers.12.mlp,2935.05
decode,11,model.layers.12,7562.86
decode,11,model.layers.13.input_layernorm,145.313
decode,11,model.layers.13.self_attn.q_proj,411.511
decode,11,model.layers.13.self_attn.k_proj,311.77
decode,11,model.layers.13.self_attn.v_proj,297.552
decode,11,model.layers.13.self_attn.q_norm,189.636
decode,11,model.layers.13.self_attn.k_norm,157.969
decode,11,model.layers.13.self_attn.q_rope,158.75
decode,11,model.layers.13.self_attn.k_rope,180
decode,11,model.layers.13.self_attn.qk_matmul,373.594
decode,11,model.layers.13.self_attn.mask,158.75
decode,11,model.layers.13.self_attn.softmax,146.718
decode,11,model.layers.13.self_attn.av_matmul,412.656
decode,11,model.layers.13.self_attn.o_proj,418.125
decode,11,model.layers.13.self_attn,4555
decode,11,model.layers.13.post_attention_layernorm,137.656
decode,11,model.layers.13.mlp.gate_proj,944.166
decode,11,model.layers.13.mlp.act,174.688
decode,11,model.layers.13.mlp.up_proj,922.24
decode,11,model.layers.13.mlp.down_proj,899.792
decode,11,model.layers.13.mlp,3011.61
decode,11,model.layers.13,8065.78
decode,11,model.layers.14.input_layernorm,170
decode,11,model.layers.14.self_attn.q_proj,437.969
decode,11,model.layers.14.self_attn.k_proj,355.938
decode,11,model.layers.14.self_attn.v_proj,324.688
decode,11,model.layers.14.self_attn.q_norm,130.416
decode,11,model.layers.14.self_attn.k_norm,195.468
decode,11,model.layers.14.self_attn.q_rope,170.625
decode,11,model.layers.14.self_attn.k_rope,167.552
decode,11,model.layers.14.self_attn.qk_matmul,396.042
decode,11,model.layers.14.self_attn.mask,150.729
decode,11,model.layers.14.self_attn.softmax,187.5
decode,11,model.layers.14.self_attn.av_matmul,448.906
decode,11,model.layers.14.self_attn.o_proj,411.562
decode,11,model.layers.14.self_attn,4639.58
decode,11,model.layers.14.post_attention_layernorm,152.656
decode,11,model.layers.14.mlp.gate_proj,917.5
decode,11,model.layers.14.mlp.act,167.657
decode,11,model.layers.14.mlp.up_proj,952.344
decode,11,model.layers.14.mlp.down_proj,887.865
decode,11,model.layers.14.mlp,2959.32
decode,11,model.layers.14,8199.06
decode,11,model.layers.15.input_layernorm,194.531
decode,11,model.layers.15.self_attn.q_proj,445.625
decode,11,model.layers.15.self_attn.k_proj,358.125
decode,11,model.layers.15.self_attn.v_proj,297.813
decode,11,model.layers.15.self_attn.q_norm,190.468
decode,11,model.layers.15.self_attn.k_norm,201.25
decode,11,model.layers.15.self_attn.q_rope,206.407
decode,11,model.layers.15.self_attn.k_rope,186.77
decode,11,model.layers.15.self_attn.qk_matmul,375.365
decode,11,model.layers.15.self_attn.mask,173.593
decode,11,model.layers.15.self_attn.softmax,175.781
decode,11,model.layers.15.self_attn.av_matmul,441.302
decode,11,model.layers.15.self_attn.o_proj,437.344
decode,11,model.layers.15.self_attn,4771.46
decode,11,model.layers.15.post_attention_layernorm,182.708
decode,11,model.layers.15.mlp.gate_proj,952.031
decode,11,model.layers.15.mlp.act,171.771
decode,11,model.layers.15.mlp.up_proj,978.542
decode,11,model.layers.15.mlp.down_proj,918.698
decode,11,model.layers.15.mlp,3057.5
decode,11,model.layers.15,8439.95
decode,11,model.layers.16.input_layernorm,175.469
decode,11,model.layers.16.self_attn.q_proj,437.969
decode,11,model.layers.16.self_attn.k_proj,316.771
decode,11,model.layers.16.self_attn.v_proj,308.073
decode,11,model.layers.16.self_attn.q_norm,173.542
decode,11,model.layers.16.self_attn.k_norm,183.49
decode,11,model.layers.16.self_attn.q_rope,190.208
decode,11,model.layers.16.self_attn.k_rope,140.312
decode,11,model.layers.16.self_attn.qk_matmul,432.031
decode,11,model.layers.16.self_attn.mask,183.802
decode,11,model.layers.16.self_attn.softmax,180.938
decode,11,model.layers.16.self_attn.av_matmul,453.438
decode,11,model.layers.16.self_attn.o_proj,439.375
decode,11,model.layers.16.self_attn,4742.81
decode,11,model.layers.16.post_attention_layernorm,179.062
decode,11,model.layers.16.mlp.gate_proj,935.364
decode,11,model.layers.16.mlp.act,187.344
decode,11,model.layers.16.mlp.up_proj,966.042
decode,11,model.layers.16.mlp.down_proj,920
decode,11,model.layers.16.mlp,3050.62
decode,11,model.layers.16,8378.75
decode,11,model.layers.17.input_layernorm,212.5
decode,11,model.layers.17.self_attn.q_proj,429.375
decode,11,model.layers.17.self_attn.k_proj,328.958
decode,11,model.layers.17.self_attn.v_proj,328.177
decode,11,model.layers.17.self_attn.q_norm,188.75
decode,11,model.layers.17.self_attn.k_norm,166.302
decode,11,model.layers.17.self_attn.q_rope,177.969
decode,11,model.layers.17.self_attn.k_rope,192.188
decode,11,model.layers.17.self_attn.qk_matmul,632.084
decode,11,model.layers.17.self_attn.mask,164.531
decode,11,model.layers.17.self_attn.softmax,167.344
decode,11,model.layers.17.self_attn.av_matmul,424.844
decode,11,model.layers.17.self_attn.o_proj,427.76
decode,11,model.layers.17.self_attn,5063.75
decode,11,model.layers.17.post_attention_layernorm,189.896
decode,11,model.layers.17.mlp.gate_proj,997.5
decode,11,model.layers.17.mlp.act,165.365
decode,11,model.layers.17.mlp.up_proj,943.646
decode,11,model.layers.17.mlp.down_proj,911.458
decode,11,model.layers.17.mlp,3087.71
decode,11,model.layers.17,8833.7
decode,11,model.layers.18.input_layernorm,159.167
decode,11,model.layers.18.self_attn.q_proj,472.292
decode,11,model.layers.18.self_attn.k_proj,297.396
decode,11,model.layers.18.self_attn.v_proj,312.917
decode,11,model.layers.18.self_attn.q_norm,193.021
decode,11,model.layers.18.self_attn.k_norm,193.802
decode,11,model.layers.18.self_attn.q_rope,168.021
decode,11,model.layers.18.self_attn.k_rope,187.344
decode,11,model.layers.18.self_attn.qk_matmul,403.75
decode,11,model.layers.18.self_attn.mask,160.885
decode,11,model.layers.18.self_attn.softmax,215.469
decode,11,model.layers.18.self_attn.av_matmul,412.864
decode,11,model.layers.18.self_attn.o_proj,418.021
decode,11,model.layers.18.self_attn,4939.32
decode,11,model.layers.18.post_attention_layernorm,173.229
decode,11,model.layers.18.mlp.gate_proj,1040
decode,11,model.layers.18.mlp.act,155.573
decode,11,model.layers.18.mlp.up_proj,948.802
decode,11,model.layers.18.mlp.down_proj,928.177
decode,11,model.layers.18.mlp,3153.75
decode,11,model.layers.18,8677.19
decode,11,model.layers.19.input_layernorm,223.281
decode,11,model.layers.19.self_attn.q_proj,425.989
decode,11,model.layers.19.self_attn.k_proj,324.48
decode,11,model.layers.19.self_attn.v_proj,345
decode,11,model.layers.19.self_attn.q_norm,179.844
decode,11,model.layers.19.self_attn.k_norm,212.292
decode,11,model.layers.19.self_attn.q_rope,169.062
decode,11,model.layers.19.self_attn.k_rope,196.354
decode,11,model.layers.19.self_attn.qk_matmul,642.76
decode,11,model.layers.19.self_attn.mask,174.531
decode,11,model.layers.19.self_attn.softmax,221.458
decode,11,model.layers.19.self_attn.av_matmul,4921.93
decode,11,model.layers.19.self_attn.o_proj,734.479
decode,11,model.layers.19.self_attn,10200.4
decode,11,model.layers.19.post_attention_layernorm,257.188
decode,11,model.layers.19.mlp.gate_proj,968.125
decode,11,model.layers.19.mlp.act,180.781
decode,11,model.layers.19.mlp.up_proj,942.031
decode,11,model.layers.19.mlp.down_proj,897.813
decode,11,model.layers.19.mlp,3068.44
decode,11,model.layers.19,14055.3
decode,11,model.layers.20.input_layernorm,161.875
decode,11,model.layers.20.self_attn.q_proj,432.083
decode,11,model.layers.20.self_attn.k_proj,311.198
decode,11,model.layers.20.self_attn.v_proj,283.386
decode,11,model.layers.20.self_attn.q_norm,166.563
decode,11,model.layers.20.self_attn.k_norm,161.093
decode,11,model.layers.20.self_attn.q_rope,175.625
decode,11,model.layers.20.self_attn.k_rope,168.594
decode,11,model.layers.20.self_attn.qk_matmul,621.146
decode,11,model.layers.20.self_attn.mask,146.51
decode,11,model.layers.20.self_attn.softmax,195.313
decode,11,model.layers.20.self_attn.av_matmul,415.313
decode,11,model.layers.20.self_attn.o_proj,397.5
decode,11,model.layers.20.self_attn,4953.28
decode,11,model.layers.20.post_attention_layernorm,149.583
decode,11,model.layers.20.mlp.gate_proj,993.594
decode,11,model.layers.20.mlp.act,157.396
decode,11,model.layers.20.mlp.up_proj,959.947
decode,11,model.layers.20.mlp.down_proj,915.313
decode,11,model.layers.20.mlp,3084.79
decode,11,model.layers.20,8627.81
decode,11,model.layers.21.input_layernorm,160.469
decode,11,model.layers.21.self_attn.q_proj,454.791
decode,11,model.layers.21.self_attn.k_proj,302.968
decode,11,model.layers.21.self_attn.v_proj,349.062
decode,11,model.layers.21.self_attn.q_norm,148.906
decode,11,model.layers.21.self_attn.k_norm,177.239
decode,11,model.layers.21.self_attn.q_rope,188.177
decode,11,model.layers.21.self_attn.k_rope,170.313
decode,11,model.layers.21.self_attn.qk_matmul,370.053
decode,11,model.layers.21.self_attn.mask,169.791
decode,11,model.layers.21.self_attn.softmax,156.875
decode,11,model.layers.21.self_attn.av_matmul,408.75
decode,11,model.layers.21.self_attn.o_proj,421.875
decode,11,model.layers.21.self_attn,4891.77
decode,11,model.layers.21.post_attention_layernorm,144.635
decode,11,model.layers.21.mlp.gate_proj,985.26
decode,11,model.layers.21.mlp.act,172.968
decode,11,model.layers.21.mlp.up_proj,936.927
decode,11,model.layers.21.mlp.down_proj,900
decode,11,model.layers.21.mlp,3036.82
decode,11,model.layers.21,8533.39
decode,11,model.layers.22.input_layernorm,175.312
decode,11,model.layers.22.self_attn.q_proj,453.541
decode,11,model.layers.22.self_attn.k_proj,328.906
decode,11,model.layers.22.self_attn.v_proj,292.761
decode,11,model.layers.22.self_attn.q_norm,205
decode,11,model.layers.22.self_attn.k_norm,222.812
decode,11,model.layers.22.self_attn.q_rope,210.312
decode,11,model.layers.22.self_attn.k_rope,188.75
decode,11,model.layers.22.self_attn.qk_matmul,368.282
decode,11,model.layers.22.self_attn.mask,147.031
decode,11,model.layers.22.self_attn.softmax,180.104
decode,11,model.layers.22.self_attn.av_matmul,420.156
decode,11,model.layers.22.self_attn.o_proj,399.844
decode,11,model.layers.22.self_attn,4859.22
decode,11,model.layers.22.post_attention_layernorm,159.01
decode,11,model.layers.22.mlp.gate_proj,1002.4
decode,11,model.layers.22.mlp.act,159.531
decode,11,model.layers.22.mlp.up_proj,979.844
decode,11,model.layers.22.mlp.down_proj,919.636
decode,11,model.layers.22.mlp,3142.5
decode,11,model.layers.22,8562.29
decode,11,model.layers.23.input_layernorm,186.093
decode,11,model.layers.23.self_attn.q_proj,458.177
decode,11,model.layers.23.self_attn.k_proj,268.75
decode,11,model.layers.23.self_attn.v_proj,404.375
decode,11,model.layers.23.self_attn.q_norm,177.292
decode,11,model.layers.23.self_attn.k_norm,175.469
decode,11,model.layers.23.self_attn.q_rope,225.625
decode,11,model.layers.23.self_attn.k_rope,210.052
decode,11,model.layers.23.self_attn.qk_matmul,619.531
decode,11,model.layers.23.self_attn.mask,155.885
decode,11,model.layers.23.self_attn.softmax,194.74
decode,11,model.layers.23.self_attn.av_matmul,436.094
decode,11,model.layers.23.self_attn.o_proj,430.989
decode,11,model.layers.23.self_attn,5315.89
decode,11,model.layers.23.post_attention_layernorm,250.625
decode,11,model.layers.23.mlp.gate_proj,952.032
decode,11,model.layers.23.mlp.act,227.604
decode,11,model.layers.23.mlp.up_proj,927.448
decode,11,model.layers.23.mlp.down_proj,902.292
decode,11,model.layers.23.mlp,3095.42
decode,11,model.layers.23,9127.5
decode,11,model.layers.24.input_layernorm,199.167
decode,11,model.layers.24.self_attn.q_proj,476.354
decode,11,model.layers.24.self_attn.k_proj,297.812
decode,11,model.layers.24.self_attn.v_proj,324.687
decode,11,model.layers.24.self_attn.q_norm,203.75
decode,11,model.layers.24.self_attn.k_norm,163.698
decode,11,model.layers.24.self_attn.q_rope,165.104
decode,11,model.layers.24.self_attn.k_rope,270.572
decode,11,model.layers.24.self_attn.qk_matmul,407.031
decode,11,model.layers.24.self_attn.mask,200.312
decode,11,model.layers.24.self_attn.softmax,161.406
decode,11,model.layers.24.self_attn.av_matmul,467.969
decode,11,model.layers.24.self_attn.o_proj,398.75
decode,11,model.layers.24.self_attn,4962.81
decode,11,model.layers.24.post_attention_layernorm,183.072
decode,11,model.layers.24.mlp.gate_proj,939.531
decode,11,model.layers.24.mlp.act,203.542
decode,11,model.layers.24.mlp.up_proj,959.271
decode,11,model.layers.24.mlp.down_proj,899.375
decode,11,model.layers.24.mlp,3074.69
decode,11,model.layers.24,8715.78
decode,11,model.layers.25.input_layernorm,159.063
decode,11,model.layers.25.self_attn.q_proj,450.625
decode,11,model.layers.25.self_attn.k_proj,299.062
decode,11,model.layers.25.self_attn.v_proj,285.468
decode,11,model.layers.25.self_attn.q_norm,161.406
decode,11,model.layers.25.self_attn.k_norm,164.428
decode,11,model.layers.25.self_attn.q_rope,178.281
decode,11,model.layers.25.self_attn.k_rope,215.364
decode,11,model.layers.25.self_attn.qk_matmul,454.167
decode,11,model.layers.25.self_attn.mask,242.657
decode,11,model.layers.25.self_attn.softmax,189.532
decode,11,model.layers.25.self_attn.av_matmul,448.437
decode,11,model.layers.25.self_attn.o_proj,401.406
decode,11,model.layers.25.self_attn,4878.59
decode,11,model.layers.25.post_attention_layernorm,159.219
decode,11,model.layers.25.mlp.gate_proj,924.583
decode,11,model.layers.25.mlp.act,182.76
decode,11,model.layers.25.mlp.up_proj,966.094
decode,11,model.layers.25.mlp.down_proj,888.803
decode,11,model.layers.25.mlp,3010
decode,11,model.layers.25,8502.14
decode,11,model.layers.26.input_layernorm,188.437
decode,11,model.layers.26.self_attn.q_proj,438.073
decode,11,model.layers.26.self_attn.k_proj,286.562
decode,11,model.layers.26.self_attn.v_proj,342.135
decode,11,model.layers.26.self_attn.q_norm,160.625
decode,11,model.layers.26.self_attn.k_norm,176.615
decode,11,model.layers.26.self_attn.q_rope,186.041
decode,11,model.layers.26.self_attn.k_rope,168.282
decode,11,model.layers.26.self_attn.qk_matmul,385
decode,11,model.layers.26.self_attn.mask,186.771
decode,11,model.layers.26.self_attn.softmax,171.928
decode,11,model.layers.26.self_attn.av_matmul,438.125
decode,11,model.layers.26.self_attn.o_proj,497.135
decode,11,model.layers.26.self_attn,5167.5
decode,11,model.layers.26.post_attention_layernorm,188.802
decode,11,model.layers.26.mlp.gate_proj,947.396
decode,11,model.layers.26.mlp.act,166.927
decode,11,model.layers.26.mlp.up_proj,961.875
decode,11,model.layers.26.mlp.down_proj,901.094
decode,11,model.layers.26.mlp,3060.42
decode,11,model.layers.26,8868.91
decode,11,model.layers.27.input_layernorm,196.094
decode,11,model.layers.27.self_attn.q_proj,457.969
decode,11,model.layers.27.self_attn.k_proj,287.813
decode,11,model.layers.27.self_attn.v_proj,337.031
decode,11,model.layers.27.self_attn.q_norm,210.625
decode,11,model.layers.27.self_attn.k_norm,160.313
decode,11,model.layers.27.self_attn.q_rope,188.907
decode,11,model.layers.27.self_attn.k_rope,206.094
decode,11,model.layers.27.self_attn.qk_matmul,405.469
decode,11,model.layers.27.self_attn.mask,175.938
decode,11,model.layers.27.self_attn.softmax,150.937
decode,11,model.layers.27.self_attn.av_matmul,472.448
decode,11,model.layers.27.self_attn.o_proj,423.49
decode,11,model.layers.27.self_attn,5038.59
decode,11,model.layers.27.post_attention_layernorm,177.084
decode,11,model.layers.27.mlp.gate_proj,957.239
decode,11,model.layers.27.mlp.act,164.687
decode,11,model.layers.27.mlp.up_proj,981.511
decode,11,model.layers.27.mlp.down_proj,898.75
decode,11,model.layers.27.mlp,3085.83
decode,11,model.layers.27,8730.83
decode,11,model.norm,204.427
decode,11,model,233986
decode,11,lm_head_out,93923.3
decode,11,model.embed_tokens,11.406
decode,12,model.layers.0.input_layernorm,5101.09
decode,12,model.layers.0.self_attn.q_proj,390.156
decode,12,model.layers.0.self_attn.k_proj,264.323
decode,12,model.layers.0.self_attn.v_proj,271.875
decode,12,model.layers.0.self_attn.q_norm,144.063
decode,12,model.layers.0.self_attn.k_norm,137.552
decode,12,model.layers.0.self_attn.q_rope,150.781
decode,12,model.layers.0.self_attn.k_rope,144.01
decode,12,model.layers.0.self_attn.qk_matmul,350.781
decode,12,model.layers.0.self_attn.mask,147.5
decode,12,model.layers.0.self_attn.softmax,152.032
decode,12,model.layers.0.self_attn.av_matmul,400.937
decode,12,model.layers.0.self_attn.o_proj,386.718
decode,12,model.layers.0.self_attn,3542.19
decode,12,model.layers.0.post_attention_layernorm,140.156
decode,12,model.layers.0.mlp.gate_proj,883.802
decode,12,model.layers.0.mlp.act,148.802
decode,12,model.layers.0.mlp.up_proj,878.75
decode,12,model.layers.0.mlp.down_proj,821.563
decode,12,model.layers.0.mlp,2756.35
decode,12,model.layers.0,11715.5
decode,12,model.layers.1.input_layernorm,137.187
decode,12,model.layers.1.self_attn.q_proj,396.406
decode,12,model.layers.1.self_attn.k_proj,261.459
decode,12,model.layers.1.self_attn.v_proj,262.187
decode,12,model.layers.1.self_attn.q_norm,132.657
decode,12,model.layers.1.self_attn.k_norm,146.563
decode,12,model.layers.1.self_attn.q_rope,134.635
decode,12,model.layers.1.self_attn.k_rope,139.218
decode,12,model.layers.1.self_attn.qk_matmul,344.687
decode,12,model.layers.1.self_attn.mask,205.365
decode,12,model.layers.1.self_attn.softmax,128.907
decode,12,model.layers.1.self_attn.av_matmul,381.822
decode,12,model.layers.1.self_attn.o_proj,361.354
decode,12,model.layers.1.self_attn,3704.64
decode,12,model.layers.1.post_attention_layernorm,130.781
decode,12,model.layers.1.mlp.gate_proj,867.396
decode,12,model.layers.1.mlp.act,135.156
decode,12,model.layers.1.mlp.up_proj,875.156
decode,12,model.layers.1.mlp.down_proj,796.511
decode,12,model.layers.1.mlp,2694.53
decode,12,model.layers.1,6895.57
decode,12,model.layers.2.input_layernorm,132.865
decode,12,model.layers.2.self_attn.q_proj,361.979
decode,12,model.layers.2.self_attn.k_proj,250.156
decode,12,model.layers.2.self_attn.v_proj,242.187
decode,12,model.layers.2.self_attn.q_norm,127.396
decode,12,model.layers.2.self_attn.k_norm,125.469
decode,12,model.layers.2.self_attn.q_rope,139.375
decode,12,model.layers.2.self_attn.k_rope,145.208
decode,12,model.layers.2.self_attn.qk_matmul,326.719
decode,12,model.layers.2.self_attn.mask,107.76
decode,12,model.layers.2.self_attn.softmax,130.312
decode,12,model.layers.2.self_attn.av_matmul,386.614
decode,12,model.layers.2.self_attn.o_proj,369.532
decode,12,model.layers.2.self_attn,3530.94
decode,12,model.layers.2.post_attention_layernorm,112.604
decode,12,model.layers.2.mlp.gate_proj,884.219
decode,12,model.layers.2.mlp.act,126.823
decode,12,model.layers.2.mlp.up_proj,876.615
decode,12,model.layers.2.mlp.down_proj,799.532
decode,12,model.layers.2.mlp,2706.56
decode,12,model.layers.2,6695.57
decode,12,model.layers.3.input_layernorm,136.51
decode,12,model.layers.3.self_attn.q_proj,390.313
decode,12,model.layers.3.self_attn.k_proj,232.5
decode,12,model.layers.3.self_attn.v_proj,284.062
decode,12,model.layers.3.self_attn.q_norm,114.687
decode,12,model.layers.3.self_attn.k_norm,103.854
decode,12,model.layers.3.self_attn.q_rope,129.219
decode,12,model.layers.3.self_attn.k_rope,109.063
decode,12,model.layers.3.self_attn.qk_matmul,353.386
decode,12,model.layers.3.self_attn.mask,118.698
decode,12,model.layers.3.self_attn.softmax,161.406
decode,12,model.layers.3.self_attn.av_matmul,389.479
decode,12,model.layers.3.self_attn.o_proj,389.532
decode,12,model.layers.3.self_attn,3680.89
decode,12,model.layers.3.post_attention_layernorm,123.906
decode,12,model.layers.3.mlp.gate_proj,843.698
decode,12,model.layers.3.mlp.act,153.125
decode,12,model.layers.3.mlp.up_proj,881.407
decode,12,model.layers.3.mlp.down_proj,791.146
decode,12,model.layers.3.mlp,2692.03
decode,12,model.layers.3,6837.29
decode,12,model.layers.4.input_layernorm,146.927
decode,12,model.layers.4.self_attn.q_proj,365.469
decode,12,model.layers.4.self_attn.k_proj,252.187
decode,12,model.layers.4.self_attn.v_proj,263.334
decode,12,model.layers.4.self_attn.q_norm,143.386
decode,12,model.layers.4.self_attn.k_norm,127.812
decode,12,model.layers.4.self_attn.q_rope,144.531
decode,12,model.layers.4.self_attn.k_rope,140.416
decode,12,model.layers.4.self_attn.qk_matmul,340.885
decode,12,model.layers.4.self_attn.mask,120.886
decode,12,model.layers.4.self_attn.softmax,239.322
decode,12,model.layers.4.self_attn.av_matmul,408.959
decode,12,model.layers.4.self_attn.o_proj,384.219
decode,12,model.layers.4.self_attn,3833.54
decode,12,model.layers.4.post_attention_layernorm,133.021
decode,12,model.layers.4.mlp.gate_proj,895.468
decode,12,model.layers.4.mlp.act,109.323
decode,12,model.layers.4.mlp.up_proj,853.646
decode,12,model.layers.4.mlp.down_proj,810.885
decode,12,model.layers.4.mlp,2697.03
decode,12,model.layers.4,7003.91
decode,12,model.layers.5.input_layernorm,152.5
decode,12,model.layers.5.self_attn.q_proj,387.969
decode,12,model.layers.5.self_attn.k_proj,277.292
decode,12,model.layers.5.self_attn.v_proj,260.052
decode,12,model.layers.5.self_attn.q_norm,132.187
decode,12,model.layers.5.self_attn.k_norm,145.677
decode,12,model.layers.5.self_attn.q_rope,144.74
decode,12,model.layers.5.self_attn.k_rope,146.615
decode,12,model.layers.5.self_attn.qk_matmul,330.312
decode,12,model.layers.5.self_attn.mask,118.958
decode,12,model.layers.5.self_attn.softmax,150.989
decode,12,model.layers.5.self_attn.av_matmul,387.396
decode,12,model.layers.5.self_attn.o_proj,363.385
decode,12,model.layers.5.self_attn,3739.64
decode,12,model.layers.5.post_attention_layernorm,183.75
decode,12,model.layers.5.mlp.gate_proj,880.416
decode,12,model.layers.5.mlp.act,130.625
decode,12,model.layers.5.mlp.up_proj,928.541
decode,12,model.layers.5.mlp.down_proj,856.354
decode,12,model.layers.5.mlp,2832.19
decode,12,model.layers.5,7092.97
decode,12,model.layers.6.input_layernorm,154.843
decode,12,model.layers.6.self_attn.q_proj,384.375
decode,12,model.layers.6.self_attn.k_proj,252.969
decode,12,model.layers.6.self_attn.v_proj,252.813
decode,12,model.layers.6.self_attn.q_norm,167.396
decode,12,model.layers.6.self_attn.k_norm,142.187
decode,12,model.layers.6.self_attn.q_rope,146.094
decode,12,model.layers.6.self_attn.k_rope,143.438
decode,12,model.layers.6.self_attn.qk_matmul,369.375
decode,12,model.layers.6.self_attn.mask,152.187
decode,12,model.layers.6.self_attn.softmax,161.875
decode,12,model.layers.6.self_attn.av_matmul,373.021
decode,12,model.layers.6.self_attn.o_proj,373.438
decode,12,model.layers.6.self_attn,3948.59
decode,12,model.layers.6.post_attention_layernorm,146.459
decode,12,model.layers.6.mlp.gate_proj,904.115
decode,12,model.layers.6.mlp.act,109.375
decode,12,model.layers.6.mlp.up_proj,916.042
decode,12,model.layers.6.mlp.down_proj,837.187
decode,12,model.layers.6.mlp,2793.54
decode,12,model.layers.6,7204.69
decode,12,model.layers.7.input_layernorm,153.073
decode,12,model.layers.7.self_attn.q_proj,371.875
decode,12,model.layers.7.self_attn.k_proj,257.656
decode,12,model.layers.7.self_attn.v_proj,302.656
decode,12,model.layers.7.self_attn.q_norm,145.469
decode,12,model.layers.7.self_attn.k_norm,149.323
decode,12,model.layers.7.self_attn.q_rope,155.469
decode,12,model.layers.7.self_attn.k_rope,152.5
decode,12,model.layers.7.self_attn.qk_matmul,365.208
decode,12,model.layers.7.self_attn.mask,169.844
decode,12,model.layers.7.self_attn.softmax,136.094
decode,12,model.layers.7.self_attn.av_matmul,432.187
decode,12,model.layers.7.self_attn.o_proj,391.562
decode,12,model.layers.7.self_attn,4039.9
decode,12,model.layers.7.post_attention_layernorm,152.917
decode,12,model.layers.7.mlp.gate_proj,919.375
decode,12,model.layers.7.mlp.act,114.114
decode,12,model.layers.7.mlp.up_proj,890.782
decode,12,model.layers.7.mlp.down_proj,868.125
decode,12,model.layers.7.mlp,2855.47
decode,12,model.layers.7,7365.1
decode,12,model.layers.8.input_layernorm,167.187
decode,12,model.layers.8.self_attn.q_proj,384.375
decode,12,model.layers.8.self_attn.k_proj,272.969
decode,12,model.layers.8.self_attn.v_proj,282.657
decode,12,model.layers.8.self_attn.q_norm,190.625
decode,12,model.layers.8.self_attn.k_norm,138.959
decode,12,model.layers.8.self_attn.q_rope,146.979
decode,12,model.layers.8.self_attn.k_rope,167.448
decode,12,model.layers.8.self_attn.qk_matmul,368.489
decode,12,model.layers.8.self_attn.mask,147.031
decode,12,model.layers.8.self_attn.softmax,138.281
decode,12,model.layers.8.self_attn.av_matmul,406.719
decode,12,model.layers.8.self_attn.o_proj,396.302
decode,12,model.layers.8.self_attn,4273.07
decode,12,model.layers.8.post_attention_layernorm,142.864
decode,12,model.layers.8.mlp.gate_proj,936.406
decode,12,model.layers.8.mlp.act,144.271
decode,12,model.layers.8.mlp.up_proj,935.99
decode,12,model.layers.8.mlp.down_proj,876.407
decode,12,model.layers.8.mlp,2922.08
decode,12,model.layers.8,7719.43
decode,12,model.layers.9.input_layernorm,152.605
decode,12,model.layers.9.self_attn.q_proj,410.834
decode,12,model.layers.9.self_attn.k_proj,287.5
decode,12,model.layers.9.self_attn.v_proj,275.417
decode,12,model.layers.9.self_attn.q_norm,138.281
decode,12,model.layers.9.self_attn.k_norm,163.49
decode,12,model.layers.9.self_attn.q_rope,148.438
decode,12,model.layers.9.self_attn.k_rope,177.343
decode,12,model.layers.9.self_attn.qk_matmul,363.906
decode,12,model.layers.9.self_attn.mask,165.938
decode,12,model.layers.9.self_attn.softmax,130
decode,12,model.layers.9.self_attn.av_matmul,379.896
decode,12,model.layers.9.self_attn.o_proj,414.427
decode,12,model.layers.9.self_attn,4292.03
decode,12,model.layers.9.post_attention_layernorm,139.688
decode,12,model.layers.9.mlp.gate_proj,946.719
decode,12,model.layers.9.mlp.act,128.593
decode,12,model.layers.9.mlp.up_proj,970.989
decode,12,model.layers.9.mlp.down_proj,882.031
decode,12,model.layers.9.mlp,2968.39
decode,12,model.layers.9,7775.62
decode,12,model.layers.10.input_layernorm,151.094
decode,12,model.layers.10.self_attn.q_proj,420.208
decode,12,model.layers.10.self_attn.k_proj,279.531
decode,12,model.layers.10.self_attn.v_proj,297.656
decode,12,model.layers.10.self_attn.q_norm,194.531
decode,12,model.layers.10.self_attn.k_norm,157.344
decode,12,model.layers.10.self_attn.q_rope,152.239
decode,12,model.layers.10.self_attn.k_rope,149.167
decode,12,model.layers.10.self_attn.qk_matmul,390.156
decode,12,model.layers.10.self_attn.mask,166.25
decode,12,model.layers.10.self_attn.softmax,143.333
decode,12,model.layers.10.self_attn.av_matmul,477.865
decode,12,model.layers.10.self_attn.o_proj,416.302
decode,12,model.layers.10.self_attn,4573.49
decode,12,model.layers.10.post_attention_layernorm,168.125
decode,12,model.layers.10.mlp.gate_proj,917.917
decode,12,model.layers.10.mlp.act,169.948
decode,12,model.layers.10.mlp.up_proj,968.281
decode,12,model.layers.10.mlp.down_proj,897.76
decode,12,model.layers.10.mlp,2988.75
decode,12,model.layers.10,8172.97
decode,12,model.layers.11.input_layernorm,160
decode,12,model.layers.11.self_attn.q_proj,430.312
decode,12,model.layers.11.self_attn.k_proj,316.406
decode,12,model.layers.11.self_attn.v_proj,271.355
decode,12,model.layers.11.self_attn.q_norm,162.812
decode,12,model.layers.11.self_attn.k_norm,160.104
decode,12,model.layers.11.self_attn.q_rope,181.355
decode,12,model.layers.11.self_attn.k_rope,190.885
decode,12,model.layers.11.self_attn.qk_matmul,394.375
decode,12,model.layers.11.self_attn.mask,147.031
decode,12,model.layers.11.self_attn.softmax,171.458
decode,12,model.layers.11.self_attn.av_matmul,412.552
decode,12,model.layers.11.self_attn.o_proj,422.709
decode,12,model.layers.11.self_attn,4582.34
decode,12,model.layers.11.post_attention_layernorm,147.031
decode,12,model.layers.11.mlp.gate_proj,908.073
decode,12,model.layers.11.mlp.act,182.5
decode,12,model.layers.11.mlp.up_proj,924.687
decode,12,model.layers.11.mlp.down_proj,876.042
decode,12,model.layers.11.mlp,2954.06
decode,12,model.layers.11,8066.04
decode,12,model.layers.12.input_layernorm,135.625
decode,12,model.layers.12.self_attn.q_proj,429.323
decode,12,model.layers.12.self_attn.k_proj,257.969
decode,12,model.layers.12.self_attn.v_proj,299.271
decode,12,model.layers.12.self_attn.q_norm,126.459
decode,12,model.layers.12.self_attn.k_norm,197.239
decode,12,model.layers.12.self_attn.q_rope,162.291
decode,12,model.layers.12.self_attn.k_rope,173.125
decode,12,model.layers.12.self_attn.qk_matmul,393.281
decode,12,model.layers.12.self_attn.mask,153.489
decode,12,model.layers.12.self_attn.softmax,171.563
decode,12,model.layers.12.self_attn.av_matmul,397.969
decode,12,model.layers.12.self_attn.o_proj,394.115
decode,12,model.layers.12.self_attn,4535.83
decode,12,model.layers.12.post_attention_layernorm,130.052
decode,12,model.layers.12.mlp.gate_proj,968.438
decode,12,model.layers.12.mlp.act,146.823
decode,12,model.layers.12.mlp.up_proj,939.844
decode,12,model.layers.12.mlp.down_proj,895.885
decode,12,model.layers.12.mlp,2984.79
decode,12,model.layers.12,8037.76
decode,12,model.layers.13.input_layernorm,146.875
decode,12,model.layers.13.self_attn.q_proj,419.375
decode,12,model.layers.13.self_attn.k_proj,305.781
decode,12,model.layers.13.self_attn.v_proj,270
decode,12,model.layers.13.self_attn.q_norm,186.823
decode,12,model.layers.13.self_attn.k_norm,139.948
decode,12,model.layers.13.self_attn.q_rope,232.969
decode,12,model.layers.13.self_attn.k_rope,150.261
decode,12,model.layers.13.self_attn.qk_matmul,366.927
decode,12,model.layers.13.self_attn.mask,134.531
decode,12,model.layers.13.self_attn.softmax,177.604
decode,12,model.layers.13.self_attn.av_matmul,409.219
decode,12,model.layers.13.self_attn.o_proj,410.104
decode,12,model.layers.13.self_attn,4486.51
decode,12,model.layers.13.post_attention_layernorm,168.906
decode,12,model.layers.13.mlp.gate_proj,1000.21
decode,12,model.layers.13.mlp.act,169.375
decode,12,model.layers.13.mlp.up_proj,945.99
decode,12,model.layers.13.mlp.down_proj,895.157
decode,12,model.layers.13.mlp,3070.42
decode,12,model.layers.13,8140.42
decode,12,model.layers.14.input_layernorm,155.157
decode,12,model.layers.14.self_attn.q_proj,438.437
decode,12,model.layers.14.self_attn.k_proj,277.969
decode,12,model.layers.14.self_attn.v_proj,297.865
decode,12,model.layers.14.self_attn.q_norm,190.625
decode,12,model.layers.14.self_attn.k_norm,153.125
decode,12,model.layers.14.self_attn.q_rope,163.281
decode,12,model.layers.14.self_attn.k_rope,190.156
decode,12,model.layers.14.self_attn.qk_matmul,406.302
decode,12,model.layers.14.self_attn.mask,164.792
decode,12,model.layers.14.self_attn.softmax,135.937
decode,12,model.layers.14.self_attn.av_matmul,404.948
decode,12,model.layers.14.self_attn.o_proj,404.843
decode,12,model.layers.14.self_attn,4501.72
decode,12,model.layers.14.post_attention_layernorm,166.719
decode,12,model.layers.14.mlp.gate_proj,922.5
decode,12,model.layers.14.mlp.act,131.042
decode,12,model.layers.14.mlp.up_proj,934.636
decode,12,model.layers.14.mlp.down_proj,898.802
decode,12,model.layers.14.mlp,2922.03
decode,12,model.layers.14,7982.97
decode,12,model.layers.15.input_layernorm,169.844
decode,12,model.layers.15.self_attn.q_proj,383.645
decode,12,model.layers.15.self_attn.k_proj,301.562
decode,12,model.layers.15.self_attn.v_proj,293.906
decode,12,model.layers.15.self_attn.q_norm,212.656
decode,12,model.layers.15.self_attn.k_norm,162.5
decode,12,model.layers.15.self_attn.q_rope,141.146
decode,12,model.layers.15.self_attn.k_rope,175.209
decode,12,model.layers.15.self_attn.qk_matmul,408.282
decode,12,model.layers.15.self_attn.mask,139.114
decode,12,model.layers.15.self_attn.softmax,197.708
decode,12,model.layers.15.self_attn.av_matmul,405.625
decode,12,model.layers.15.self_attn.o_proj,417.343
decode,12,model.layers.15.self_attn,4622.34
decode,12,model.layers.15.post_attention_layernorm,171.407
decode,12,model.layers.15.mlp.gate_proj,962.5
decode,12,model.layers.15.mlp.act,126.875
decode,12,model.layers.15.mlp.up_proj,933.855
decode,12,model.layers.15.mlp.down_proj,880.469
decode,12,model.layers.15.mlp,2937.19
decode,12,model.layers.15,8117.66
decode,12,model.layers.16.input_layernorm,130.781
decode,12,model.layers.16.self_attn.q_proj,433.333
decode,12,model.layers.16.self_attn.k_proj,292.292
decode,12,model.layers.16.self_attn.v_proj,314.688
decode,12,model.layers.16.self_attn.q_norm,129.115
decode,12,model.layers.16.self_attn.k_norm,160.573
decode,12,model.layers.16.self_attn.q_rope,148.125
decode,12,model.layers.16.self_attn.k_rope,152.135
decode,12,model.layers.16.self_attn.qk_matmul,451.25
decode,12,model.layers.16.self_attn.mask,170.573
decode,12,model.layers.16.self_attn.softmax,186.875
decode,12,model.layers.16.self_attn.av_matmul,409.688
decode,12,model.layers.16.self_attn.o_proj,417.135
decode,12,model.layers.16.self_attn,4561.2
decode,12,model.layers.16.post_attention_layernorm,151.302
decode,12,model.layers.16.mlp.gate_proj,912.656
decode,12,model.layers.16.mlp.act,172.813
decode,12,model.layers.16.mlp.up_proj,961.042
decode,12,model.layers.16.mlp.down_proj,888.385
decode,12,model.layers.16.mlp,2968.7
decode,12,model.layers.16,8091.15
decode,12,model.layers.17.input_layernorm,154.531
decode,12,model.layers.17.self_attn.q_proj,434.688
decode,12,model.layers.17.self_attn.k_proj,268.75
decode,12,model.layers.17.self_attn.v_proj,307.136
decode,12,model.layers.17.self_attn.q_norm,186.355
decode,12,model.layers.17.self_attn.k_norm,144.114
decode,12,model.layers.17.self_attn.q_rope,189.531
decode,12,model.layers.17.self_attn.k_rope,191.146
decode,12,model.layers.17.self_attn.qk_matmul,350.937
decode,12,model.layers.17.self_attn.mask,132.395
decode,12,model.layers.17.self_attn.softmax,175.677
decode,12,model.layers.17.self_attn.av_matmul,426.562
decode,12,model.layers.17.self_attn.o_proj,414.063
decode,12,model.layers.17.self_attn,4550.73
decode,12,model.layers.17.post_attention_layernorm,167.969
decode,12,model.layers.17.mlp.gate_proj,921.718
decode,12,model.layers.17.mlp.act,172.188
decode,12,model.layers.17.mlp.up_proj,943.594
decode,12,model.layers.17.mlp.down_proj,898.594
decode,12,model.layers.17.mlp,2977.24
decode,12,model.layers.17,8162.4
decode,12,model.layers.18.input_layernorm,161.406
decode,12,model.layers.18.self_attn.q_proj,417.552
decode,12,model.layers.18.self_attn.k_proj,326.562
decode,12,model.layers.18.self_attn.v_proj,282.5
decode,12,model.layers.18.self_attn.q_norm,153.02
decode,12,model.layers.18.self_attn.k_norm,173.177
decode,12,model.layers.18.self_attn.q_rope,154.531
decode,12,model.layers.18.self_attn.k_rope,180.052
decode,12,model.layers.18.self_attn.qk_matmul,379.479
decode,12,model.layers.18.self_attn.mask,156.511
decode,12,model.layers.18.self_attn.softmax,174.687
decode,12,model.layers.18.self_attn.av_matmul,419.011
decode,12,model.layers.18.self_attn.o_proj,462.187
decode,12,model.layers.18.self_attn,4639.17
decode,12,model.layers.18.post_attention_layernorm,154.375
decode,12,model.layers.18.mlp.gate_proj,924.218
decode,12,model.layers.18.mlp.act,134.583
decode,12,model.layers.18.mlp.up_proj,958.23
decode,12,model.layers.18.mlp.down_proj,909.167
decode,12,model.layers.18.mlp,2974.9
decode,12,model.layers.18,8136.88
decode,12,model.layers.19.input_layernorm,171.719
decode,12,model.layers.19.self_attn.q_proj,395.156
decode,12,model.layers.19.self_attn.k_proj,329.687
decode,12,model.layers.19.self_attn.v_proj,281.407
decode,12,model.layers.19.self_attn.q_norm,177.24
decode,12,model.layers.19.self_attn.k_norm,173.281
decode,12,model.layers.19.self_attn.q_rope,185.469
decode,12,model.layers.19.self_attn.k_rope,180.781
decode,12,model.layers.19.self_attn.qk_matmul,379.219
decode,12,model.layers.19.self_attn.mask,142.396
decode,12,model.layers.19.self_attn.softmax,193.594
decode,12,model.layers.19.self_attn.av_matmul,412.708
decode,12,model.layers.19.self_attn.o_proj,411.094
decode,12,model.layers.19.self_attn,4630.31
decode,12,model.layers.19.post_attention_layernorm,148.646
decode,12,model.layers.19.mlp.gate_proj,937.188
decode,12,model.layers.19.mlp.act,150.469
decode,12,model.layers.19.mlp.up_proj,932.5
decode,12,model.layers.19.mlp.down_proj,984.375
decode,12,model.layers.19.mlp,3038.7
decode,12,model.layers.19,8238.12
decode,12,model.layers.20.input_layernorm,185.104
decode,12,model.layers.20.self_attn.q_proj,416.25
decode,12,model.layers.20.self_attn.k_proj,305
decode,12,model.layers.20.self_attn.v_proj,318.854
decode,12,model.layers.20.self_attn.q_norm,138.177
decode,12,model.layers.20.self_attn.k_norm,228.594
decode,12,model.layers.20.self_attn.q_rope,179.427
decode,12,model.layers.20.self_attn.k_rope,185.781
decode,12,model.layers.20.self_attn.qk_matmul,375.573
decode,12,model.layers.20.self_attn.mask,173.021
decode,12,model.layers.20.self_attn.softmax,175.052
decode,12,model.layers.20.self_attn.av_matmul,402.5
decode,12,model.layers.20.self_attn.o_proj,402.865
decode,12,model.layers.20.self_attn,4595.62
decode,12,model.layers.20.post_attention_layernorm,175.625
decode,12,model.layers.20.mlp.gate_proj,915.157
decode,12,model.layers.20.mlp.act,258.489
decode,12,model.layers.20.mlp.up_proj,926.927
decode,12,model.layers.20.mlp.down_proj,880.937
decode,12,model.layers.20.mlp,3020.1
decode,12,model.layers.20,8215.89
decode,12,model.layers.21.input_layernorm,155.156
decode,12,model.layers.21.self_attn.q_proj,395.468
decode,12,model.layers.21.self_attn.k_proj,292.188
decode,12,model.layers.21.self_attn.v_proj,273.385
decode,12,model.layers.21.self_attn.q_norm,203.646
decode,12,model.layers.21.self_attn.k_norm,137.969
decode,12,model.layers.21.self_attn.q_rope,167.031
decode,12,model.layers.21.self_attn.k_rope,183.907
decode,12,model.layers.21.self_attn.qk_matmul,606.25
decode,12,model.layers.21.self_attn.mask,157.031
decode,12,model.layers.21.self_attn.softmax,180.677
decode,12,model.layers.21.self_attn.av_matmul,396.406
decode,12,model.layers.21.self_attn.o_proj,411.979
decode,12,model.layers.21.self_attn,4784.01
decode,12,model.layers.21.post_attention_layernorm,149.635
decode,12,model.layers.21.mlp.gate_proj,913.282
decode,12,model.layers.21.mlp.act,165.364
decode,12,model.layers.21.mlp.up_proj,962.5
decode,12,model.layers.21.mlp.down_proj,898.646
decode,12,model.layers.21.mlp,2973.49
decode,12,model.layers.21,8329.17
decode,12,model.layers.22.input_layernorm,157.031
decode,12,model.layers.22.self_attn.q_proj,438.906
decode,12,model.layers.22.self_attn.k_proj,269.427
decode,12,model.layers.22.self_attn.v_proj,302.76
decode,12,model.layers.22.self_attn.q_norm,174.635
decode,12,model.layers.22.self_attn.k_norm,176.563
decode,12,model.layers.22.self_attn.q_rope,195.677
decode,12,model.layers.22.self_attn.k_rope,158.177
decode,12,model.layers.22.self_attn.qk_matmul,393.906
decode,12,model.layers.22.self_attn.mask,173.646
decode,12,model.layers.22.self_attn.softmax,164.271
decode,12,model.layers.22.self_attn.av_matmul,416.719
decode,12,model.layers.22.self_attn.o_proj,399.74
decode,12,model.layers.22.self_attn,4667.55
decode,12,model.layers.22.post_attention_layernorm,164.479
decode,12,model.layers.22.mlp.gate_proj,916.458
decode,12,model.layers.22.mlp.act,170.99
decode,12,model.layers.22.mlp.up_proj,952.292
decode,12,model.layers.22.mlp.down_proj,880.99
decode,12,model.layers.22.mlp,2954.53
decode,12,model.layers.22,8222.6
decode,12,model.layers.23.input_layernorm,160.625
decode,12,model.layers.23.self_attn.q_proj,421.771
decode,12,model.layers.23.self_attn.k_proj,329.583
decode,12,model.layers.23.self_attn.v_proj,287.865
decode,12,model.layers.23.self_attn.q_norm,180.208
decode,12,model.layers.23.self_attn.k_norm,161.302
decode,12,model.layers.23.self_attn.q_rope,165.52
decode,12,model.layers.23.self_attn.k_rope,175.313
decode,12,model.layers.23.self_attn.qk_matmul,387.344
decode,12,model.layers.23.self_attn.mask,166.666
decode,12,model.layers.23.self_attn.softmax,152.812
decode,12,model.layers.23.self_attn.av_matmul,413.437
decode,12,model.layers.23.self_attn.o_proj,384.219
decode,12,model.layers.23.self_attn,5035.78
decode,12,model.layers.23.post_attention_layernorm,359.844
decode,12,model.layers.23.mlp.gate_proj,914.375
decode,12,model.layers.23.mlp.act,147.5
decode,12,model.layers.23.mlp.up_proj,950.573
decode,12,model.layers.23.mlp.down_proj,891.823
decode,12,model.layers.23.mlp,2939.43
decode,12,model.layers.23,8807.03
decode,12,model.layers.24.input_layernorm,160.573
decode,12,model.layers.24.self_attn.q_proj,414.01
decode,12,model.layers.24.self_attn.k_proj,284.687
decode,12,model.layers.24.self_attn.v_proj,295.938
decode,12,model.layers.24.self_attn.q_norm,138.594
decode,12,model.layers.24.self_attn.k_norm,133.073
decode,12,model.layers.24.self_attn.q_rope,148.282
decode,12,model.layers.24.self_attn.k_rope,174.843
decode,12,model.layers.24.self_attn.qk_matmul,387.5
decode,12,model.layers.24.self_attn.mask,221.093
decode,12,model.layers.24.self_attn.softmax,175.312
decode,12,model.layers.24.self_attn.av_matmul,413.49
decode,12,model.layers.24.self_attn.o_proj,409.479
decode,12,model.layers.24.self_attn,4447.81
decode,12,model.layers.24.post_attention_layernorm,156.563
decode,12,model.layers.24.mlp.gate_proj,954.74
decode,12,model.layers.24.mlp.act,148.855
decode,12,model.layers.24.mlp.up_proj,967.865
decode,12,model.layers.24.mlp.down_proj,897.084
decode,12,model.layers.24.mlp,3010.62
decode,12,model.layers.24,7980.57
decode,12,model.layers.25.input_layernorm,199.219
decode,12,model.layers.25.self_attn.q_proj,393.073
decode,12,model.layers.25.self_attn.k_proj,309.01
decode,12,model.layers.25.self_attn.v_proj,276.094
decode,12,model.layers.25.self_attn.q_norm,165.26
decode,12,model.layers.25.self_attn.k_norm,172.969
decode,12,model.layers.25.self_attn.q_rope,155.469
decode,12,model.layers.25.self_attn.k_rope,186.719
decode,12,model.layers.25.self_attn.qk_matmul,392.187
decode,12,model.layers.25.self_attn.mask,152.969
decode,12,model.layers.25.self_attn.softmax,150.417
decode,12,model.layers.25.self_attn.av_matmul,445.156
decode,12,model.layers.25.self_attn.o_proj,397.396
decode,12,model.layers.25.self_attn,4421.41
decode,12,model.layers.25.post_attention_layernorm,169.739
decode,12,model.layers.25.mlp.gate_proj,923.49
decode,12,model.layers.25.mlp.act,203.073
decode,12,model.layers.25.mlp.up_proj,915.469
decode,12,model.layers.25.mlp.down_proj,909.219
decode,12,model.layers.25.mlp,2984.53
decode,12,model.layers.25,8026.72
decode,12,model.layers.26.input_layernorm,133.177
decode,12,model.layers.26.self_attn.q_proj,421.094
decode,12,model.layers.26.self_attn.k_proj,269.531
decode,12,model.layers.26.self_attn.v_proj,304.739
decode,12,model.layers.26.self_attn.q_norm,179.948
decode,12,model.layers.26.self_attn.k_norm,136.562
decode,12,model.layers.26.self_attn.q_rope,151.562
decode,12,model.layers.26.self_attn.k_rope,198.958
decode,12,model.layers.26.self_attn.qk_matmul,365.468
decode,12,model.layers.26.self_attn.mask,130.156
decode,12,model.layers.26.self_attn.softmax,162.5
decode,12,model.layers.26.self_attn.av_matmul,428.229
decode,12,model.layers.26.self_attn.o_proj,421.823
decode,12,model.layers.26.self_attn,4436.88
decode,12,model.layers.26.post_attention_layernorm,172.76
decode,12,model.layers.26.mlp.gate_proj,902.031
decode,12,model.layers.26.mlp.act,166.718
decode,12,model.layers.26.mlp.up_proj,934.011
decode,12,model.layers.26.mlp.down_proj,885
decode,12,model.layers.26.mlp,2949.69
decode,12,model.layers.26,7994.17
decode,12,model.layers.27.input_layernorm,155.052
decode,12,model.layers.27.self_attn.q_proj,444.687
decode,12,model.layers.27.self_attn.k_proj,273.75
decode,12,model.layers.27.self_attn.v_proj,315.104
decode,12,model.layers.27.self_attn.q_norm,146.093
decode,12,model.layers.27.self_attn.k_norm,190
decode,12,model.layers.27.self_attn.q_rope,213.802
decode,12,model.layers.27.self_attn.k_rope,187.344
decode,12,model.layers.27.self_attn.qk_matmul,375.677
decode,12,model.layers.27.self_attn.mask,177.5
decode,12,model.layers.27.self_attn.softmax,185.781
decode,12,model.layers.27.self_attn.av_matmul,437.813
decode,12,model.layers.27.self_attn.o_proj,410.156
decode,12,model.layers.27.self_attn,4602.34
decode,12,model.layers.27.post_attention_layernorm,176.25
decode,12,model.layers.27.mlp.gate_proj,909.948
decode,12,model.layers.27.mlp.act,169.323
decode,12,model.layers.27.mlp.up_proj,948.385
decode,12,model.layers.27.mlp.down_proj,902.656
decode,12,model.layers.27.mlp,2964.53
decode,12,model.layers.27,8230.62
decode,12,model.norm,150.104
decode,12,model,223837
decode,12,lm_head_out,82666.1
decode,12,model.embed_tokens,5.416
decode,13,model.layers.0.input_layernorm,4799.17
decode,13,model.layers.0.self_attn.q_proj,372.969
decode,13,model.layers.0.self_attn.k_proj,238.02
decode,13,model.layers.0.self_attn.v_proj,243.385
decode,13,model.layers.0.self_attn.q_norm,124.791
decode,13,model.layers.0.self_attn.k_norm,121.25
decode,13,model.layers.0.self_attn.q_rope,119.323
decode,13,model.layers.0.self_attn.k_rope,124.479
decode,13,model.layers.0.self_attn.qk_matmul,340.781
decode,13,model.layers.0.self_attn.mask,122.969
decode,13,model.layers.0.self_attn.softmax,121.979
decode,13,model.layers.0.self_attn.av_matmul,377.083
decode,13,model.layers.0.self_attn.o_proj,359.583
decode,13,model.layers.0.self_attn,3336.88
decode,13,model.layers.0.post_attention_layernorm,120.052
decode,13,model.layers.0.mlp.gate_proj,870.416
decode,13,model.layers.0.mlp.act,116.719
decode,13,model.layers.0.mlp.up_proj,863.854
decode,13,model.layers.0.mlp.down_proj,798.02
decode,13,model.layers.0.mlp,2672.24
decode,13,model.layers.0,11092.4
decode,13,model.layers.1.input_layernorm,127.969
decode,13,model.layers.1.self_attn.q_proj,365.937
decode,13,model.layers.1.self_attn.k_proj,249.375
decode,13,model.layers.1.self_attn.v_proj,242.657
decode,13,model.layers.1.self_attn.q_norm,115.157
decode,13,model.layers.1.self_attn.k_norm,95.365
decode,13,model.layers.1.self_attn.q_rope,120.313
decode,13,model.layers.1.self_attn.k_rope,130.417
decode,13,model.layers.1.self_attn.qk_matmul,352.239
decode,13,model.layers.1.self_attn.mask,130.156
decode,13,model.layers.1.self_attn.softmax,123.906
decode,13,model.layers.1.self_attn.av_matmul,382.239
decode,13,model.layers.1.self_attn.o_proj,409.062
decode,13,model.layers.1.self_attn,3459.53
decode,13,model.layers.1.post_attention_layernorm,126.614
decode,13,model.layers.1.mlp.gate_proj,852.969
decode,13,model.layers.1.mlp.act,118.75
decode,13,model.layers.1.mlp.up_proj,874.479
decode,13,model.layers.1.mlp.down_proj,801.719
decode,13,model.layers.1.mlp,2666.09
decode,13,model.layers.1,6525.52
decode,13,model.layers.2.input_layernorm,134.531
decode,13,model.layers.2.self_attn.q_proj,363.646
decode,13,model.layers.2.self_attn.k_proj,270.521
decode,13,model.layers.2.self_attn.v_proj,256.719
decode,13,model.layers.2.self_attn.q_norm,108.489
decode,13,model.layers.2.self_attn.k_norm,105.313
decode,13,model.layers.2.self_attn.q_rope,120.417
decode,13,model.layers.2.self_attn.k_rope,131.354
decode,13,model.layers.2.self_attn.qk_matmul,340.782
decode,13,model.layers.2.self_attn.mask,129.271
decode,13,model.layers.2.self_attn.softmax,166.771
decode,13,model.layers.2.self_attn.av_matmul,369.011
decode,13,model.layers.2.self_attn.o_proj,355.417
decode,13,model.layers.2.self_attn,3448.02
decode,13,model.layers.2.post_attention_layernorm,144.48
decode,13,model.layers.2.mlp.gate_proj,869.739
decode,13,model.layers.2.mlp.act,102.552
decode,13,model.layers.2.mlp.up_proj,860.781
decode,13,model.layers.2.mlp.down_proj,779.114
decode,13,model.layers.2.mlp,2629.11
decode,13,model.layers.2,6509.9
decode,13,model.layers.3.input_layernorm,105.937
decode,13,model.layers.3.self_attn.q_proj,370.937
decode,13,model.layers.3.self_attn.k_proj,228.907
decode,13,model.layers.3.self_attn.v_proj,253.958
decode,13,model.layers.3.self_attn.q_norm,132.031
decode,13,model.layers.3.self_attn.k_norm,152.187
decode,13,model.layers.3.self_attn.q_rope,145.729
decode,13,model.layers.3.self_attn.k_rope,138.906
decode,13,model.layers.3.self_attn.qk_matmul,338.802
decode,13,model.layers.3.self_attn.mask,132.813
decode,13,model.layers.3.self_attn.softmax,149.844
decode,13,model.layers.3.self_attn.av_matmul,383.125
decode,13,model.layers.3.self_attn.o_proj,372.5
decode,13,model.layers.3.self_attn,3633.59
decode,13,model.layers.3.post_attention_layernorm,133.438
decode,13,model.layers.3.mlp.gate_proj,860.938
decode,13,model.layers.3.mlp.act,136.562
decode,13,model.layers.3.mlp.up_proj,880.989
decode,13,model.layers.3.mlp.down_proj,804.323
decode,13,model.layers.3.mlp,2702.86
decode,13,model.layers.3,6774.01
decode,13,model.layers.4.input_layernorm,126.25
decode,13,model.layers.4.self_attn.q_proj,386.615
decode,13,model.layers.4.self_attn.k_proj,250.99
decode,13,model.layers.4.self_attn.v_proj,254.844
decode,13,model.layers.4.self_attn.q_norm,165.313
decode,13,model.layers.4.self_attn.k_norm,110.833
decode,13,model.layers.4.self_attn.q_rope,130.156
decode,13,model.layers.4.self_attn.k_rope,122.031
decode,13,model.layers.4.self_attn.qk_matmul,346.875
decode,13,model.layers.4.self_attn.mask,116.25
decode,13,model.layers.4.self_attn.softmax,144.011
decode,13,model.layers.4.self_attn.av_matmul,391.875
decode,13,model.layers.4.self_attn.o_proj,387.188
decode,13,model.layers.4.self_attn,3696.04
decode,13,model.layers.4.post_attention_layernorm,127.344
decode,13,model.layers.4.mlp.gate_proj,868.855
decode,13,model.layers.4.mlp.act,137.656
decode,13,model.layers.4.mlp.up_proj,880.052
decode,13,model.layers.4.mlp.down_proj,809.167
decode,13,model.layers.4.mlp,2715.94
decode,13,model.layers.4,6834.53
decode,13,model.layers.5.input_layernorm,147.188
decode,13,model.layers.5.self_attn.q_proj,395.469
decode,13,model.layers.5.self_attn.k_proj,251.563
decode,13,model.layers.5.self_attn.v_proj,264.166
decode,13,model.layers.5.self_attn.q_norm,112.032
decode,13,model.layers.5.self_attn.k_norm,141.094
decode,13,model.layers.5.self_attn.q_rope,129.063
decode,13,model.layers.5.self_attn.k_rope,133.906
decode,13,model.layers.5.self_attn.qk_matmul,356.875
decode,13,model.layers.5.self_attn.mask,113.385
decode,13,model.layers.5.self_attn.softmax,136.406
decode,13,model.layers.5.self_attn.av_matmul,391.979
decode,13,model.layers.5.self_attn.o_proj,376.875
decode,13,model.layers.5.self_attn,3643.28
decode,13,model.layers.5.post_attention_layernorm,150.937
decode,13,model.layers.5.mlp.gate_proj,863.281
decode,13,model.layers.5.mlp.act,158.385
decode,13,model.layers.5.mlp.up_proj,854.531
decode,13,model.layers.5.mlp.down_proj,808.542
decode,13,model.layers.5.mlp,2735.05
decode,13,model.layers.5,6835.31
decode,13,model.layers.6.input_layernorm,165
decode,13,model.layers.6.self_attn.q_proj,389.636
decode,13,model.layers.6.self_attn.k_proj,287.864
decode,13,model.layers.6.self_attn.v_proj,232.031
decode,13,model.layers.6.self_attn.q_norm,129.843
decode,13,model.layers.6.self_attn.k_norm,121.927
decode,13,model.layers.6.self_attn.q_rope,130.052
decode,13,model.layers.6.self_attn.k_rope,120.156
decode,13,model.layers.6.self_attn.qk_matmul,331.25
decode,13,model.layers.6.self_attn.mask,115.469
decode,13,model.layers.6.self_attn.softmax,133.594
decode,13,model.layers.6.self_attn.av_matmul,369.688
decode,13,model.layers.6.self_attn.o_proj,355.937
decode,13,model.layers.6.self_attn,3640.62
decode,13,model.layers.6.post_attention_layernorm,138.125
decode,13,model.layers.6.mlp.gate_proj,878.386
decode,13,model.layers.6.mlp.act,149.062
decode,13,model.layers.6.mlp.up_proj,865.677
decode,13,model.layers.6.mlp.down_proj,822.864
decode,13,model.layers.6.mlp,2740.1
decode,13,model.layers.6,6863.12
decode,13,model.layers.7.input_layernorm,114.531
decode,13,model.layers.7.self_attn.q_proj,379.948
decode,13,model.layers.7.self_attn.k_proj,255.625
decode,13,model.layers.7.self_attn.v_proj,253.125
decode,13,model.layers.7.self_attn.q_norm,141.094
decode,13,model.layers.7.self_attn.k_norm,158.906
decode,13,model.layers.7.self_attn.q_rope,154.271
decode,13,model.layers.7.self_attn.k_rope,131.407
decode,13,model.layers.7.self_attn.qk_matmul,354.792
decode,13,model.layers.7.self_attn.mask,124.479
decode,13,model.layers.7.self_attn.softmax,222.5
decode,13,model.layers.7.self_attn.av_matmul,428.75
decode,13,model.layers.7.self_attn.o_proj,384.635
decode,13,model.layers.7.self_attn,3967.19
decode,13,model.layers.7.post_attention_layernorm,138.385
decode,13,model.layers.7.mlp.gate_proj,888.594
decode,13,model.layers.7.mlp.act,162.813
decode,13,model.layers.7.mlp.up_proj,876.927
decode,13,model.layers.7.mlp.down_proj,808.489
decode,13,model.layers.7.mlp,2762.34
decode,13,model.layers.7,7151.56
decode,13,model.layers.8.input_layernorm,149.427
decode,13,model.layers.8.self_attn.q_proj,410.886
decode,13,model.layers.8.self_attn.k_proj,270.938
decode,13,model.layers.8.self_attn.v_proj,247.657
decode,13,model.layers.8.self_attn.q_norm,195.469
decode,13,model.layers.8.self_attn.k_norm,154.063
decode,13,model.layers.8.self_attn.q_rope,149.323
decode,13,model.layers.8.self_attn.k_rope,155.99
decode,13,model.layers.8.self_attn.qk_matmul,349.375
decode,13,model.layers.8.self_attn.mask,131.875
decode,13,model.layers.8.self_attn.softmax,162.396
decode,13,model.layers.8.self_attn.av_matmul,373.281
decode,13,model.layers.8.self_attn.o_proj,393.542
decode,13,model.layers.8.self_attn,4066.56
decode,13,model.layers.8.post_attention_layernorm,145.313
decode,13,model.layers.8.mlp.gate_proj,873.333
decode,13,model.layers.8.mlp.act,140.469
decode,13,model.layers.8.mlp.up_proj,868.438
decode,13,model.layers.8.mlp.down_proj,822.24
decode,13,model.layers.8.mlp,2759.38
decode,13,model.layers.8,7345.57
decode,13,model.layers.9.input_layernorm,144.844
decode,13,model.layers.9.self_attn.q_proj,385.625
decode,13,model.layers.9.self_attn.k_proj,252.5
decode,13,model.layers.9.self_attn.v_proj,253.437
decode,13,model.layers.9.self_attn.q_norm,181.094
decode,13,model.layers.9.self_attn.k_norm,140.208
decode,13,model.layers.9.self_attn.q_rope,168.49
decode,13,model.layers.9.self_attn.k_rope,140.469
decode,13,model.layers.9.self_attn.qk_matmul,370.782
decode,13,model.layers.9.self_attn.mask,139.583
decode,13,model.layers.9.self_attn.softmax,133.75
decode,13,model.layers.9.self_attn.av_matmul,410.052
decode,13,model.layers.9.self_attn.o_proj,389.688
decode,13,model.layers.9.self_attn,4098.75
decode,13,model.layers.9.post_attention_layernorm,137.032
decode,13,model.layers.9.mlp.gate_proj,876.093
decode,13,model.layers.9.mlp.act,130.312
decode,13,model.layers.9.mlp.up_proj,874.948
decode,13,model.layers.9.mlp.down_proj,806.614
decode,13,model.layers.9.mlp,2714.69
decode,13,model.layers.9,7304.79
decode,13,model.layers.10.input_layernorm,156.563
decode,13,model.layers.10.self_attn.q_proj,403.594
decode,13,model.layers.10.self_attn.k_proj,298.02
decode,13,model.layers.10.self_attn.v_proj,301.875
decode,13,model.layers.10.self_attn.q_norm,145.313
decode,13,model.layers.10.self_attn.k_norm,168.437
decode,13,model.layers.10.self_attn.q_rope,150.469
decode,13,model.layers.10.self_attn.k_rope,167.188
decode,13,model.layers.10.self_attn.qk_matmul,378.229
decode,13,model.layers.10.self_attn.mask,121.823
decode,13,model.layers.10.self_attn.softmax,161.458
decode,13,model.layers.10.self_attn.av_matmul,419.166
decode,13,model.layers.10.self_attn.o_proj,399.843
decode,13,model.layers.10.self_attn,4311.41
decode,13,model.layers.10.post_attention_layernorm,173.23
decode,13,model.layers.10.mlp.gate_proj,882.239
decode,13,model.layers.10.mlp.act,130.833
decode,13,model.layers.10.mlp.up_proj,864.219
decode,13,model.layers.10.mlp.down_proj,799.843
decode,13,model.layers.10.mlp,2738.39
decode,13,model.layers.10,7549.79
decode,13,model.layers.11.input_layernorm,174.114
decode,13,model.layers.11.self_attn.q_proj,373.855
decode,13,model.layers.11.self_attn.k_proj,273.281
decode,13,model.layers.11.self_attn.v_proj,248.906
decode,13,model.layers.11.self_attn.q_norm,178.49
decode,13,model.layers.11.self_attn.k_norm,131.25
decode,13,model.layers.11.self_attn.q_rope,136.094
decode,13,model.layers.11.self_attn.k_rope,162.916
decode,13,model.layers.11.self_attn.qk_matmul,377.344
decode,13,model.layers.11.self_attn.mask,155.625
decode,13,model.layers.11.self_attn.softmax,154.74
decode,13,model.layers.11.self_attn.av_matmul,401.718
decode,13,model.layers.11.self_attn.o_proj,384.687
decode,13,model.layers.11.self_attn,4141.88
decode,13,model.layers.11.post_attention_layernorm,145.937
decode,13,model.layers.11.mlp.gate_proj,914.531
decode,13,model.layers.11.mlp.act,141.51
decode,13,model.layers.11.mlp.up_proj,915.469
decode,13,model.layers.11.mlp.down_proj,817.812
decode,13,model.layers.11.mlp,2851.67
decode,13,model.layers.11,7566.88
decode,13,model.layers.12.input_layernorm,164.844
decode,13,model.layers.12.self_attn.q_proj,404.167
decode,13,model.layers.12.self_attn.k_proj,269.844
decode,13,model.layers.12.self_attn.v_proj,305.156
decode,13,model.layers.12.self_attn.q_norm,143.855
decode,13,model.layers.12.self_attn.k_norm,202.864
decode,13,model.layers.12.self_attn.q_rope,153.437
decode,13,model.layers.12.self_attn.k_rope,171.198
decode,13,model.layers.12.self_attn.qk_matmul,349.948
decode,13,model.layers.12.self_attn.mask,127.813
decode,13,model.layers.12.self_attn.softmax,187.188
decode,13,model.layers.12.self_attn.av_matmul,396.771
decode,13,model.layers.12.self_attn.o_proj,390.26
decode,13,model.layers.12.self_attn,4329.69
decode,13,model.layers.12.post_attention_layernorm,156.927
decode,13,model.layers.12.mlp.gate_proj,931.302
decode,13,model.layers.12.mlp.act,174.531
decode,13,model.layers.12.mlp.up_proj,914.583
decode,13,model.layers.12.mlp.down_proj,878.125
decode,13,model.layers.12.mlp,2967.55
decode,13,model.layers.12,7815.57
decode,13,model.layers.13.input_layernorm,180.989
decode,13,model.layers.13.self_attn.q_proj,412.188
decode,13,model.layers.13.self_attn.k_proj,296.771
decode,13,model.layers.13.self_attn.v_proj,270.781
decode,13,model.layers.13.self_attn.q_norm,163.489
decode,13,model.layers.13.self_attn.k_norm,128.386
decode,13,model.layers.13.self_attn.q_rope,155.052
decode,13,model.layers.13.self_attn.k_rope,137.604
decode,13,model.layers.13.self_attn.qk_matmul,384.74
decode,13,model.layers.13.self_attn.mask,229.843
decode,13,model.layers.13.self_attn.softmax,151.198
decode,13,model.layers.13.self_attn.av_matmul,419.375
decode,13,model.layers.13.self_attn.o_proj,416.875
decode,13,model.layers.13.self_attn,4438.28
decode,13,model.layers.13.post_attention_layernorm,155.156
decode,13,model.layers.13.mlp.gate_proj,930.938
decode,13,model.layers.13.mlp.act,180.104
decode,13,model.layers.13.mlp.up_proj,958.385
decode,13,model.layers.13.mlp.down_proj,887.865
decode,13,model.layers.13.mlp,3002.66
decode,13,model.layers.13,8101.61
decode,13,model.layers.14.input_layernorm,152.292
decode,13,model.layers.14.self_attn.q_proj,455
decode,13,model.layers.14.self_attn.k_proj,355.937
decode,13,model.layers.14.self_attn.v_proj,395.469
decode,13,model.layers.14.self_attn.q_norm,168.907
decode,13,model.layers.14.self_attn.k_norm,191.407
decode,13,model.layers.14.self_attn.q_rope,159.532
decode,13,model.layers.14.self_attn.k_rope,184.375
decode,13,model.layers.14.self_attn.qk_matmul,396.407
decode,13,model.layers.14.self_attn.mask,151.198
decode,13,model.layers.14.self_attn.softmax,187.813
decode,13,model.layers.14.self_attn.av_matmul,395.468
decode,13,model.layers.14.self_attn.o_proj,402.657
decode,13,model.layers.14.self_attn,4745.62
decode,13,model.layers.14.post_attention_layernorm,142.344
decode,13,model.layers.14.mlp.gate_proj,912.5
decode,13,model.layers.14.mlp.act,179.115
decode,13,model.layers.14.mlp.up_proj,933.281
decode,13,model.layers.14.mlp.down_proj,905.782
decode,13,model.layers.14.mlp,2988.28
decode,13,model.layers.14,8290.16
decode,13,model.layers.15.input_layernorm,204.792
decode,13,model.layers.15.self_attn.q_proj,413.802
decode,13,model.layers.15.self_attn.k_proj,307.657
decode,13,model.layers.15.self_attn.v_proj,294.844
decode,13,model.layers.15.self_attn.q_norm,179.532
decode,13,model.layers.15.self_attn.k_norm,189.531
decode,13,model.layers.15.self_attn.q_rope,180.313
decode,13,model.layers.15.self_attn.k_rope,183.855
decode,13,model.layers.15.self_attn.qk_matmul,378.958
decode,13,model.layers.15.self_attn.mask,152.969
decode,13,model.layers.15.self_attn.softmax,136.146
decode,13,model.layers.15.self_attn.av_matmul,417.761
decode,13,model.layers.15.self_attn.o_proj,405.781
decode,13,model.layers.15.self_attn,4486.2
decode,13,model.layers.15.post_attention_layernorm,157.084
decode,13,model.layers.15.mlp.gate_proj,960.208
decode,13,model.layers.15.mlp.act,135.313
decode,13,model.layers.15.mlp.up_proj,947.448
decode,13,model.layers.15.mlp.down_proj,920.625
decode,13,model.layers.15.mlp,3036.88
decode,13,model.layers.15,8137.97
decode,13,model.layers.16.input_layernorm,202.657
decode,13,model.layers.16.self_attn.q_proj,464.219
decode,13,model.layers.16.self_attn.k_proj,322.187
decode,13,model.layers.16.self_attn.v_proj,303.802
decode,13,model.layers.16.self_attn.q_norm,187.032
decode,13,model.layers.16.self_attn.k_norm,159.375
decode,13,model.layers.16.self_attn.q_rope,192.708
decode,13,model.layers.16.self_attn.k_rope,95.625
decode,13,model.layers.16.self_attn.qk_matmul,388.49
decode,13,model.layers.16.self_attn.mask,165.312
decode,13,model.layers.16.self_attn.softmax,154.531
decode,13,model.layers.16.self_attn.av_matmul,431.51
decode,13,model.layers.16.self_attn.o_proj,432.344
decode,13,model.layers.16.self_attn,4654.11
decode,13,model.layers.16.post_attention_layernorm,188.906
decode,13,model.layers.16.mlp.gate_proj,950.416
decode,13,model.layers.16.mlp.act,180.156
decode,13,model.layers.16.mlp.up_proj,941.406
decode,13,model.layers.16.mlp.down_proj,899.844
decode,13,model.layers.16.mlp,3014.84
decode,13,model.layers.16,8315
decode,13,model.layers.17.input_layernorm,162.708
decode,13,model.layers.17.self_attn.q_proj,453.542
decode,13,model.layers.17.self_attn.k_proj,316.25
decode,13,model.layers.17.self_attn.v_proj,285
decode,13,model.layers.17.self_attn.q_norm,164.583
decode,13,model.layers.17.self_attn.k_norm,166.98
decode,13,model.layers.17.self_attn.q_rope,206.718
decode,13,model.layers.17.self_attn.k_rope,175.313
decode,13,model.layers.17.self_attn.qk_matmul,460.313
decode,13,model.layers.17.self_attn.mask,171.718
decode,13,model.layers.17.self_attn.softmax,185.833
decode,13,model.layers.17.self_attn.av_matmul,423.437
decode,13,model.layers.17.self_attn.o_proj,438.542
decode,13,model.layers.17.self_attn,4713.75
decode,13,model.layers.17.post_attention_layernorm,194.948
decode,13,model.layers.17.mlp.gate_proj,949.375
decode,13,model.layers.17.mlp.act,149.323
decode,13,model.layers.17.mlp.up_proj,987.708
decode,13,model.layers.17.mlp.down_proj,962.084
decode,13,model.layers.17.mlp,3132.66
decode,13,model.layers.17,8465
decode,13,model.layers.18.input_layernorm,267.292
decode,13,model.layers.18.self_attn.q_proj,444.792
decode,13,model.layers.18.self_attn.k_proj,349.948
decode,13,model.layers.18.self_attn.v_proj,348.907
decode,13,model.layers.18.self_attn.q_norm,185.781
decode,13,model.layers.18.self_attn.k_norm,248.854
decode,13,model.layers.18.self_attn.q_rope,218.333
decode,13,model.layers.18.self_attn.k_rope,228.437
decode,13,model.layers.18.self_attn.qk_matmul,427.657
decode,13,model.layers.18.self_attn.mask,186.25
decode,13,model.layers.18.self_attn.softmax,133.906
decode,13,model.layers.18.self_attn.av_matmul,482.136
decode,13,model.layers.18.self_attn.o_proj,436.51
decode,13,model.layers.18.self_attn,5663.49
decode,13,model.layers.18.post_attention_layernorm,183.75
decode,13,model.layers.18.mlp.gate_proj,958.437
decode,13,model.layers.18.mlp.act,225.625
decode,13,model.layers.18.mlp.up_proj,1032.5
decode,13,model.layers.18.mlp.down_proj,946.771
decode,13,model.layers.18.mlp,3295.57
decode,13,model.layers.18,9735.83
decode,13,model.layers.19.input_layernorm,210.781
decode,13,model.layers.19.self_attn.q_proj,462.188
decode,13,model.layers.19.self_attn.k_proj,326.719
decode,13,model.layers.19.self_attn.v_proj,339.688
decode,13,model.layers.19.self_attn.q_norm,264.636
decode,13,model.layers.19.self_attn.k_norm,161.25
decode,13,model.layers.19.self_attn.q_rope,194.375
decode,13,model.layers.19.self_attn.k_rope,230.469
decode,13,model.layers.19.self_attn.qk_matmul,501.667
decode,13,model.layers.19.self_attn.mask,188.75
decode,13,model.layers.19.self_attn.softmax,225.417
decode,13,model.layers.19.self_attn.av_matmul,452.813
decode,13,model.layers.19.self_attn.o_proj,443.281
decode,13,model.layers.19.self_attn,5543.44
decode,13,model.layers.19.post_attention_layernorm,220.208
decode,13,model.layers.19.mlp.gate_proj,973.438
decode,13,model.layers.19.mlp.act,176.562
decode,13,model.layers.19.mlp.up_proj,995.73
decode,13,model.layers.19.mlp.down_proj,1046.98
decode,13,model.layers.19.mlp,3304.11
decode,13,model.layers.19,9577.34
decode,13,model.layers.20.input_layernorm,257.916
decode,13,model.layers.20.self_attn.q_proj,768.281
decode,13,model.layers.20.self_attn.k_proj,324.688
decode,13,model.layers.20.self_attn.v_proj,373.177
decode,13,model.layers.20.self_attn.q_norm,202.292
decode,13,model.layers.20.self_attn.k_norm,188.437
decode,13,model.layers.20.self_attn.q_rope,208.698
decode,13,model.layers.20.self_attn.k_rope,176.406
decode,13,model.layers.20.self_attn.qk_matmul,407.813
decode,13,model.layers.20.self_attn.mask,179.427
decode,13,model.layers.20.self_attn.softmax,228.021
decode,13,model.layers.20.self_attn.av_matmul,446.406
decode,13,model.layers.20.self_attn.o_proj,458.698
decode,13,model.layers.20.self_attn,6181.15
decode,13,model.layers.20.post_attention_layernorm,181.25
decode,13,model.layers.20.mlp.gate_proj,976.406
decode,13,model.layers.20.mlp.act,203.906
decode,13,model.layers.20.mlp.up_proj,957.5
decode,13,model.layers.20.mlp.down_proj,934.218
decode,13,model.layers.20.mlp,3129.17
decode,13,model.layers.20,10120.6
decode,13,model.layers.21.input_layernorm,276.875
decode,13,model.layers.21.self_attn.q_proj,474.011
decode,13,model.layers.21.self_attn.k_proj,351.094
decode,13,model.layers.21.self_attn.v_proj,379.74
decode,13,model.layers.21.self_attn.q_norm,211.354
decode,13,model.layers.21.self_attn.k_norm,241.511
decode,13,model.layers.21.self_attn.q_rope,199.323
decode,13,model.layers.21.self_attn.k_rope,246.823
decode,13,model.layers.21.self_attn.qk_matmul,433.594
decode,13,model.layers.21.self_attn.mask,216.563
decode,13,model.layers.21.self_attn.softmax,243.594
decode,13,model.layers.21.self_attn.av_matmul,461.771
decode,13,model.layers.21.self_attn.o_proj,463.906
decode,13,model.layers.21.self_attn,5964.43
decode,13,model.layers.21.post_attention_layernorm,202.344
decode,13,model.layers.21.mlp.gate_proj,973.437
decode,13,model.layers.21.mlp.act,191.406
decode,13,model.layers.21.mlp.up_proj,1010.47
decode,13,model.layers.21.mlp.down_proj,2331.41
decode,13,model.layers.21.mlp,4558.49
decode,13,model.layers.21,11683.4
decode,13,model.layers.22.input_layernorm,197.344
decode,13,model.layers.22.self_attn.q_proj,480
decode,13,model.layers.22.self_attn.k_proj,347.343
decode,13,model.layers.22.self_attn.v_proj,410.781
decode,13,model.layers.22.self_attn.q_norm,197.709
decode,13,model.layers.22.self_attn.k_norm,232.604
decode,13,model.layers.22.self_attn.q_rope,209.375
decode,13,model.layers.22.self_attn.k_rope,211.875
decode,13,model.layers.22.self_attn.qk_matmul,414.531
decode,13,model.layers.22.self_attn.mask,218.854
decode,13,model.layers.22.self_attn.softmax,281.51
decode,13,model.layers.22.self_attn.av_matmul,439.74
decode,13,model.layers.22.self_attn.o_proj,451.771
decode,13,model.layers.22.self_attn,5858.91
decode,13,model.layers.22.post_attention_layernorm,180.781
decode,13,model.layers.22.mlp.gate_proj,936.562
decode,13,model.layers.22.mlp.act,168.958
decode,13,model.layers.22.mlp.up_proj,977.969
decode,13,model.layers.22.mlp.down_proj,907.709
decode,13,model.layers.22.mlp,3035.78
decode,13,model.layers.22,9571.09
decode,13,model.layers.23.input_layernorm,210.104
decode,13,model.layers.23.self_attn.q_proj,441.875
decode,13,model.layers.23.self_attn.k_proj,319.74
decode,13,model.layers.23.self_attn.v_proj,316.979
decode,13,model.layers.23.self_attn.q_norm,153.021
decode,13,model.layers.23.self_attn.k_norm,230.104
decode,13,model.layers.23.self_attn.q_rope,188.073
decode,13,model.layers.23.self_attn.k_rope,219.896
decode,13,model.layers.23.self_attn.qk_matmul,459.844
decode,13,model.layers.23.self_attn.mask,170
decode,13,model.layers.23.self_attn.softmax,210.417
decode,13,model.layers.23.self_attn.av_matmul,500.052
decode,13,model.layers.23.self_attn.o_proj,425.053
decode,13,model.layers.23.self_attn,5073.7
decode,13,model.layers.23.post_attention_layernorm,185.521
decode,13,model.layers.23.mlp.gate_proj,952.5
decode,13,model.layers.23.mlp.act,193.125
decode,13,model.layers.23.mlp.up_proj,954.063
decode,13,model.layers.23.mlp.down_proj,908.49
decode,13,model.layers.23.mlp,3048.18
decode,13,model.layers.23,8865
decode,13,model.layers.24.input_layernorm,173.125
decode,13,model.layers.24.self_attn.q_proj,460.625
decode,13,model.layers.24.self_attn.k_proj,325.469
decode,13,model.layers.24.self_attn.v_proj,367.448
decode,13,model.layers.24.self_attn.q_norm,156.041
decode,13,model.layers.24.self_attn.k_norm,175.938
decode,13,model.layers.24.self_attn.q_rope,191.927
decode,13,model.layers.24.self_attn.k_rope,161.459
decode,13,model.layers.24.self_attn.qk_matmul,391.718
decode,13,model.layers.24.self_attn.mask,188.125
decode,13,model.layers.24.self_attn.softmax,190
decode,13,model.layers.24.self_attn.av_matmul,439.583
decode,13,model.layers.24.self_attn.o_proj,423.541
decode,13,model.layers.24.self_attn,5035
decode,13,model.layers.24.post_attention_layernorm,169.063
decode,13,model.layers.24.mlp.gate_proj,944.375
decode,13,model.layers.24.mlp.act,176.719
decode,13,model.layers.24.mlp.up_proj,957.604
decode,13,model.layers.24.mlp.down_proj,919.375
decode,13,model.layers.24.mlp,3086.98
decode,13,model.layers.24,8745.42
decode,13,model.layers.25.input_layernorm,189.531
decode,13,model.layers.25.self_attn.q_proj,438.178
decode,13,model.layers.25.self_attn.k_proj,335.573
decode,13,model.layers.25.self_attn.v_proj,293.386
decode,13,model.layers.25.self_attn.q_norm,175.521
decode,13,model.layers.25.self_attn.k_norm,208.646
decode,13,model.layers.25.self_attn.q_rope,193.282
decode,13,model.layers.25.self_attn.k_rope,187.916
decode,13,model.layers.25.self_attn.qk_matmul,397.032
decode,13,model.layers.25.self_attn.mask,174.791
decode,13,model.layers.25.self_attn.softmax,219.531
decode,13,model.layers.25.self_attn.av_matmul,422.657
decode,13,model.layers.25.self_attn.o_proj,421.719
decode,13,model.layers.25.self_attn,5138.33
decode,13,model.layers.25.post_attention_layernorm,174.635
decode,13,model.layers.25.mlp.gate_proj,1005
decode,13,model.layers.25.mlp.act,166.094
decode,13,model.layers.25.mlp.up_proj,965.937
decode,13,model.layers.25.mlp.down_proj,905.885
decode,13,model.layers.25.mlp,3127.4
decode,13,model.layers.25,8927.97
decode,13,model.layers.26.input_layernorm,210.416
decode,13,model.layers.26.self_attn.q_proj,429.219
decode,13,model.layers.26.self_attn.k_proj,353.489
decode,13,model.layers.26.self_attn.v_proj,420.677
decode,13,model.layers.26.self_attn.q_norm,482.291
decode,13,model.layers.26.self_attn.k_norm,172.813
decode,13,model.layers.26.self_attn.q_rope,188.75
decode,13,model.layers.26.self_attn.k_rope,217.031
decode,13,model.layers.26.self_attn.qk_matmul,603.646
decode,13,model.layers.26.self_attn.mask,183.334
decode,13,model.layers.26.self_attn.softmax,195.833
decode,13,model.layers.26.self_attn.av_matmul,432.76
decode,13,model.layers.26.self_attn.o_proj,428.437
decode,13,model.layers.26.self_attn,5836.04
decode,13,model.layers.26.post_attention_layernorm,185.104
decode,13,model.layers.26.mlp.gate_proj,930
decode,13,model.layers.26.mlp.act,204.531
decode,13,model.layers.26.mlp.up_proj,953.437
decode,13,model.layers.26.mlp.down_proj,921.822
decode,13,model.layers.26.mlp,3098.91
decode,13,model.layers.26,9589.53
decode,13,model.layers.27.input_layernorm,216.094
decode,13,model.layers.27.self_attn.q_proj,414.687
decode,13,model.layers.27.self_attn.k_proj,329.219
decode,13,model.layers.27.self_attn.v_proj,315.312
decode,13,model.layers.27.self_attn.q_norm,175.416
decode,13,model.layers.27.self_attn.k_norm,161.719
decode,13,model.layers.27.self_attn.q_rope,183.906
decode,13,model.layers.27.self_attn.k_rope,199.427
decode,13,model.layers.27.self_attn.qk_matmul,403.437
decode,13,model.layers.27.self_attn.mask,179.531
decode,13,model.layers.27.self_attn.softmax,232.657
decode,13,model.layers.27.self_attn.av_matmul,435
decode,13,model.layers.27.self_attn.o_proj,414.584
decode,13,model.layers.27.self_attn,4932.5
decode,13,model.layers.27.post_attention_layernorm,167.344
decode,13,model.layers.27.mlp.gate_proj,984.584
decode,13,model.layers.27.mlp.act,168.49
decode,13,model.layers.27.mlp.up_proj,1000.78
decode,13,model.layers.27.mlp.down_proj,905.468
decode,13,model.layers.27.mlp,3101.56
decode,13,model.layers.27,8641.88
decode,13,model.norm,186.25
decode,13,model,233622
decode,13,lm_head_out,95615
decode,13,model.embed_tokens,5.521
decode,14,model.layers.0.input_layernorm,5530.47
decode,14,model.layers.0.self_attn.q_proj,380.365
decode,14,model.layers.0.self_attn.k_proj,250.625
decode,14,model.layers.0.self_attn.v_proj,251.406
decode,14,model.layers.0.self_attn.q_norm,110
decode,14,model.layers.0.self_attn.k_norm,130.781
decode,14,model.layers.0.self_attn.q_rope,134.896
decode,14,model.layers.0.self_attn.k_rope,142.187
decode,14,model.layers.0.self_attn.qk_matmul,359.062
decode,14,model.layers.0.self_attn.mask,113.646
decode,14,model.layers.0.self_attn.softmax,116.614
decode,14,model.layers.0.self_attn.av_matmul,358.125
decode,14,model.layers.0.self_attn.o_proj,371.979
decode,14,model.layers.0.self_attn,3455
decode,14,model.layers.0.post_attention_layernorm,106.875
decode,14,model.layers.0.mlp.gate_proj,864.479
decode,14,model.layers.0.mlp.act,112.761
decode,14,model.layers.0.mlp.up_proj,871.094
decode,14,model.layers.0.mlp.down_proj,806.719
decode,14,model.layers.0.mlp,2676.82
decode,14,model.layers.0,11930.6
decode,14,model.layers.1.input_layernorm,154.427
decode,14,model.layers.1.self_attn.q_proj,364.219
decode,14,model.layers.1.self_attn.k_proj,253.229
decode,14,model.layers.1.self_attn.v_proj,251.302
decode,14,model.layers.1.self_attn.q_norm,127.604
decode,14,model.layers.1.self_attn.k_norm,129.844
decode,14,model.layers.1.self_attn.q_rope,133.125
decode,14,model.layers.1.self_attn.k_rope,127.656
decode,14,model.layers.1.self_attn.qk_matmul,344.479
decode,14,model.layers.1.self_attn.mask,106.562
decode,14,model.layers.1.self_attn.softmax,138.906
decode,14,model.layers.1.self_attn.av_matmul,445.156
decode,14,model.layers.1.self_attn.o_proj,368.594
decode,14,model.layers.1.self_attn,3545.31
decode,14,model.layers.1.post_attention_layernorm,126.406
decode,14,model.layers.1.mlp.gate_proj,858.594
decode,14,model.layers.1.mlp.act,140.99
decode,14,model.layers.1.mlp.up_proj,872.656
decode,14,model.layers.1.mlp.down_proj,804.947
decode,14,model.layers.1.mlp,2696.35
decode,14,model.layers.1,6702.81
decode,14,model.layers.2.input_layernorm,150
decode,14,model.layers.2.self_attn.q_proj,366.719
decode,14,model.layers.2.self_attn.k_proj,246.146
decode,14,model.layers.2.self_attn.v_proj,259.896
decode,14,model.layers.2.self_attn.q_norm,115.625
decode,14,model.layers.2.self_attn.k_norm,132.187
decode,14,model.layers.2.self_attn.q_rope,124.688
decode,14,model.layers.2.self_attn.k_rope,136.615
decode,14,model.layers.2.self_attn.qk_matmul,331.354
decode,14,model.layers.2.self_attn.mask,105.99
decode,14,model.layers.2.self_attn.softmax,131.198
decode,14,model.layers.2.self_attn.av_matmul,364.375
decode,14,model.layers.2.self_attn.o_proj,356.719
decode,14,model.layers.2.self_attn,3529.32
decode,14,model.layers.2.post_attention_layernorm,109.219
decode,14,model.layers.2.mlp.gate_proj,864.688
decode,14,model.layers.2.mlp.act,117.24
decode,14,model.layers.2.mlp.up_proj,859.896
decode,14,model.layers.2.mlp.down_proj,783.698
decode,14,model.layers.2.mlp,2666.56
decode,14,model.layers.2,6633.91
decode,14,model.layers.3.input_layernorm,120.416
decode,14,model.layers.3.self_attn.q_proj,388.125
decode,14,model.layers.3.self_attn.k_proj,260
decode,14,model.layers.3.self_attn.v_proj,241.823
decode,14,model.layers.3.self_attn.q_norm,139.323
decode,14,model.layers.3.self_attn.k_norm,127.031
decode,14,model.layers.3.self_attn.q_rope,143.906
decode,14,model.layers.3.self_attn.k_rope,114.583
decode,14,model.layers.3.self_attn.qk_matmul,335
decode,14,model.layers.3.self_attn.mask,118.75
decode,14,model.layers.3.self_attn.softmax,130.313
decode,14,model.layers.3.self_attn.av_matmul,384.114
decode,14,model.layers.3.self_attn.o_proj,384.791
decode,14,model.layers.3.self_attn,3522.08
decode,14,model.layers.3.post_attention_layernorm,139.843
decode,14,model.layers.3.mlp.gate_proj,859.635
decode,14,model.layers.3.mlp.act,111.615
decode,14,model.layers.3.mlp.up_proj,906.563
decode,14,model.layers.3.mlp.down_proj,841.771
decode,14,model.layers.3.mlp,2775.31
decode,14,model.layers.3,6730.62
decode,14,model.layers.4.input_layernorm,160
decode,14,model.layers.4.self_attn.q_proj,397.917
decode,14,model.layers.4.self_attn.k_proj,285.99
decode,14,model.layers.4.self_attn.v_proj,264.844
decode,14,model.layers.4.self_attn.q_norm,149.791
decode,14,model.layers.4.self_attn.k_norm,151.094
decode,14,model.layers.4.self_attn.q_rope,151.666
decode,14,model.layers.4.self_attn.k_rope,177.604
decode,14,model.layers.4.self_attn.qk_matmul,365.625
decode,14,model.layers.4.self_attn.mask,159.271
decode,14,model.layers.4.self_attn.softmax,140.834
decode,14,model.layers.4.self_attn.av_matmul,442.291
decode,14,model.layers.4.self_attn.o_proj,403.49
decode,14,model.layers.4.self_attn,3989.9
decode,14,model.layers.4.post_attention_layernorm,128.698
decode,14,model.layers.4.mlp.gate_proj,882.656
decode,14,model.layers.4.mlp.act,142.188
decode,14,model.layers.4.mlp.up_proj,888.437
decode,14,model.layers.4.mlp.down_proj,830.26
decode,14,model.layers.4.mlp,2777.08
decode,14,model.layers.4,7248.28
decode,14,model.layers.5.input_layernorm,148.125
decode,14,model.layers.5.self_attn.q_proj,377.448
decode,14,model.layers.5.self_attn.k_proj,259.687
decode,14,model.layers.5.self_attn.v_proj,277.448
decode,14,model.layers.5.self_attn.q_norm,145.99
decode,14,model.layers.5.self_attn.k_norm,145.677
decode,14,model.layers.5.self_attn.q_rope,165.209
decode,14,model.layers.5.self_attn.k_rope,134.843
decode,14,model.layers.5.self_attn.qk_matmul,374.167
decode,14,model.layers.5.self_attn.mask,150.052
decode,14,model.layers.5.self_attn.softmax,163.281
decode,14,model.layers.5.self_attn.av_matmul,423.75
decode,14,model.layers.5.self_attn.o_proj,404.271
decode,14,model.layers.5.self_attn,3929.01
decode,14,model.layers.5.post_attention_layernorm,155.468
decode,14,model.layers.5.mlp.gate_proj,872.5
decode,14,model.layers.5.mlp.act,152.5
decode,14,model.layers.5.mlp.up_proj,888.697
decode,14,model.layers.5.mlp.down_proj,849.583
decode,14,model.layers.5.mlp,2787.5
decode,14,model.layers.5,7213.75
decode,14,model.layers.6.input_layernorm,161.718
decode,14,model.layers.6.self_attn.q_proj,399.531
decode,14,model.layers.6.self_attn.k_proj,280.729
decode,14,model.layers.6.self_attn.v_proj,300.625
decode,14,model.layers.6.self_attn.q_norm,151.51
decode,14,model.layers.6.self_attn.k_norm,190.625
decode,14,model.layers.6.self_attn.q_rope,180.781
decode,14,model.layers.6.self_attn.k_rope,157.657
decode,14,model.layers.6.self_attn.qk_matmul,366.094
decode,14,model.layers.6.self_attn.mask,144.791
decode,14,model.layers.6.self_attn.softmax,163.542
decode,14,model.layers.6.self_attn.av_matmul,398.646
decode,14,model.layers.6.self_attn.o_proj,386.094
decode,14,model.layers.6.self_attn,4436.09
decode,14,model.layers.6.post_attention_layernorm,147.76
decode,14,model.layers.6.mlp.gate_proj,980.052
decode,14,model.layers.6.mlp.act,139.687
decode,14,model.layers.6.mlp.up_proj,938.438
decode,14,model.layers.6.mlp.down_proj,898.125
decode,14,model.layers.6.mlp,2995.31
decode,14,model.layers.6,7988.33
decode,14,model.layers.7.input_layernorm,148.177
decode,14,model.layers.7.self_attn.q_proj,453.282
decode,14,model.layers.7.self_attn.k_proj,273.803
decode,14,model.layers.7.self_attn.v_proj,304.532
decode,14,model.layers.7.self_attn.q_norm,159.74
decode,14,model.layers.7.self_attn.k_norm,199.063
decode,14,model.layers.7.self_attn.q_rope,164.531
decode,14,model.layers.7.self_attn.k_rope,190.313
decode,14,model.layers.7.self_attn.qk_matmul,391.563
decode,14,model.layers.7.self_attn.mask,183.281
decode,14,model.layers.7.self_attn.softmax,162.188
decode,14,model.layers.7.self_attn.av_matmul,424.531
decode,14,model.layers.7.self_attn.o_proj,449.01
decode,14,model.layers.7.self_attn,4672.5
decode,14,model.layers.7.post_attention_layernorm,152.761
decode,14,model.layers.7.mlp.gate_proj,952.396
decode,14,model.layers.7.mlp.act,140.937
decode,14,model.layers.7.mlp.up_proj,945
decode,14,model.layers.7.mlp.down_proj,915.156
decode,14,model.layers.7.mlp,2987.92
decode,14,model.layers.7,8190.47
decode,14,model.layers.8.input_layernorm,222.5
decode,14,model.layers.8.self_attn.q_proj,407.656
decode,14,model.layers.8.self_attn.k_proj,311.094
decode,14,model.layers.8.self_attn.v_proj,297.812
decode,14,model.layers.8.self_attn.q_norm,135.469
decode,14,model.layers.8.self_attn.k_norm,198.178
decode,14,model.layers.8.self_attn.q_rope,167.813
decode,14,model.layers.8.self_attn.k_rope,194.687
decode,14,model.layers.8.self_attn.qk_matmul,616.823
decode,14,model.layers.8.self_attn.mask,158.906
decode,14,model.layers.8.self_attn.softmax,201.094
decode,14,model.layers.8.self_attn.av_matmul,422.343
decode,14,model.layers.8.self_attn.o_proj,407.5
decode,14,model.layers.8.self_attn,4900.31
decode,14,model.layers.8.post_attention_layernorm,163.073
decode,14,model.layers.8.mlp.gate_proj,921.823
decode,14,model.layers.8.mlp.act,172.813
decode,14,model.layers.8.mlp.up_proj,945.104
decode,14,model.layers.8.mlp.down_proj,909.167
decode,14,model.layers.8.mlp,3020.21
decode,14,model.layers.8,8537.03
decode,14,model.layers.9.input_layernorm,183.906
decode,14,model.layers.9.self_attn.q_proj,446.875
decode,14,model.layers.9.self_attn.k_proj,277.969
decode,14,model.layers.9.self_attn.v_proj,304.115
decode,14,model.layers.9.self_attn.q_norm,177.604
decode,14,model.layers.9.self_attn.k_norm,149.687
decode,14,model.layers.9.self_attn.q_rope,178.75
decode,14,model.layers.9.self_attn.k_rope,241.823
decode,14,model.layers.9.self_attn.qk_matmul,375
decode,14,model.layers.9.self_attn.mask,157.812
decode,14,model.layers.9.self_attn.softmax,190.99
decode,14,model.layers.9.self_attn.av_matmul,496.875
decode,14,model.layers.9.self_attn.o_proj,408.125
decode,14,model.layers.9.self_attn,4658.85
decode,14,model.layers.9.post_attention_layernorm,152.552
decode,14,model.layers.9.mlp.gate_proj,931.719
decode,14,model.layers.9.mlp.act,162.5
decode,14,model.layers.9.mlp.up_proj,937.917
decode,14,model.layers.9.mlp.down_proj,882.708
decode,14,model.layers.9.mlp,2977.45
decode,14,model.layers.9,8248.28
decode,14,model.layers.10.input_layernorm,176.094
decode,14,model.layers.10.self_attn.q_proj,419.948
decode,14,model.layers.10.self_attn.k_proj,351.719
decode,14,model.layers.10.self_attn.v_proj,283.593
decode,14,model.layers.10.self_attn.q_norm,140.208
decode,14,model.layers.10.self_attn.k_norm,155.261
decode,14,model.layers.10.self_attn.q_rope,158.906
decode,14,model.layers.10.self_attn.k_rope,184.948
decode,14,model.layers.10.self_attn.qk_matmul,382.292
decode,14,model.layers.10.self_attn.mask,159.063
decode,14,model.layers.10.self_attn.softmax,199.844
decode,14,model.layers.10.self_attn.av_matmul,402.969
decode,14,model.layers.10.self_attn.o_proj,415
decode,14,model.layers.10.self_attn,4604.22
decode,14,model.layers.10.post_attention_layernorm,151.511
decode,14,model.layers.10.mlp.gate_proj,897.5
decode,14,model.layers.10.mlp.act,178.75
decode,14,model.layers.10.mlp.up_proj,952.916
decode,14,model.layers.10.mlp.down_proj,869.218
decode,14,model.layers.10.mlp,2932.97
decode,14,model.layers.10,8126.98
decode,14,model.layers.11.input_layernorm,131.146
decode,14,model.layers.11.self_attn.q_proj,452.761
decode,14,model.layers.11.self_attn.k_proj,282.656
decode,14,model.layers.11.self_attn.v_proj,293.333
decode,14,model.layers.11.self_attn.q_norm,143.385
decode,14,model.layers.11.self_attn.k_norm,154.218
decode,14,model.layers.11.self_attn.q_rope,160.781
decode,14,model.layers.11.self_attn.k_rope,179.792
decode,14,model.layers.11.self_attn.qk_matmul,362.708
decode,14,model.layers.11.self_attn.mask,177.657
decode,14,model.layers.11.self_attn.softmax,184.219
decode,14,model.layers.11.self_attn.av_matmul,407.969
decode,14,model.layers.11.self_attn.o_proj,407.188
decode,14,model.layers.11.self_attn,4559.38
decode,14,model.layers.11.post_attention_layernorm,163.281
decode,14,model.layers.11.mlp.gate_proj,958.437
decode,14,model.layers.11.mlp.act,139.219
decode,14,model.layers.11.mlp.up_proj,959.688
decode,14,model.layers.11.mlp.down_proj,900.156
decode,14,model.layers.11.mlp,3028.28
decode,14,model.layers.11,8106.3
decode,14,model.layers.12.input_layernorm,168.281
decode,14,model.layers.12.self_attn.q_proj,440.313
decode,14,model.layers.12.self_attn.k_proj,301.875
decode,14,model.layers.12.self_attn.v_proj,322.605
decode,14,model.layers.12.self_attn.q_norm,180.937
decode,14,model.layers.12.self_attn.k_norm,194.844
decode,14,model.layers.12.self_attn.q_rope,168.229
decode,14,model.layers.12.self_attn.k_rope,185.938
decode,14,model.layers.12.self_attn.qk_matmul,368.02
decode,14,model.layers.12.self_attn.mask,166.719
decode,14,model.layers.12.self_attn.softmax,180.938
decode,14,model.layers.12.self_attn.av_matmul,400.313
decode,14,model.layers.12.self_attn.o_proj,419.843
decode,14,model.layers.12.self_attn,4656.25
decode,14,model.layers.12.post_attention_layernorm,158.907
decode,14,model.layers.12.mlp.gate_proj,954.375
decode,14,model.layers.12.mlp.act,183.541
decode,14,model.layers.12.mlp.up_proj,937.344
decode,14,model.layers.12.mlp.down_proj,895.156
decode,14,model.layers.12.mlp,3008.59
decode,14,model.layers.12,8197.19
decode,14,model.layers.13.input_layernorm,173.698
decode,14,model.layers.13.self_attn.q_proj,399.896
decode,14,model.layers.13.self_attn.k_proj,324.948
decode,14,model.layers.13.self_attn.v_proj,275.312
decode,14,model.layers.13.self_attn.q_norm,159.843
decode,14,model.layers.13.self_attn.k_norm,178.281
decode,14,model.layers.13.self_attn.q_rope,153.437
decode,14,model.layers.13.self_attn.k_rope,237.812
decode,14,model.layers.13.self_attn.qk_matmul,367.188
decode,14,model.layers.13.self_attn.mask,133.437
decode,14,model.layers.13.self_attn.softmax,169.062
decode,14,model.layers.13.self_attn.av_matmul,399.844
decode,14,model.layers.13.self_attn.o_proj,386.719
decode,14,model.layers.13.self_attn,4467.29
decode,14,model.layers.13.post_attention_layernorm,179.948
decode,14,model.layers.13.mlp.gate_proj,910.625
decode,14,model.layers.13.mlp.act,210.052
decode,14,model.layers.13.mlp.up_proj,913.125
decode,14,model.layers.13.mlp.down_proj,888.75
decode,14,model.layers.13.mlp,2987.97
decode,14,model.layers.13,8073.28
decode,14,model.layers.14.input_layernorm,162.031
decode,14,model.layers.14.self_attn.q_proj,442.76
decode,14,model.layers.14.self_attn.k_proj,294.636
decode,14,model.layers.14.self_attn.v_proj,270.469
decode,14,model.layers.14.self_attn.q_norm,159.739
decode,14,model.layers.14.self_attn.k_norm,143.958
decode,14,model.layers.14.self_attn.q_rope,176.875
decode,14,model.layers.14.self_attn.k_rope,182.812
decode,14,model.layers.14.self_attn.qk_matmul,390
decode,14,model.layers.14.self_attn.mask,171.458
decode,14,model.layers.14.self_attn.softmax,199.062
decode,14,model.layers.14.self_attn.av_matmul,409.219
decode,14,model.layers.14.self_attn.o_proj,410.938
decode,14,model.layers.14.self_attn,4635.26
decode,14,model.layers.14.post_attention_layernorm,146.406
decode,14,model.layers.14.mlp.gate_proj,908.229
decode,14,model.layers.14.mlp.act,201.562
decode,14,model.layers.14.mlp.up_proj,938.854
decode,14,model.layers.14.mlp.down_proj,900.938
decode,14,model.layers.14.mlp,2983.75
decode,14,model.layers.14,8211.82
decode,14,model.layers.15.input_layernorm,158.698
decode,14,model.layers.15.self_attn.q_proj,443.333
decode,14,model.layers.15.self_attn.k_proj,290
decode,14,model.layers.15.self_attn.v_proj,338.75
decode,14,model.layers.15.self_attn.q_norm,162.031
decode,14,model.layers.15.self_attn.k_norm,147.187
decode,14,model.layers.15.self_attn.q_rope,158.177
decode,14,model.layers.15.self_attn.k_rope,187.187
decode,14,model.layers.15.self_attn.qk_matmul,373.75
decode,14,model.layers.15.self_attn.mask,162.968
decode,14,model.layers.15.self_attn.softmax,160.312
decode,14,model.layers.15.self_attn.av_matmul,409.375
decode,14,model.layers.15.self_attn.o_proj,415.052
decode,14,model.layers.15.self_attn,4591.88
decode,14,model.layers.15.post_attention_layernorm,152.24
decode,14,model.layers.15.mlp.gate_proj,978.802
decode,14,model.layers.15.mlp.act,160.937
decode,14,model.layers.15.mlp.up_proj,918.906
decode,14,model.layers.15.mlp.down_proj,880.313
decode,14,model.layers.15.mlp,3012.6
decode,14,model.layers.15,8136.41
decode,14,model.layers.16.input_layernorm,204.479
decode,14,model.layers.16.self_attn.q_proj,403.073
decode,14,model.layers.16.self_attn.k_proj,306.562
decode,14,model.layers.16.self_attn.v_proj,293.125
decode,14,model.layers.16.self_attn.q_norm,173.437
decode,14,model.layers.16.self_attn.k_norm,147.5
decode,14,model.layers.16.self_attn.q_rope,159.584
decode,14,model.layers.16.self_attn.k_rope,148.594
decode,14,model.layers.16.self_attn.qk_matmul,398.385
decode,14,model.layers.16.self_attn.mask,240.469
decode,14,model.layers.16.self_attn.softmax,171.562
decode,14,model.layers.16.self_attn.av_matmul,430.156
decode,14,model.layers.16.self_attn.o_proj,402.656
decode,14,model.layers.16.self_attn,4669.84
decode,14,model.layers.16.post_attention_layernorm,155.573
decode,14,model.layers.16.mlp.gate_proj,948.021
decode,14,model.layers.16.mlp.act,154.844
decode,14,model.layers.16.mlp.up_proj,969.688
decode,14,model.layers.16.mlp.down_proj,916.823
decode,14,model.layers.16.mlp,3067.81
decode,14,model.layers.16,8304.84
decode,14,model.layers.17.input_layernorm,159.948
decode,14,model.layers.17.self_attn.q_proj,439.636
decode,14,model.layers.17.self_attn.k_proj,291.562
decode,14,model.layers.17.self_attn.v_proj,272.291
decode,14,model.layers.17.self_attn.q_norm,145.365
decode,14,model.layers.17.self_attn.k_norm,140.521
decode,14,model.layers.17.self_attn.q_rope,162.292
decode,14,model.layers.17.self_attn.k_rope,188.489
decode,14,model.layers.17.self_attn.qk_matmul,645.52
decode,14,model.layers.17.self_attn.mask,173.906
decode,14,model.layers.17.self_attn.softmax,144.479
decode,14,model.layers.17.self_attn.av_matmul,455.937
decode,14,model.layers.17.self_attn.o_proj,421.562
decode,14,model.layers.17.self_attn,4829.06
decode,14,model.layers.17.post_attention_layernorm,145.937
decode,14,model.layers.17.mlp.gate_proj,935.834
decode,14,model.layers.17.mlp.act,157.708
decode,14,model.layers.17.mlp.up_proj,957.031
decode,14,model.layers.17.mlp.down_proj,900.417
decode,14,model.layers.17.mlp,2985.78
decode,14,model.layers.17,8410.62
decode,14,model.layers.18.input_layernorm,165.417
decode,14,model.layers.18.self_attn.q_proj,444.323
decode,14,model.layers.18.self_attn.k_proj,314.114
decode,14,model.layers.18.self_attn.v_proj,292.136
decode,14,model.layers.18.self_attn.q_norm,245.625
decode,14,model.layers.18.self_attn.k_norm,157.187
decode,14,model.layers.18.self_attn.q_rope,184.531
decode,14,model.layers.18.self_attn.k_rope,174.531
decode,14,model.layers.18.self_attn.qk_matmul,392.76
decode,14,model.layers.18.self_attn.mask,166.146
decode,14,model.layers.18.self_attn.softmax,179.792
decode,14,model.layers.18.self_attn.av_matmul,415.729
decode,14,model.layers.18.self_attn.o_proj,401.094
decode,14,model.layers.18.self_attn,4557.45
decode,14,model.layers.18.post_attention_layernorm,153.958
decode,14,model.layers.18.mlp.gate_proj,923.855
decode,14,model.layers.18.mlp.act,183.177
decode,14,model.layers.18.mlp.up_proj,932.916
decode,14,model.layers.18.mlp.down_proj,890.417
decode,14,model.layers.18.mlp,2969.38
decode,14,model.layers.18,8101.46
decode,14,model.layers.19.input_layernorm,176.302
decode,14,model.layers.19.self_attn.q_proj,421.927
decode,14,model.layers.19.self_attn.k_proj,279.375
decode,14,model.layers.19.self_attn.v_proj,267.969
decode,14,model.layers.19.self_attn.q_norm,144.843
decode,14,model.layers.19.self_attn.k_norm,129.844
decode,14,model.layers.19.self_attn.q_rope,156.719
decode,14,model.layers.19.self_attn.k_rope,166.406
decode,14,model.layers.19.self_attn.qk_matmul,450.625
decode,14,model.layers.19.self_attn.mask,320.469
decode,14,model.layers.19.self_attn.softmax,165.625
decode,14,model.layers.19.self_attn.av_matmul,382.812
decode,14,model.layers.19.self_attn.o_proj,398.438
decode,14,model.layers.19.self_attn,4540.21
decode,14,model.layers.19.post_attention_layernorm,158.854
decode,14,model.layers.19.mlp.gate_proj,933.542
decode,14,model.layers.19.mlp.act,178.438
decode,14,model.layers.19.mlp.up_proj,964.531
decode,14,model.layers.19.mlp.down_proj,938.541
decode,14,model.layers.19.mlp,3091.61
decode,14,model.layers.19,8220
decode,14,model.layers.20.input_layernorm,141.563
decode,14,model.layers.20.self_attn.q_proj,425.469
decode,14,model.layers.20.self_attn.k_proj,309.323
decode,14,model.layers.20.self_attn.v_proj,287.396
decode,14,model.layers.20.self_attn.q_norm,202.239
decode,14,model.layers.20.self_attn.k_norm,185.625
decode,14,model.layers.20.self_attn.q_rope,193.906
decode,14,model.layers.20.self_attn.k_rope,80.677
decode,14,model.layers.20.self_attn.qk_matmul,376.094
decode,14,model.layers.20.self_attn.mask,180.313
decode,14,model.layers.20.self_attn.softmax,186.875
decode,14,model.layers.20.self_attn.av_matmul,464.584
decode,14,model.layers.20.self_attn.o_proj,428.177
decode,14,model.layers.20.self_attn,4663.28
decode,14,model.layers.20.post_attention_layernorm,164.688
decode,14,model.layers.20.mlp.gate_proj,940.99
decode,14,model.layers.20.mlp.act,178.906
decode,14,model.layers.20.mlp.up_proj,937.552
decode,14,model.layers.20.mlp.down_proj,912.917
decode,14,model.layers.20.mlp,3007.97
decode,14,model.layers.20,8215.42
decode,14,model.layers.21.input_layernorm,163.802
decode,14,model.layers.21.self_attn.q_proj,449.01
decode,14,model.layers.21.self_attn.k_proj,303.698
decode,14,model.layers.21.self_attn.v_proj,334.531
decode,14,model.layers.21.self_attn.q_norm,83.021
decode,14,model.layers.21.self_attn.k_norm,170.938
decode,14,model.layers.21.self_attn.q_rope,177.5
decode,14,model.layers.21.self_attn.k_rope,184.271
decode,14,model.layers.21.self_attn.qk_matmul,402.031
decode,14,model.layers.21.self_attn.mask,166.354
decode,14,model.layers.21.self_attn.softmax,181.354
decode,14,model.layers.21.self_attn.av_matmul,410.937
decode,14,model.layers.21.self_attn.o_proj,441.146
decode,14,model.layers.21.self_attn,4586.2
decode,14,model.layers.21.post_attention_layernorm,277.552
decode,14,model.layers.21.mlp.gate_proj,998.594
decode,14,model.layers.21.mlp.act,213.125
decode,14,model.layers.21.mlp.up_proj,963.75
decode,14,model.layers.21.mlp.down_proj,971.094
decode,14,model.layers.21.mlp,3251.3
decode,14,model.layers.21,8552.81
decode,14,model.layers.22.input_layernorm,244.895
decode,14,model.layers.22.self_attn.q_proj,454.427
decode,14,model.layers.22.self_attn.k_proj,335.104
decode,14,model.layers.22.self_attn.v_proj,361.98
decode,14,model.layers.22.self_attn.q_norm,168.438
decode,14,model.layers.22.self_attn.k_norm,205.521
decode,14,model.layers.22.self_attn.q_rope,213.907
decode,14,model.layers.22.self_attn.k_rope,174.375
decode,14,model.layers.22.self_attn.qk_matmul,490.313
decode,14,model.layers.22.self_attn.mask,182.657
decode,14,model.layers.22.self_attn.softmax,256.354
decode,14,model.layers.22.self_attn.av_matmul,448.177
decode,14,model.layers.22.self_attn.o_proj,438.125
decode,14,model.layers.22.self_attn,5763.75
decode,14,model.layers.22.post_attention_layernorm,208.542
decode,14,model.layers.22.mlp.gate_proj,977.604
decode,14,model.layers.22.mlp.act,187.604
decode,14,model.layers.22.mlp.up_proj,1029.17
decode,14,model.layers.22.mlp.down_proj,916.666
decode,14,model.layers.22.mlp,3182.86
decode,14,model.layers.22,9799.58
decode,14,model.layers.23.input_layernorm,198.594
decode,14,model.layers.23.self_attn.q_proj,475.677
decode,14,model.layers.23.self_attn.k_proj,363.438
decode,14,model.layers.23.self_attn.v_proj,308.177
decode,14,model.layers.23.self_attn.q_norm,208.593
decode,14,model.layers.23.self_attn.k_norm,217.968
decode,14,model.layers.23.self_attn.q_rope,214.583
decode,14,model.layers.23.self_attn.k_rope,246.25
decode,14,model.layers.23.self_attn.qk_matmul,426.354
decode,14,model.layers.23.self_attn.mask,205.938
decode,14,model.layers.23.self_attn.softmax,232.083
decode,14,model.layers.23.self_attn.av_matmul,437.605
decode,14,model.layers.23.self_attn.o_proj,438.594
decode,14,model.layers.23.self_attn,5782.66
decode,14,model.layers.23.post_attention_layernorm,230.781
decode,14,model.layers.23.mlp.gate_proj,958.906
decode,14,model.layers.23.mlp.act,233.593
decode,14,model.layers.23.mlp.up_proj,951.823
decode,14,model.layers.23.mlp.down_proj,949.323
decode,14,model.layers.23.mlp,3180.47
decode,14,model.layers.23,9712.97
decode,14,model.layers.24.input_layernorm,197.188
decode,14,model.layers.24.self_attn.q_proj,463.854
decode,14,model.layers.24.self_attn.k_proj,373.646
decode,14,model.layers.24.self_attn.v_proj,316.875
decode,14,model.layers.24.self_attn.q_norm,207.188
decode,14,model.layers.24.self_attn.k_norm,276.562
decode,14,model.layers.24.self_attn.q_rope,209.323
decode,14,model.layers.24.self_attn.k_rope,202.812
decode,14,model.layers.24.self_attn.qk_matmul,406.407
decode,14,model.layers.24.self_attn.mask,195
decode,14,model.layers.24.self_attn.softmax,269.896
decode,14,model.layers.24.self_attn.av_matmul,466.875
decode,14,model.layers.24.self_attn.o_proj,462.657
decode,14,model.layers.24.self_attn,5843.18
decode,14,model.layers.24.post_attention_layernorm,174.739
decode,14,model.layers.24.mlp.gate_proj,961.875
decode,14,model.layers.24.mlp.act,237.917
decode,14,model.layers.24.mlp.up_proj,970.052
decode,14,model.layers.24.mlp.down_proj,947.5
decode,14,model.layers.24.mlp,3221.72
decode,14,model.layers.24,9719.11
decode,14,model.layers.25.input_layernorm,240.573
decode,14,model.layers.25.self_attn.q_proj,437.031
decode,14,model.layers.25.self_attn.k_proj,469.375
decode,14,model.layers.25.self_attn.v_proj,296.25
decode,14,model.layers.25.self_attn.q_norm,206.198
decode,14,model.layers.25.self_attn.k_norm,227.656
decode,14,model.layers.25.self_attn.q_rope,217.239
decode,14,model.layers.25.self_attn.k_rope,238.75
decode,14,model.layers.25.self_attn.qk_matmul,415.261
decode,14,model.layers.25.self_attn.mask,204.011
decode,14,model.layers.25.self_attn.softmax,251.355
decode,14,model.layers.25.self_attn.av_matmul,458.49
decode,14,model.layers.25.self_attn.o_proj,461.25
decode,14,model.layers.25.self_attn,5946.77
decode,14,model.layers.25.post_attention_layernorm,194.48
decode,14,model.layers.25.mlp.gate_proj,969.531
decode,14,model.layers.25.mlp.act,232.187
decode,14,model.layers.25.mlp.up_proj,1019.22
decode,14,model.layers.25.mlp.down_proj,926.875
decode,14,model.layers.25.mlp,3199.32
decode,14,model.layers.25,9953.75
decode,14,model.layers.26.input_layernorm,195.989
decode,14,model.layers.26.self_attn.q_proj,497.656
decode,14,model.layers.26.self_attn.k_proj,321.406
decode,14,model.layers.26.self_attn.v_proj,355
decode,14,model.layers.26.self_attn.q_norm,250.208
decode,14,model.layers.26.self_attn.k_norm,111.042
decode,14,model.layers.26.self_attn.q_rope,298.75
decode,14,model.layers.26.self_attn.k_rope,183.906
decode,14,model.layers.26.self_attn.qk_matmul,487.344
decode,14,model.layers.26.self_attn.mask,226.823
decode,14,model.layers.26.self_attn.softmax,214.062
decode,14,model.layers.26.self_attn.av_matmul,478.073
decode,14,model.layers.26.self_attn.o_proj,432.657
decode,14,model.layers.26.self_attn,5672.5
decode,14,model.layers.26.post_attention_layernorm,195.312
decode,14,model.layers.26.mlp.gate_proj,994.844
decode,14,model.layers.26.mlp.act,199.323
decode,14,model.layers.26.mlp.up_proj,985.937
decode,14,model.layers.26.mlp.down_proj,978.125
decode,14,model.layers.26.mlp,3261.61
decode,14,model.layers.26,9676.98
decode,14,model.layers.27.input_layernorm,230.469
decode,14,model.layers.27.self_attn.q_proj,459.636
decode,14,model.layers.27.self_attn.k_proj,384.167
decode,14,model.layers.27.self_attn.v_proj,325.26
decode,14,model.layers.27.self_attn.q_norm,231.771
decode,14,model.layers.27.self_attn.k_norm,242.709
decode,14,model.layers.27.self_attn.q_rope,191.094
decode,14,model.layers.27.self_attn.k_rope,213.594
decode,14,model.layers.27.self_attn.qk_matmul,480.625
decode,14,model.layers.27.self_attn.mask,227.709
decode,14,model.layers.27.self_attn.softmax,197.5
decode,14,model.layers.27.self_attn.av_matmul,470.156
decode,14,model.layers.27.self_attn.o_proj,453.438
decode,14,model.layers.27.self_attn,5840.94
decode,14,model.layers.27.post_attention_layernorm,213.021
decode,14,model.layers.27.mlp.gate_proj,1017.34
decode,14,model.layers.27.mlp.act,236.719
decode,14,model.layers.27.mlp.up_proj,1018.33
decode,14,model.layers.27.mlp.down_proj,956.093
decode,14,model.layers.27.mlp,3291.3
decode,14,model.layers.27,9879.22
decode,14,model.norm,142.344
decode,14,model,237426
decode,14,lm_head_out,107395
decode,14,model.embed_tokens,20.26
decode,15,model.layers.0.input_layernorm,5253.28
decode,15,model.layers.0.self_attn.q_proj,412.448
decode,15,model.layers.0.self_attn.k_proj,273.229
decode,15,model.layers.0.self_attn.v_proj,244.843
decode,15,model.layers.0.self_attn.q_norm,117.865
decode,15,model.layers.0.self_attn.k_norm,122.083
decode,15,model.layers.0.self_attn.q_rope,120.781
decode,15,model.layers.0.self_attn.k_rope,126.042
decode,15,model.layers.0.self_attn.qk_matmul,353.125
decode,15,model.layers.0.self_attn.mask,124.323
decode,15,model.layers.0.self_attn.softmax,116.094
decode,15,model.layers.0.self_attn.av_matmul,380.625
decode,15,model.layers.0.self_attn.o_proj,355.312
decode,15,model.layers.0.self_attn,3488.59
decode,15,model.layers.0.post_attention_layernorm,104.74
decode,15,model.layers.0.mlp.gate_proj,890.313
decode,15,model.layers.0.mlp.act,133.437
decode,15,model.layers.0.mlp.up_proj,864.531
decode,15,model.layers.0.mlp.down_proj,802.5
decode,15,model.layers.0.mlp,2714.06
decode,15,model.layers.0,11707.5
decode,15,model.layers.1.input_layernorm,127.968
decode,15,model.layers.1.self_attn.q_proj,346.406
decode,15,model.layers.1.self_attn.k_proj,247.396
decode,15,model.layers.1.self_attn.v_proj,223.281
decode,15,model.layers.1.self_attn.q_norm,130.156
decode,15,model.layers.1.self_attn.k_norm,98.177
decode,15,model.layers.1.self_attn.q_rope,138.177
decode,15,model.layers.1.self_attn.k_rope,113.802
decode,15,model.layers.1.self_attn.qk_matmul,1623.59
decode,15,model.layers.1.self_attn.mask,345.781
decode,15,model.layers.1.self_attn.softmax,130.677
decode,15,model.layers.1.self_attn.av_matmul,416.094
decode,15,model.layers.1.self_attn.o_proj,386.875
decode,15,model.layers.1.self_attn,4973.59
decode,15,model.layers.1.post_attention_layernorm,129.739
decode,15,model.layers.1.mlp.gate_proj,906.614
decode,15,model.layers.1.mlp.act,121.354
decode,15,model.layers.1.mlp.up_proj,890.26
decode,15,model.layers.1.mlp.down_proj,866.719
decode,15,model.layers.1.mlp,2826.15
decode,15,model.layers.1,8215.62
decode,15,model.layers.2.input_layernorm,120.573
decode,15,model.layers.2.self_attn.q_proj,387.864
decode,15,model.layers.2.self_attn.k_proj,253.281
decode,15,model.layers.2.self_attn.v_proj,231.979
decode,15,model.layers.2.self_attn.q_norm,123.542
decode,15,model.layers.2.self_attn.k_norm,102.657
decode,15,model.layers.2.self_attn.q_rope,122.136
decode,15,model.layers.2.self_attn.k_rope,120
decode,15,model.layers.2.self_attn.qk_matmul,347.187
decode,15,model.layers.2.self_attn.mask,129.479
decode,15,model.layers.2.self_attn.softmax,157.812
decode,15,model.layers.2.self_attn.av_matmul,427.5
decode,15,model.layers.2.self_attn.o_proj,398.334
decode,15,model.layers.2.self_attn,3650.31
decode,15,model.layers.2.post_attention_layernorm,145.417
decode,15,model.layers.2.mlp.gate_proj,923.75
decode,15,model.layers.2.mlp.act,152.031
decode,15,model.layers.2.mlp.up_proj,926.042
decode,15,model.layers.2.mlp.down_proj,904.583
decode,15,model.layers.2.mlp,2929.22
decode,15,model.layers.2,7030.26
decode,15,model.layers.3.input_layernorm,157.344
decode,15,model.layers.3.self_attn.q_proj,402.344
decode,15,model.layers.3.self_attn.k_proj,290.781
decode,15,model.layers.3.self_attn.v_proj,257.968
decode,15,model.layers.3.self_attn.q_norm,146.51
decode,15,model.layers.3.self_attn.k_norm,154.531
decode,15,model.layers.3.self_attn.q_rope,139.791
decode,15,model.layers.3.self_attn.k_rope,138.281
decode,15,model.layers.3.self_attn.qk_matmul,368.438
decode,15,model.layers.3.self_attn.mask,148.594
decode,15,model.layers.3.self_attn.softmax,153.906
decode,15,model.layers.3.self_attn.av_matmul,397.188
decode,15,model.layers.3.self_attn.o_proj,385.781
decode,15,model.layers.3.self_attn,3741.15
decode,15,model.layers.3.post_attention_layernorm,152.448
decode,15,model.layers.3.mlp.gate_proj,919.687
decode,15,model.layers.3.mlp.act,136.771
decode,15,model.layers.3.mlp.up_proj,902.135
decode,15,model.layers.3.mlp.down_proj,874.375
decode,15,model.layers.3.mlp,2863.23
decode,15,model.layers.3,7081.82
decode,15,model.layers.4.input_layernorm,127.032
decode,15,model.layers.4.self_attn.q_proj,418.229
decode,15,model.layers.4.self_attn.k_proj,268.958
decode,15,model.layers.4.self_attn.v_proj,255.312
decode,15,model.layers.4.self_attn.q_norm,156.302
decode,15,model.layers.4.self_attn.k_norm,152.656
decode,15,model.layers.4.self_attn.q_rope,157.448
decode,15,model.layers.4.self_attn.k_rope,137.032
decode,15,model.layers.4.self_attn.qk_matmul,376.146
decode,15,model.layers.4.self_attn.mask,150.781
decode,15,model.layers.4.self_attn.softmax,132.083
decode,15,model.layers.4.self_attn.av_matmul,418.594
decode,15,model.layers.4.self_attn.o_proj,445.937
decode,15,model.layers.4.self_attn,3924.22
decode,15,model.layers.4.post_attention_layernorm,142.5
decode,15,model.layers.4.mlp.gate_proj,937.239
decode,15,model.layers.4.mlp.act,137.187
decode,15,model.layers.4.mlp.up_proj,923.906
decode,15,model.layers.4.mlp.down_proj,877.188
decode,15,model.layers.4.mlp,2937.86
decode,15,model.layers.4,7338.12
decode,15,model.layers.5.input_layernorm,175.625
decode,15,model.layers.5.self_attn.q_proj,396.563
decode,15,model.layers.5.self_attn.k_proj,282.5
decode,15,model.layers.5.self_attn.v_proj,304.844
decode,15,model.layers.5.self_attn.q_norm,132.395
decode,15,model.layers.5.self_attn.k_norm,164.896
decode,15,model.layers.5.self_attn.q_rope,162.448
decode,15,model.layers.5.self_attn.k_rope,131.511
decode,15,model.layers.5.self_attn.qk_matmul,380.312
decode,15,model.layers.5.self_attn.mask,157.761
decode,15,model.layers.5.self_attn.softmax,160.677
decode,15,model.layers.5.self_attn.av_matmul,406.094
decode,15,model.layers.5.self_attn.o_proj,388.75
decode,15,model.layers.5.self_attn,4220.83
decode,15,model.layers.5.post_attention_layernorm,147.292
decode,15,model.layers.5.mlp.gate_proj,922.656
decode,15,model.layers.5.mlp.act,165.937
decode,15,model.layers.5.mlp.up_proj,917.968
decode,15,model.layers.5.mlp.down_proj,890.625
decode,15,model.layers.5.mlp,2959.9
decode,15,model.layers.5,7703.75
decode,15,model.layers.6.input_layernorm,164.635
decode,15,model.layers.6.self_attn.q_proj,391.25
decode,15,model.layers.6.self_attn.k_proj,278.75
decode,15,model.layers.6.self_attn.v_proj,309.948
decode,15,model.layers.6.self_attn.q_norm,159.635
decode,15,model.layers.6.self_attn.k_norm,133.334
decode,15,model.layers.6.self_attn.q_rope,155.469
decode,15,model.layers.6.self_attn.k_rope,168.021
decode,15,model.layers.6.self_attn.qk_matmul,345.156
decode,15,model.layers.6.self_attn.mask,129.843
decode,15,model.layers.6.self_attn.softmax,151.406
decode,15,model.layers.6.self_attn.av_matmul,396.562
decode,15,model.layers.6.self_attn.o_proj,401.094
decode,15,model.layers.6.self_attn,4151.88
decode,15,model.layers.6.post_attention_layernorm,167.917
decode,15,model.layers.6.mlp.gate_proj,938.906
decode,15,model.layers.6.mlp.act,168.125
decode,15,model.layers.6.mlp.up_proj,950.99
decode,15,model.layers.6.mlp.down_proj,916.25
decode,15,model.layers.6.mlp,3011.04
decode,15,model.layers.6,7823.91
decode,15,model.layers.7.input_layernorm,168.906
decode,15,model.layers.7.self_attn.q_proj,441.771
decode,15,model.layers.7.self_attn.k_proj,283.385
decode,15,model.layers.7.self_attn.v_proj,288.645
decode,15,model.layers.7.self_attn.q_norm,175
decode,15,model.layers.7.self_attn.k_norm,145.625
decode,15,model.layers.7.self_attn.q_rope,161.458
decode,15,model.layers.7.self_attn.k_rope,197.656
decode,15,model.layers.7.self_attn.qk_matmul,362.552
decode,15,model.layers.7.self_attn.mask,142.292
decode,15,model.layers.7.self_attn.softmax,150.312
decode,15,model.layers.7.self_attn.av_matmul,402.656
decode,15,model.layers.7.self_attn.o_proj,403.958
decode,15,model.layers.7.self_attn,4429.74
decode,15,model.layers.7.post_attention_layernorm,151.406
decode,15,model.layers.7.mlp.gate_proj,964.792
decode,15,model.layers.7.mlp.act,137.187
decode,15,model.layers.7.mlp.up_proj,946.719
decode,15,model.layers.7.mlp.down_proj,891.562
decode,15,model.layers.7.mlp,2975.47
decode,15,model.layers.7,7939.32
decode,15,model.layers.8.input_layernorm,173.593
decode,15,model.layers.8.self_attn.q_proj,411.25
decode,15,model.layers.8.self_attn.k_proj,290.573
decode,15,model.layers.8.self_attn.v_proj,277.032
decode,15,model.layers.8.self_attn.q_norm,170.104
decode,15,model.layers.8.self_attn.k_norm,158.958
decode,15,model.layers.8.self_attn.q_rope,161.823
decode,15,model.layers.8.self_attn.k_rope,212.031
decode,15,model.layers.8.self_attn.qk_matmul,374.688
decode,15,model.layers.8.self_attn.mask,141.458
decode,15,model.layers.8.self_attn.softmax,144.532
decode,15,model.layers.8.self_attn.av_matmul,398.229
decode,15,model.layers.8.self_attn.o_proj,447.968
decode,15,model.layers.8.self_attn,4522.34
decode,15,model.layers.8.post_attention_layernorm,165
decode,15,model.layers.8.mlp.gate_proj,923.02
decode,15,model.layers.8.mlp.act,131.927
decode,15,model.layers.8.mlp.up_proj,955.885
decode,15,model.layers.8.mlp.down_proj,876.615
decode,15,model.layers.8.mlp,2935.62
decode,15,model.layers.8,8031.56
decode,15,model.layers.9.input_layernorm,132.187
decode,15,model.layers.9.self_attn.q_proj,455.885
decode,15,model.layers.9.self_attn.k_proj,279.375
decode,15,model.layers.9.self_attn.v_proj,302.084
decode,15,model.layers.9.self_attn.q_norm,145.052
decode,15,model.layers.9.self_attn.k_norm,165
decode,15,model.layers.9.self_attn.q_rope,174.375
decode,15,model.layers.9.self_attn.k_rope,129.844
decode,15,model.layers.9.self_attn.qk_matmul,352.864
decode,15,model.layers.9.self_attn.mask,131.25
decode,15,model.layers.9.self_attn.softmax,160.677
decode,15,model.layers.9.self_attn.av_matmul,400.312
decode,15,model.layers.9.self_attn.o_proj,411.875
decode,15,model.layers.9.self_attn,4696.56
decode,15,model.layers.9.post_attention_layernorm,164.323
decode,15,model.layers.9.mlp.gate_proj,905.938
decode,15,model.layers.9.mlp.act,132.395
decode,15,model.layers.9.mlp.up_proj,948.489
decode,15,model.layers.9.mlp.down_proj,868.385
decode,15,model.layers.9.mlp,2891.25
decode,15,model.layers.9,8105
decode,15,model.layers.10.input_layernorm,131.823
decode,15,model.layers.10.self_attn.q_proj,448.281
decode,15,model.layers.10.self_attn.k_proj,303.802
decode,15,model.layers.10.self_attn.v_proj,291.979
decode,15,model.layers.10.self_attn.q_norm,142.5
decode,15,model.layers.10.self_attn.k_norm,179.844
decode,15,model.layers.10.self_attn.q_rope,175.521
decode,15,model.layers.10.self_attn.k_rope,188.958
decode,15,model.layers.10.self_attn.qk_matmul,421.719
decode,15,model.layers.10.self_attn.mask,165.208
decode,15,model.layers.10.self_attn.softmax,187.344
decode,15,model.layers.10.self_attn.av_matmul,437.552
decode,15,model.layers.10.self_attn.o_proj,405.73
decode,15,model.layers.10.self_attn,4617.92
decode,15,model.layers.10.post_attention_layernorm,151.615
decode,15,model.layers.10.mlp.gate_proj,913.125
decode,15,model.layers.10.mlp.act,143.386
decode,15,model.layers.10.mlp.up_proj,975.364
decode,15,model.layers.10.mlp.down_proj,908.75
decode,15,model.layers.10.mlp,2976.25
decode,15,model.layers.10,8145.31
decode,15,model.layers.11.input_layernorm,154.062
decode,15,model.layers.11.self_attn.q_proj,437.813
decode,15,model.layers.11.self_attn.k_proj,344.427
decode,15,model.layers.11.self_attn.v_proj,314.218
decode,15,model.layers.11.self_attn.q_norm,218.489
decode,15,model.layers.11.self_attn.k_norm,150
decode,15,model.layers.11.self_attn.q_rope,170.26
decode,15,model.layers.11.self_attn.k_rope,142.813
decode,15,model.layers.11.self_attn.qk_matmul,382.239
decode,15,model.layers.11.self_attn.mask,134.011
decode,15,model.layers.11.self_attn.softmax,175.104
decode,15,model.layers.11.self_attn.av_matmul,432.604
decode,15,model.layers.11.self_attn.o_proj,433.75
decode,15,model.layers.11.self_attn,4613.28
decode,15,model.layers.11.post_attention_layernorm,152.656
decode,15,model.layers.11.mlp.gate_proj,942.083
decode,15,model.layers.11.mlp.act,197.656
decode,15,model.layers.11.mlp.up_proj,922.187
decode,15,model.layers.11.mlp.down_proj,948.437
decode,15,model.layers.11.mlp,3046.67
decode,15,model.layers.11,8210.31
decode,15,model.layers.12.input_layernorm,214.062
decode,15,model.layers.12.self_attn.q_proj,424.479
decode,15,model.layers.12.self_attn.k_proj,308.125
decode,15,model.layers.12.self_attn.v_proj,274.844
decode,15,model.layers.12.self_attn.q_norm,176.927
decode,15,model.layers.12.self_attn.k_norm,155.26
decode,15,model.layers.12.self_attn.q_rope,170.469
decode,15,model.layers.12.self_attn.k_rope,144.063
decode,15,model.layers.12.self_attn.qk_matmul,371.094
decode,15,model.layers.12.self_attn.mask,150.782
decode,15,model.layers.12.self_attn.softmax,191.459
decode,15,model.layers.12.self_attn.av_matmul,417.24
decode,15,model.layers.12.self_attn.o_proj,433.073
decode,15,model.layers.12.self_attn,4591.88
decode,15,model.layers.12.post_attention_layernorm,167.292
decode,15,model.layers.12.mlp.gate_proj,914.532
decode,15,model.layers.12.mlp.act,173.438
decode,15,model.layers.12.mlp.up_proj,932.552
decode,15,model.layers.12.mlp.down_proj,888.281
decode,15,model.layers.12.mlp,2944.43
decode,15,model.layers.12,8128.07
decode,15,model.layers.13.input_layernorm,159.844
decode,15,model.layers.13.self_attn.q_proj,429.063
decode,15,model.layers.13.self_attn.k_proj,285.781
decode,15,model.layers.13.self_attn.v_proj,324.531
decode,15,model.layers.13.self_attn.q_norm,165.781
decode,15,model.layers.13.self_attn.k_norm,155.938
decode,15,model.layers.13.self_attn.q_rope,233.594
decode,15,model.layers.13.self_attn.k_rope,158.073
decode,15,model.layers.13.self_attn.qk_matmul,386.563
decode,15,model.layers.13.self_attn.mask,150.938
decode,15,model.layers.13.self_attn.softmax,179.531
decode,15,model.layers.13.self_attn.av_matmul,412.395
decode,15,model.layers.13.self_attn.o_proj,407.917
decode,15,model.layers.13.self_attn,4656.41
decode,15,model.layers.13.post_attention_layernorm,172.448
decode,15,model.layers.13.mlp.gate_proj,895.469
decode,15,model.layers.13.mlp.act,185.625
decode,15,model.layers.13.mlp.up_proj,915.156
decode,15,model.layers.13.mlp.down_proj,895.937
decode,15,model.layers.13.mlp,2938.02
decode,15,model.layers.13,8153.75
decode,15,model.layers.14.input_layernorm,147.656
decode,15,model.layers.14.self_attn.q_proj,456.25
decode,15,model.layers.14.self_attn.k_proj,290.677
decode,15,model.layers.14.self_attn.v_proj,280.625
decode,15,model.layers.14.self_attn.q_norm,156.302
decode,15,model.layers.14.self_attn.k_norm,167.969
decode,15,model.layers.14.self_attn.q_rope,162.5
decode,15,model.layers.14.self_attn.k_rope,195.833
decode,15,model.layers.14.self_attn.qk_matmul,382.813
decode,15,model.layers.14.self_attn.mask,222.969
decode,15,model.layers.14.self_attn.softmax,182.656
decode,15,model.layers.14.self_attn.av_matmul,434.115
decode,15,model.layers.14.self_attn.o_proj,400.417
decode,15,model.layers.14.self_attn,4531.41
decode,15,model.layers.14.post_attention_layernorm,142.657
decode,15,model.layers.14.mlp.gate_proj,897.656
decode,15,model.layers.14.mlp.act,175
decode,15,model.layers.14.mlp.up_proj,919.219
decode,15,model.layers.14.mlp.down_proj,897.813
decode,15,model.layers.14.mlp,2961.51
decode,15,model.layers.14,7950.05
decode,15,model.layers.15.input_layernorm,166.719
decode,15,model.layers.15.self_attn.q_proj,416.875
decode,15,model.layers.15.self_attn.k_proj,318.333
decode,15,model.layers.15.self_attn.v_proj,287.083
decode,15,model.layers.15.self_attn.q_norm,208.282
decode,15,model.layers.15.self_attn.k_norm,140.469
decode,15,model.layers.15.self_attn.q_rope,156.875
decode,15,model.layers.15.self_attn.k_rope,160.416
decode,15,model.layers.15.self_attn.qk_matmul,387.032
decode,15,model.layers.15.self_attn.mask,209.948
decode,15,model.layers.15.self_attn.softmax,177.865
decode,15,model.layers.15.self_attn.av_matmul,460.261
decode,15,model.layers.15.self_attn.o_proj,407.187
decode,15,model.layers.15.self_attn,4613.59
decode,15,model.layers.15.post_attention_layernorm,171.719
decode,15,model.layers.15.mlp.gate_proj,940.157
decode,15,model.layers.15.mlp.act,124.896
decode,15,model.layers.15.mlp.up_proj,923.437
decode,15,model.layers.15.mlp.down_proj,873.698
decode,15,model.layers.15.mlp,2896.3
decode,15,model.layers.15,8103.75
decode,15,model.layers.16.input_layernorm,134.323
decode,15,model.layers.16.self_attn.q_proj,425.938
decode,15,model.layers.16.self_attn.k_proj,266.875
decode,15,model.layers.16.self_attn.v_proj,301.354
decode,15,model.layers.16.self_attn.q_norm,196.094
decode,15,model.layers.16.self_attn.k_norm,145.625
decode,15,model.layers.16.self_attn.q_rope,164.844
decode,15,model.layers.16.self_attn.k_rope,143.958
decode,15,model.layers.16.self_attn.qk_matmul,398.594
decode,15,model.layers.16.self_attn.mask,184.218
decode,15,model.layers.16.self_attn.softmax,143.542
decode,15,model.layers.16.self_attn.av_matmul,391.823
decode,15,model.layers.16.self_attn.o_proj,403.958
decode,15,model.layers.16.self_attn,4525
decode,15,model.layers.16.post_attention_layernorm,138.75
decode,15,model.layers.16.mlp.gate_proj,961.77
decode,15,model.layers.16.mlp.act,138.125
decode,15,model.layers.16.mlp.up_proj,932.344
decode,15,model.layers.16.mlp.down_proj,883.385
decode,15,model.layers.16.mlp,2988.75
decode,15,model.layers.16,8008.02
decode,15,model.layers.17.input_layernorm,162.292
decode,15,model.layers.17.self_attn.q_proj,424.687
decode,15,model.layers.17.self_attn.k_proj,262.031
decode,15,model.layers.17.self_attn.v_proj,311.719
decode,15,model.layers.17.self_attn.q_norm,128.907
decode,15,model.layers.17.self_attn.k_norm,161.406
decode,15,model.layers.17.self_attn.q_rope,156.094
decode,15,model.layers.17.self_attn.k_rope,176.302
decode,15,model.layers.17.self_attn.qk_matmul,378.75
decode,15,model.layers.17.self_attn.mask,182.395
decode,15,model.layers.17.self_attn.softmax,166.719
decode,15,model.layers.17.self_attn.av_matmul,415.834
decode,15,model.layers.17.self_attn.o_proj,424.583
decode,15,model.layers.17.self_attn,4441.25
decode,15,model.layers.17.post_attention_layernorm,155.468
decode,15,model.layers.17.mlp.gate_proj,958.698
decode,15,model.layers.17.mlp.act,149.219
decode,15,model.layers.17.mlp.up_proj,953.281
decode,15,model.layers.17.mlp.down_proj,909.063
decode,15,model.layers.17.mlp,3006.82
decode,15,model.layers.17,7980.57
decode,15,model.layers.18.input_layernorm,182.187
decode,15,model.layers.18.self_attn.q_proj,402.135
decode,15,model.layers.18.self_attn.k_proj,321.093
decode,15,model.layers.18.self_attn.v_proj,302.084
decode,15,model.layers.18.self_attn.q_norm,184.479
decode,15,model.layers.18.self_attn.k_norm,155.156
decode,15,model.layers.18.self_attn.q_rope,179.01
decode,15,model.layers.18.self_attn.k_rope,182.135
decode,15,model.layers.18.self_attn.qk_matmul,379.375
decode,15,model.layers.18.self_attn.mask,170.052
decode,15,model.layers.18.self_attn.softmax,155.938
decode,15,model.layers.18.self_attn.av_matmul,420.468
decode,15,model.layers.18.self_attn.o_proj,413.125
decode,15,model.layers.18.self_attn,4584.74
decode,15,model.layers.18.post_attention_layernorm,158.594
decode,15,model.layers.18.mlp.gate_proj,924.844
decode,15,model.layers.18.mlp.act,184.792
decode,15,model.layers.18.mlp.up_proj,915.313
decode,15,model.layers.18.mlp.down_proj,894.844
decode,15,model.layers.18.mlp,2989.69
decode,15,model.layers.18,8168.91
decode,15,model.layers.19.input_layernorm,179.531
decode,15,model.layers.19.self_attn.q_proj,435.938
decode,15,model.layers.19.self_attn.k_proj,325.625
decode,15,model.layers.19.self_attn.v_proj,297.031
decode,15,model.layers.19.self_attn.q_norm,170
decode,15,model.layers.19.self_attn.k_norm,175.573
decode,15,model.layers.19.self_attn.q_rope,172.031
decode,15,model.layers.19.self_attn.k_rope,189.74
decode,15,model.layers.19.self_attn.qk_matmul,385.26
decode,15,model.layers.19.self_attn.mask,163.125
decode,15,model.layers.19.self_attn.softmax,159.219
decode,15,model.layers.19.self_attn.av_matmul,389.844
decode,15,model.layers.19.self_attn.o_proj,397.916
decode,15,model.layers.19.self_attn,4586.61
decode,15,model.layers.19.post_attention_layernorm,131.875
decode,15,model.layers.19.mlp.gate_proj,943.073
decode,15,model.layers.19.mlp.act,154.219
decode,15,model.layers.19.mlp.up_proj,938.646
decode,15,model.layers.19.mlp.down_proj,870.468
decode,15,model.layers.19.mlp,2952.03
decode,15,model.layers.19,8078.54
decode,15,model.layers.20.input_layernorm,131.459
decode,15,model.layers.20.self_attn.q_proj,428.021
decode,15,model.layers.20.self_attn.k_proj,259.166
decode,15,model.layers.20.self_attn.v_proj,301.094
decode,15,model.layers.20.self_attn.q_norm,164.427
decode,15,model.layers.20.self_attn.k_norm,132.188
decode,15,model.layers.20.self_attn.q_rope,148.541
decode,15,model.layers.20.self_attn.k_rope,129.739
decode,15,model.layers.20.self_attn.qk_matmul,402.188
decode,15,model.layers.20.self_attn.mask,172.969
decode,15,model.layers.20.self_attn.softmax,135.417
decode,15,model.layers.20.self_attn.av_matmul,409.01
decode,15,model.layers.20.self_attn.o_proj,408.594
decode,15,model.layers.20.self_attn,4395
decode,15,model.layers.20.post_attention_layernorm,164.947
decode,15,model.layers.20.mlp.gate_proj,969.896
decode,15,model.layers.20.mlp.act,130.573
decode,15,model.layers.20.mlp.up_proj,942.813
decode,15,model.layers.20.mlp.down_proj,898.75
decode,15,model.layers.20.mlp,2989.06
decode,15,model.layers.20,7918.28
decode,15,model.layers.21.input_layernorm,132.187
decode,15,model.layers.21.self_attn.q_proj,449.375
decode,15,model.layers.21.self_attn.k_proj,278.75
decode,15,model.layers.21.self_attn.v_proj,328.438
decode,15,model.layers.21.self_attn.q_norm,154.687
decode,15,model.layers.21.self_attn.k_norm,187.708
decode,15,model.layers.21.self_attn.q_rope,169.584
decode,15,model.layers.21.self_attn.k_rope,185
decode,15,model.layers.21.self_attn.qk_matmul,370.365
decode,15,model.layers.21.self_attn.mask,177.448
decode,15,model.layers.21.self_attn.softmax,191.302
decode,15,model.layers.21.self_attn.av_matmul,433.958
decode,15,model.layers.21.self_attn.o_proj,401.875
decode,15,model.layers.21.self_attn,4660.62
decode,15,model.layers.21.post_attention_layernorm,163.072
decode,15,model.layers.21.mlp.gate_proj,977.708
decode,15,model.layers.21.mlp.act,140.313
decode,15,model.layers.21.mlp.up_proj,949.531
decode,15,model.layers.21.mlp.down_proj,894.688
decode,15,model.layers.21.mlp,3034.69
decode,15,model.layers.21,8234.74
decode,15,model.layers.22.input_layernorm,188.177
decode,15,model.layers.22.self_attn.q_proj,444.479
decode,15,model.layers.22.self_attn.k_proj,290.677
decode,15,model.layers.22.self_attn.v_proj,307.552
decode,15,model.layers.22.self_attn.q_norm,152.031
decode,15,model.layers.22.self_attn.k_norm,191.511
decode,15,model.layers.22.self_attn.q_rope,158.437
decode,15,model.layers.22.self_attn.k_rope,175
decode,15,model.layers.22.self_attn.qk_matmul,421.927
decode,15,model.layers.22.self_attn.mask,165.886
decode,15,model.layers.22.self_attn.softmax,184.115
decode,15,model.layers.22.self_attn.av_matmul,414.792
decode,15,model.layers.22.self_attn.o_proj,416.979
decode,15,model.layers.22.self_attn,4681.3
decode,15,model.layers.22.post_attention_layernorm,155.312
decode,15,model.layers.22.mlp.gate_proj,936.302
decode,15,model.layers.22.mlp.act,149.427
decode,15,model.layers.22.mlp.up_proj,970
decode,15,model.layers.22.mlp.down_proj,899.479
decode,15,model.layers.22.mlp,2993.59
decode,15,model.layers.22,8219.69
decode,15,model.layers.23.input_layernorm,163.854
decode,15,model.layers.23.self_attn.q_proj,442.5
decode,15,model.layers.23.self_attn.k_proj,289.428
decode,15,model.layers.23.self_attn.v_proj,312.969
decode,15,model.layers.23.self_attn.q_norm,174.271
decode,15,model.layers.23.self_attn.k_norm,166.51
decode,15,model.layers.23.self_attn.q_rope,169.844
decode,15,model.layers.23.self_attn.k_rope,204.688
decode,15,model.layers.23.self_attn.qk_matmul,402.864
decode,15,model.layers.23.self_attn.mask,180
decode,15,model.layers.23.self_attn.softmax,157.968
decode,15,model.layers.23.self_attn.av_matmul,423.594
decode,15,model.layers.23.self_attn.o_proj,434.375
decode,15,model.layers.23.self_attn,4690.36
decode,15,model.layers.23.post_attention_layernorm,140.885
decode,15,model.layers.23.mlp.gate_proj,933.698
decode,15,model.layers.23.mlp.act,183.906
decode,15,model.layers.23.mlp.up_proj,916.614
decode,15,model.layers.23.mlp.down_proj,889.635
decode,15,model.layers.23.mlp,2957.34
decode,15,model.layers.23,8186.09
decode,15,model.layers.24.input_layernorm,131.719
decode,15,model.layers.24.self_attn.q_proj,416.406
decode,15,model.layers.24.self_attn.k_proj,306.875
decode,15,model.layers.24.self_attn.v_proj,269.375
decode,15,model.layers.24.self_attn.q_norm,210.469
decode,15,model.layers.24.self_attn.k_norm,152.396
decode,15,model.layers.24.self_attn.q_rope,157.032
decode,15,model.layers.24.self_attn.k_rope,176.198
decode,15,model.layers.24.self_attn.qk_matmul,466.093
decode,15,model.layers.24.self_attn.mask,223.75
decode,15,model.layers.24.self_attn.softmax,168.49
decode,15,model.layers.24.self_attn.av_matmul,388.958
decode,15,model.layers.24.self_attn.o_proj,389.687
decode,15,model.layers.24.self_attn,4622.86
decode,15,model.layers.24.post_attention_layernorm,155.521
decode,15,model.layers.24.mlp.gate_proj,948.281
decode,15,model.layers.24.mlp.act,164.687
decode,15,model.layers.24.mlp.up_proj,953.906
decode,15,model.layers.24.mlp.down_proj,874.219
decode,15,model.layers.24.mlp,3002.55
decode,15,model.layers.24,8144.79
decode,15,model.layers.25.input_layernorm,137.813
decode,15,model.layers.25.self_attn.q_proj,428.178
decode,15,model.layers.25.self_attn.k_proj,273.594
decode,15,model.layers.25.self_attn.v_proj,302.188
decode,15,model.layers.25.self_attn.q_norm,186.979
decode,15,model.layers.25.self_attn.k_norm,183.49
decode,15,model.layers.25.self_attn.q_rope,162.031
decode,15,model.layers.25.self_attn.k_rope,165.469
decode,15,model.layers.25.self_attn.qk_matmul,350
decode,15,model.layers.25.self_attn.mask,150.469
decode,15,model.layers.25.self_attn.softmax,148.438
decode,15,model.layers.25.self_attn.av_matmul,451.771
decode,15,model.layers.25.self_attn.o_proj,412.916
decode,15,model.layers.25.self_attn,4468.96
decode,15,model.layers.25.post_attention_layernorm,143.385
decode,15,model.layers.25.mlp.gate_proj,920.104
decode,15,model.layers.25.mlp.act,278.125
decode,15,model.layers.25.mlp.up_proj,922.188
decode,15,model.layers.25.mlp.down_proj,910
decode,15,model.layers.25.mlp,3103.44
decode,15,model.layers.25,8093.65
decode,15,model.layers.26.input_layernorm,142.708
decode,15,model.layers.26.self_attn.q_proj,431.25
decode,15,model.layers.26.self_attn.k_proj,308.906
decode,15,model.layers.26.self_attn.v_proj,280.157
decode,15,model.layers.26.self_attn.q_norm,162.709
decode,15,model.layers.26.self_attn.k_norm,174.427
decode,15,model.layers.26.self_attn.q_rope,175.781
decode,15,model.layers.26.self_attn.k_rope,195.312
decode,15,model.layers.26.self_attn.qk_matmul,375.468
decode,15,model.layers.26.self_attn.mask,142.552
decode,15,model.layers.26.self_attn.softmax,191.093
decode,15,model.layers.26.self_attn.av_matmul,409.375
decode,15,model.layers.26.self_attn.o_proj,423.438
decode,15,model.layers.26.self_attn,4567.97
decode,15,model.layers.26.post_attention_layernorm,147.187
decode,15,model.layers.26.mlp.gate_proj,914.531
decode,15,model.layers.26.mlp.act,174.062
decode,15,model.layers.26.mlp.up_proj,946.459
decode,15,model.layers.26.mlp.down_proj,954.947
decode,15,model.layers.26.mlp,3062.34
decode,15,model.layers.26,8168.18
decode,15,model.layers.27.input_layernorm,143.281
decode,15,model.layers.27.self_attn.q_proj,426.666
decode,15,model.layers.27.self_attn.k_proj,312.031
decode,15,model.layers.27.self_attn.v_proj,323.125
decode,15,model.layers.27.self_attn.q_norm,147.864
decode,15,model.layers.27.self_attn.k_norm,188.438
decode,15,model.layers.27.self_attn.q_rope,157.344
decode,15,model.layers.27.self_attn.k_rope,159.427
decode,15,model.layers.27.self_attn.qk_matmul,375.521
decode,15,model.layers.27.self_attn.mask,168.125
decode,15,model.layers.27.self_attn.softmax,167.864
decode,15,model.layers.27.self_attn.av_matmul,398.802
decode,15,model.layers.27.self_attn.o_proj,409.271
decode,15,model.layers.27.self_attn,4498.54
decode,15,model.layers.27.post_attention_layernorm,163.75
decode,15,model.layers.27.mlp.gate_proj,921.562
decode,15,model.layers.27.mlp.act,162.708
decode,15,model.layers.27.mlp.up_proj,931.771
decode,15,model.layers.27.mlp.down_proj,895.052
decode,15,model.layers.27.mlp,2946.04
decode,15,model.layers.27,8018.85
decode,15,model.norm,157.709
decode,15,model,227506
decode,15,lm_head_out,85592.8
decode,15,model.embed_tokens,5.572
decode,16,model.layers.0.input_layernorm,4845.57
decode,16,model.layers.0.self_attn.q_proj,405
decode,16,model.layers.0.self_attn.k_proj,255.261
decode,16,model.layers.0.self_attn.v_proj,248.177
decode,16,model.layers.0.self_attn.q_norm,126.354
decode,16,model.layers.0.self_attn.k_norm,135.313
decode,16,model.layers.0.self_attn.q_rope,118.698
decode,16,model.layers.0.self_attn.k_rope,110.99
decode,16,model.layers.0.self_attn.qk_matmul,385.104
decode,16,model.layers.0.self_attn.mask,136.25
decode,16,model.layers.0.self_attn.softmax,124.688
decode,16,model.layers.0.self_attn.av_matmul,402.552
decode,16,model.layers.0.self_attn.o_proj,366.718
decode,16,model.layers.0.self_attn,3495.73
decode,16,model.layers.0.post_attention_layernorm,133.333
decode,16,model.layers.0.mlp.gate_proj,859.844
decode,16,model.layers.0.mlp.act,133.281
decode,16,model.layers.0.mlp.up_proj,854.062
decode,16,model.layers.0.mlp.down_proj,822.864
decode,16,model.layers.0.mlp,2688.33
decode,16,model.layers.0,11328.9
decode,16,model.layers.1.input_layernorm,130.833
decode,16,model.layers.1.self_attn.q_proj,360.417
decode,16,model.layers.1.self_attn.k_proj,365
decode,16,model.layers.1.self_attn.v_proj,297.188
decode,16,model.layers.1.self_attn.q_norm,150.938
decode,16,model.layers.1.self_attn.k_norm,148.906
decode,16,model.layers.1.self_attn.q_rope,150.417
decode,16,model.layers.1.self_attn.k_rope,145.677
decode,16,model.layers.1.self_attn.qk_matmul,393.75
decode,16,model.layers.1.self_attn.mask,162.969
decode,16,model.layers.1.self_attn.softmax,127.188
decode,16,model.layers.1.self_attn.av_matmul,420.573
decode,16,model.layers.1.self_attn.o_proj,379.218
decode,16,model.layers.1.self_attn,3835.31
decode,16,model.layers.1.post_attention_layernorm,134.323
decode,16,model.layers.1.mlp.gate_proj,877.5
decode,16,model.layers.1.mlp.act,124.219
decode,16,model.layers.1.mlp.up_proj,884.375
decode,16,model.layers.1.mlp.down_proj,815.625
decode,16,model.layers.1.mlp,2723.28
decode,16,model.layers.1,6996.88
decode,16,model.layers.2.input_layernorm,134.791
decode,16,model.layers.2.self_attn.q_proj,371.406
decode,16,model.layers.2.self_attn.k_proj,239.74
decode,16,model.layers.2.self_attn.v_proj,271.302
decode,16,model.layers.2.self_attn.q_norm,158.281
decode,16,model.layers.2.self_attn.k_norm,142.344
decode,16,model.layers.2.self_attn.q_rope,161.771
decode,16,model.layers.2.self_attn.k_rope,127.917
decode,16,model.layers.2.self_attn.qk_matmul,397.448
decode,16,model.layers.2.self_attn.mask,140.781
decode,16,model.layers.2.self_attn.softmax,124.843
decode,16,model.layers.2.self_attn.av_matmul,418.177
decode,16,model.layers.2.self_attn.o_proj,395.26
decode,16,model.layers.2.self_attn,3656.3
decode,16,model.layers.2.post_attention_layernorm,153.385
decode,16,model.layers.2.mlp.gate_proj,890.313
decode,16,model.layers.2.mlp.act,137.604
decode,16,model.layers.2.mlp.up_proj,877.135
decode,16,model.layers.2.mlp.down_proj,807.969
decode,16,model.layers.2.mlp,2733.18
decode,16,model.layers.2,6837.66
decode,16,model.layers.3.input_layernorm,121.302
decode,16,model.layers.3.self_attn.q_proj,380.156
decode,16,model.layers.3.self_attn.k_proj,262.187
decode,16,model.layers.3.self_attn.v_proj,270.625
decode,16,model.layers.3.self_attn.q_norm,140.729
decode,16,model.layers.3.self_attn.k_norm,141.666
decode,16,model.layers.3.self_attn.q_rope,153.177
decode,16,model.layers.3.self_attn.k_rope,135.468
decode,16,model.layers.3.self_attn.qk_matmul,407.291
decode,16,model.layers.3.self_attn.mask,197.709
decode,16,model.layers.3.self_attn.softmax,131.614
decode,16,model.layers.3.self_attn.av_matmul,431.51
decode,16,model.layers.3.self_attn.o_proj,375.26
decode,16,model.layers.3.self_attn,3771.25
decode,16,model.layers.3.post_attention_layernorm,128.125
decode,16,model.layers.3.mlp.gate_proj,884.479
decode,16,model.layers.3.mlp.act,126.823
decode,16,model.layers.3.mlp.up_proj,893.229
decode,16,model.layers.3.mlp.down_proj,815.938
decode,16,model.layers.3.mlp,2776.72
decode,16,model.layers.3,6991.25
decode,16,model.layers.4.input_layernorm,142.657
decode,16,model.layers.4.self_attn.q_proj,418.125
decode,16,model.layers.4.self_attn.k_proj,243.646
decode,16,model.layers.4.self_attn.v_proj,268.75
decode,16,model.layers.4.self_attn.q_norm,113.907
decode,16,model.layers.4.self_attn.k_norm,162.5
decode,16,model.layers.4.self_attn.q_rope,176.875
decode,16,model.layers.4.self_attn.k_rope,133.229
decode,16,model.layers.4.self_attn.qk_matmul,388.542
decode,16,model.layers.4.self_attn.mask,128.697
decode,16,model.layers.4.self_attn.softmax,157.187
decode,16,model.layers.4.self_attn.av_matmul,432.187
decode,16,model.layers.4.self_attn.o_proj,385.312
decode,16,model.layers.4.self_attn,4195.83
decode,16,model.layers.4.post_attention_layernorm,130.677
decode,16,model.layers.4.mlp.gate_proj,883.542
decode,16,model.layers.4.mlp.act,167.656
decode,16,model.layers.4.mlp.up_proj,862.604
decode,16,model.layers.4.mlp.down_proj,795.625
decode,16,model.layers.4.mlp,2735.1
decode,16,model.layers.4,7420.16
decode,16,model.layers.5.input_layernorm,136.25
decode,16,model.layers.5.self_attn.q_proj,406.615
decode,16,model.layers.5.self_attn.k_proj,262.969
decode,16,model.layers.5.self_attn.v_proj,258.906
decode,16,model.layers.5.self_attn.q_norm,156.406
decode,16,model.layers.5.self_attn.k_norm,128.75
decode,16,model.layers.5.self_attn.q_rope,137.813
decode,16,model.layers.5.self_attn.k_rope,157.813
decode,16,model.layers.5.self_attn.qk_matmul,394.115
decode,16,model.layers.5.self_attn.mask,143.281
decode,16,model.layers.5.self_attn.softmax,147.604
decode,16,model.layers.5.self_attn.av_matmul,420.156
decode,16,model.layers.5.self_attn.o_proj,377.864
decode,16,model.layers.5.self_attn,4072.03
decode,16,model.layers.5.post_attention_layernorm,141.875
decode,16,model.layers.5.mlp.gate_proj,934.791
decode,16,model.layers.5.mlp.act,177.916
decode,16,model.layers.5.mlp.up_proj,894.062
decode,16,model.layers.5.mlp.down_proj,837.136
decode,16,model.layers.5.mlp,2876.3
decode,16,model.layers.5,7439.53
decode,16,model.layers.6.input_layernorm,193.542
decode,16,model.layers.6.self_attn.q_proj,419.896
decode,16,model.layers.6.self_attn.k_proj,259.531
decode,16,model.layers.6.self_attn.v_proj,299.219
decode,16,model.layers.6.self_attn.q_norm,178.49
decode,16,model.layers.6.self_attn.k_norm,174.531
decode,16,model.layers.6.self_attn.q_rope,160.937
decode,16,model.layers.6.self_attn.k_rope,158.125
decode,16,model.layers.6.self_attn.qk_matmul,411.666
decode,16,model.layers.6.self_attn.mask,176.51
decode,16,model.layers.6.self_attn.softmax,168.229
decode,16,model.layers.6.self_attn.av_matmul,452.344
decode,16,model.layers.6.self_attn.o_proj,414.532
decode,16,model.layers.6.self_attn,4318.28
decode,16,model.layers.6.post_attention_layernorm,163.281
decode,16,model.layers.6.mlp.gate_proj,896.875
decode,16,model.layers.6.mlp.act,173.646
decode,16,model.layers.6.mlp.up_proj,880.416
decode,16,model.layers.6.mlp.down_proj,859.479
decode,16,model.layers.6.mlp,2847.55
decode,16,model.layers.6,7738.59
decode,16,model.layers.7.input_layernorm,179.219
decode,16,model.layers.7.self_attn.q_proj,433.333
decode,16,model.layers.7.self_attn.k_proj,300.156
decode,16,model.layers.7.self_attn.v_proj,292.656
decode,16,model.layers.7.self_attn.q_norm,165.468
decode,16,model.layers.7.self_attn.k_norm,156.666
decode,16,model.layers.7.self_attn.q_rope,195.677
decode,16,model.layers.7.self_attn.k_rope,194.479
decode,16,model.layers.7.self_attn.qk_matmul,416.562
decode,16,model.layers.7.self_attn.mask,168.541
decode,16,model.layers.7.self_attn.softmax,149.323
decode,16,model.layers.7.self_attn.av_matmul,452.135
decode,16,model.layers.7.self_attn.o_proj,422.031
decode,16,model.layers.7.self_attn,4361.88
decode,16,model.layers.7.post_attention_layernorm,176.094
decode,16,model.layers.7.mlp.gate_proj,952.084
decode,16,model.layers.7.mlp.act,184.428
decode,16,model.layers.7.mlp.up_proj,943.646
decode,16,model.layers.7.mlp.down_proj,911.718
decode,16,model.layers.7.mlp,3036.04
decode,16,model.layers.7,7970.21
decode,16,model.layers.8.input_layernorm,202.187
decode,16,model.layers.8.self_attn.q_proj,443.854
decode,16,model.layers.8.self_attn.k_proj,354.375
decode,16,model.layers.8.self_attn.v_proj,297.969
decode,16,model.layers.8.self_attn.q_norm,191.719
decode,16,model.layers.8.self_attn.k_norm,164.531
decode,16,model.layers.8.self_attn.q_rope,202.5
decode,16,model.layers.8.self_attn.k_rope,173.854
decode,16,model.layers.8.self_attn.qk_matmul,431.875
decode,16,model.layers.8.self_attn.mask,165.625
decode,16,model.layers.8.self_attn.softmax,181.563
decode,16,model.layers.8.self_attn.av_matmul,460.312
decode,16,model.layers.8.self_attn.o_proj,413.958
decode,16,model.layers.8.self_attn,5010.16
decode,16,model.layers.8.post_attention_layernorm,160.625
decode,16,model.layers.8.mlp.gate_proj,972.604
decode,16,model.layers.8.mlp.act,163.489
decode,16,model.layers.8.mlp.up_proj,951.823
decode,16,model.layers.8.mlp.down_proj,888.646
decode,16,model.layers.8.mlp,3062.24
decode,16,model.layers.8,8698.12
decode,16,model.layers.9.input_layernorm,196.563
decode,16,model.layers.9.self_attn.q_proj,462.031
decode,16,model.layers.9.self_attn.k_proj,282.135
decode,16,model.layers.9.self_attn.v_proj,368.437
decode,16,model.layers.9.self_attn.q_norm,155.261
decode,16,model.layers.9.self_attn.k_norm,224.375
decode,16,model.layers.9.self_attn.q_rope,190.989
decode,16,model.layers.9.self_attn.k_rope,214.583
decode,16,model.layers.9.self_attn.qk_matmul,452.604
decode,16,model.layers.9.self_attn.mask,174.01
decode,16,model.layers.9.self_attn.softmax,171.406
decode,16,model.layers.9.self_attn.av_matmul,457.5
decode,16,model.layers.9.self_attn.o_proj,456.355
decode,16,model.layers.9.self_attn,5020.78
decode,16,model.layers.9.post_attention_layernorm,212.135
decode,16,model.layers.9.mlp.gate_proj,1005.16
decode,16,model.layers.9.mlp.act,100.729
decode,16,model.layers.9.mlp.up_proj,988.594
decode,16,model.layers.9.mlp.down_proj,946.302
decode,16,model.layers.9.mlp,3101.41
decode,16,model.layers.9,8757.4
decode,16,model.layers.10.input_layernorm,178.125
decode,16,model.layers.10.self_attn.q_proj,453.125
decode,16,model.layers.10.self_attn.k_proj,330.938
decode,16,model.layers.10.self_attn.v_proj,330.782
decode,16,model.layers.10.self_attn.q_norm,187.187
decode,16,model.layers.10.self_attn.k_norm,190.157
decode,16,model.layers.10.self_attn.q_rope,206.406
decode,16,model.layers.10.self_attn.k_rope,207.5
decode,16,model.layers.10.self_attn.qk_matmul,449.115
decode,16,model.layers.10.self_attn.mask,199.948
decode,16,model.layers.10.self_attn.softmax,164.115
decode,16,model.layers.10.self_attn.av_matmul,487.657
decode,16,model.layers.10.self_attn.o_proj,454.218
decode,16,model.layers.10.self_attn,5107.71
decode,16,model.layers.10.post_attention_layernorm,213.021
decode,16,model.layers.10.mlp.gate_proj,960.625
decode,16,model.layers.10.mlp.act,95.208
decode,16,model.layers.10.mlp.up_proj,979.011
decode,16,model.layers.10.mlp.down_proj,923.333
decode,16,model.layers.10.mlp,3008.96
decode,16,model.layers.10,8772.97
decode,16,model.layers.11.input_layernorm,200.469
decode,16,model.layers.11.self_attn.q_proj,457.187
decode,16,model.layers.11.self_attn.k_proj,327.031
decode,16,model.layers.11.self_attn.v_proj,318.438
decode,16,model.layers.11.self_attn.q_norm,171.25
decode,16,model.layers.11.self_attn.k_norm,181.198
decode,16,model.layers.11.self_attn.q_rope,176.875
decode,16,model.layers.11.self_attn.k_rope,140.365
decode,16,model.layers.11.self_attn.qk_matmul,499.844
decode,16,model.layers.11.self_attn.mask,185.937
decode,16,model.layers.11.self_attn.softmax,214.844
decode,16,model.layers.11.self_attn.av_matmul,481.718
decode,16,model.layers.11.self_attn.o_proj,445.937
decode,16,model.layers.11.self_attn,5170.94
decode,16,model.layers.11.post_attention_layernorm,101.25
decode,16,model.layers.11.mlp.gate_proj,1006.35
decode,16,model.layers.11.mlp.act,202.656
decode,16,model.layers.11.mlp.up_proj,976.562
decode,16,model.layers.11.mlp.down_proj,917.656
decode,16,model.layers.11.mlp,3210.94
decode,16,model.layers.11,8952.71
decode,16,model.layers.12.input_layernorm,216.719
decode,16,model.layers.12.self_attn.q_proj,490.573
decode,16,model.layers.12.self_attn.k_proj,317.187
decode,16,model.layers.12.self_attn.v_proj,338.854
decode,16,model.layers.12.self_attn.q_norm,213.125
decode,16,model.layers.12.self_attn.k_norm,258.333
decode,16,model.layers.12.self_attn.q_rope,267.76
decode,16,model.layers.12.self_attn.k_rope,186.354
decode,16,model.layers.12.self_attn.qk_matmul,464.584
decode,16,model.layers.12.self_attn.mask,226.25
decode,16,model.layers.12.self_attn.softmax,196.406
decode,16,model.layers.12.self_attn.av_matmul,496.719
decode,16,model.layers.12.self_attn.o_proj,459.844
decode,16,model.layers.12.self_attn,5933.02
decode,16,model.layers.12.post_attention_layernorm,175.469
decode,16,model.layers.12.mlp.gate_proj,1014.11
decode,16,model.layers.12.mlp.act,330.208
decode,16,model.layers.12.mlp.up_proj,1088.91
decode,16,model.layers.12.mlp.down_proj,953.073
decode,16,model.layers.12.mlp,3476.56
decode,16,model.layers.12,10174.8
decode,16,model.layers.13.input_layernorm,177.969
decode,16,model.layers.13.self_attn.q_proj,515.365
decode,16,model.layers.13.self_attn.k_proj,336.875
decode,16,model.layers.13.self_attn.v_proj,314.844
decode,16,model.layers.13.self_attn.q_norm,238.802
decode,16,model.layers.13.self_attn.k_norm,171.459
decode,16,model.layers.13.self_attn.q_rope,224.219
decode,16,model.layers.13.self_attn.k_rope,208.646
decode,16,model.layers.13.self_attn.qk_matmul,457.812
decode,16,model.layers.13.self_attn.mask,179.532
decode,16,model.layers.13.self_attn.softmax,240.937
decode,16,model.layers.13.self_attn.av_matmul,471.041
decode,16,model.layers.13.self_attn.o_proj,439.114
decode,16,model.layers.13.self_attn,5817.19
decode,16,model.layers.13.post_attention_layernorm,196.875
decode,16,model.layers.13.mlp.gate_proj,955.937
decode,16,model.layers.13.mlp.act,220.729
decode,16,model.layers.13.mlp.up_proj,1001.51
decode,16,model.layers.13.mlp.down_proj,935.781
decode,16,model.layers.13.mlp,3217.29
decode,16,model.layers.13,9728.54
decode,16,model.layers.14.input_layernorm,230
decode,16,model.layers.14.self_attn.q_proj,506.875
decode,16,model.layers.14.self_attn.k_proj,306.979
decode,16,model.layers.14.self_attn.v_proj,344.166
decode,16,model.layers.14.self_attn.q_norm,263.646
decode,16,model.layers.14.self_attn.k_norm,201.719
decode,16,model.layers.14.self_attn.q_rope,244.948
decode,16,model.layers.14.self_attn.k_rope,238.438
decode,16,model.layers.14.self_attn.qk_matmul,452.5
decode,16,model.layers.14.self_attn.mask,227.813
decode,16,model.layers.14.self_attn.softmax,94.844
decode,16,model.layers.14.self_attn.av_matmul,525
decode,16,model.layers.14.self_attn.o_proj,472.396
decode,16,model.layers.14.self_attn,5981.61
decode,16,model.layers.14.post_attention_layernorm,198.073
decode,16,model.layers.14.mlp.gate_proj,981.406
decode,16,model.layers.14.mlp.act,245.469
decode,16,model.layers.14.mlp.up_proj,970.417
decode,16,model.layers.14.mlp.down_proj,914.739
decode,16,model.layers.14.mlp,3216.25
decode,16,model.layers.14,9931.41
decode,16,model.layers.15.input_layernorm,292.135
decode,16,model.layers.15.self_attn.q_proj,435.052
decode,16,model.layers.15.self_attn.k_proj,374.218
decode,16,model.layers.15.self_attn.v_proj,304.844
decode,16,model.layers.15.self_attn.q_norm,206.77
decode,16,model.layers.15.self_attn.k_norm,226.563
decode,16,model.layers.15.self_attn.q_rope,215
decode,16,model.layers.15.self_attn.k_rope,233.125
decode,16,model.layers.15.self_attn.qk_matmul,447.761
decode,16,model.layers.15.self_attn.mask,201.146
decode,16,model.layers.15.self_attn.softmax,234.219
decode,16,model.layers.15.self_attn.av_matmul,495.781
decode,16,model.layers.15.self_attn.o_proj,440.625
decode,16,model.layers.15.self_attn,5809.74
decode,16,model.layers.15.post_attention_layernorm,218.802
decode,16,model.layers.15.mlp.gate_proj,965.052
decode,16,model.layers.15.mlp.act,213.125
decode,16,model.layers.15.mlp.up_proj,997.187
decode,16,model.layers.15.mlp.down_proj,896.719
decode,16,model.layers.15.mlp,3123.33
decode,16,model.layers.15,9786.25
decode,16,model.layers.16.input_layernorm,193.959
decode,16,model.layers.16.self_attn.q_proj,472.812
decode,16,model.layers.16.self_attn.k_proj,347.865
decode,16,model.layers.16.self_attn.v_proj,313.593
decode,16,model.layers.16.self_attn.q_norm,223.125
decode,16,model.layers.16.self_attn.k_norm,173.75
decode,16,model.layers.16.self_attn.q_rope,187.552
decode,16,model.layers.16.self_attn.k_rope,241.979
decode,16,model.layers.16.self_attn.qk_matmul,461.719
decode,16,model.layers.16.self_attn.mask,196.875
decode,16,model.layers.16.self_attn.softmax,232.5
decode,16,model.layers.16.self_attn.av_matmul,577.968
decode,16,model.layers.16.self_attn.o_proj,443.437
decode,16,model.layers.16.self_attn,5972.97
decode,16,model.layers.16.post_attention_layernorm,193.385
decode,16,model.layers.16.mlp.gate_proj,1009.06
decode,16,model.layers.16.mlp.act,221.354
decode,16,model.layers.16.mlp.up_proj,1003.12
decode,16,model.layers.16.mlp.down_proj,933.698
decode,16,model.layers.16.mlp,3218.59
decode,16,model.layers.16,9952.4
decode,16,model.layers.17.input_layernorm,192.709
decode,16,model.layers.17.self_attn.q_proj,500.989
decode,16,model.layers.17.self_attn.k_proj,354.427
decode,16,model.layers.17.self_attn.v_proj,362.343
decode,16,model.layers.17.self_attn.q_norm,177.188
decode,16,model.layers.17.self_attn.k_norm,247.552
decode,16,model.layers.17.self_attn.q_rope,229.688
decode,16,model.layers.17.self_attn.k_rope,231.406
decode,16,model.layers.17.self_attn.qk_matmul,517.969
decode,16,model.layers.17.self_attn.mask,214.687
decode,16,model.layers.17.self_attn.softmax,208.906
decode,16,model.layers.17.self_attn.av_matmul,485.417
decode,16,model.layers.17.self_attn.o_proj,456.198
decode,16,model.layers.17.self_attn,5994.84
decode,16,model.layers.17.post_attention_layernorm,193.594
decode,16,model.layers.17.mlp.gate_proj,961.042
decode,16,model.layers.17.mlp.act,205.781
decode,16,model.layers.17.mlp.up_proj,999.427
decode,16,model.layers.17.mlp.down_proj,929.427
decode,16,model.layers.17.mlp,3181.93
decode,16,model.layers.17,10307.7
decode,16,model.layers.18.input_layernorm,213.073
decode,16,model.layers.18.self_attn.q_proj,439.375
decode,16,model.layers.18.self_attn.k_proj,389.636
decode,16,model.layers.18.self_attn.v_proj,331.719
decode,16,model.layers.18.self_attn.q_norm,226.771
decode,16,model.layers.18.self_attn.k_norm,247.187
decode,16,model.layers.18.self_attn.q_rope,221.25
decode,16,model.layers.18.self_attn.k_rope,269.844
decode,16,model.layers.18.self_attn.qk_matmul,465
decode,16,model.layers.18.self_attn.mask,198.594
decode,16,model.layers.18.self_attn.softmax,230.417
decode,16,model.layers.18.self_attn.av_matmul,489.896
decode,16,model.layers.18.self_attn.o_proj,445.521
decode,16,model.layers.18.self_attn,5936.93
decode,16,model.layers.18.post_attention_layernorm,161.511
decode,16,model.layers.18.mlp.gate_proj,1023.38
decode,16,model.layers.18.mlp.act,171.042
decode,16,model.layers.18.mlp.up_proj,987.136
decode,16,model.layers.18.mlp.down_proj,919.479
decode,16,model.layers.18.mlp,3204.53
decode,16,model.layers.18,9799.38
decode,16,model.layers.19.input_layernorm,296.719
decode,16,model.layers.19.self_attn.q_proj,435.729
decode,16,model.layers.19.self_attn.k_proj,348.333
decode,16,model.layers.19.self_attn.v_proj,367.188
decode,16,model.layers.19.self_attn.q_norm,202.239
decode,16,model.layers.19.self_attn.k_norm,228.594
decode,16,model.layers.19.self_attn.q_rope,215.313
decode,16,model.layers.19.self_attn.k_rope,192.343
decode,16,model.layers.19.self_attn.qk_matmul,615.625
decode,16,model.layers.19.self_attn.mask,401.563
decode,16,model.layers.19.self_attn.softmax,274.948
decode,16,model.layers.19.self_attn.av_matmul,483.125
decode,16,model.layers.19.self_attn.o_proj,443.75
decode,16,model.layers.19.self_attn,6267.55
decode,16,model.layers.19.post_attention_layernorm,212.032
decode,16,model.layers.19.mlp.gate_proj,966.562
decode,16,model.layers.19.mlp.act,208.594
decode,16,model.layers.19.mlp.up_proj,1000.31
decode,16,model.layers.19.mlp.down_proj,926.562
decode,16,model.layers.19.mlp,3184.38
decode,16,model.layers.19,10346
decode,16,model.layers.20.input_layernorm,197.031
decode,16,model.layers.20.self_attn.q_proj,488.49
decode,16,model.layers.20.self_attn.k_proj,378.594
decode,16,model.layers.20.self_attn.v_proj,332.76
decode,16,model.layers.20.self_attn.q_norm,236.042
decode,16,model.layers.20.self_attn.k_norm,235.834
decode,16,model.layers.20.self_attn.q_rope,205.156
decode,16,model.layers.20.self_attn.k_rope,174.636
decode,16,model.layers.20.self_attn.qk_matmul,462.813
decode,16,model.layers.20.self_attn.mask,176.563
decode,16,model.layers.20.self_attn.softmax,244.843
decode,16,model.layers.20.self_attn.av_matmul,476.614
decode,16,model.layers.20.self_attn.o_proj,473.594
decode,16,model.layers.20.self_attn,5924.84
decode,16,model.layers.20.post_attention_layernorm,191.875
decode,16,model.layers.20.mlp.gate_proj,996.355
decode,16,model.layers.20.mlp.act,192.552
decode,16,model.layers.20.mlp.up_proj,1000.78
decode,16,model.layers.20.mlp.down_proj,912.395
decode,16,model.layers.20.mlp,3206.77
decode,16,model.layers.20,9909.27
decode,16,model.layers.21.input_layernorm,192.5
decode,16,model.layers.21.self_attn.q_proj,453.125
decode,16,model.layers.21.self_attn.k_proj,388.437
decode,16,model.layers.21.self_attn.v_proj,347.968
decode,16,model.layers.21.self_attn.q_norm,201.25
decode,16,model.layers.21.self_attn.k_norm,240.052
decode,16,model.layers.21.self_attn.q_rope,221.407
decode,16,model.layers.21.self_attn.k_rope,191.094
decode,16,model.layers.21.self_attn.qk_matmul,464.791
decode,16,model.layers.21.self_attn.mask,181.25
decode,16,model.layers.21.self_attn.softmax,250.781
decode,16,model.layers.21.self_attn.av_matmul,503.125
decode,16,model.layers.21.self_attn.o_proj,447.344
decode,16,model.layers.21.self_attn,5921.56
decode,16,model.layers.21.post_attention_layernorm,178.855
decode,16,model.layers.21.mlp.gate_proj,947.135
decode,16,model.layers.21.mlp.act,224.011
decode,16,model.layers.21.mlp.up_proj,1025.94
decode,16,model.layers.21.mlp.down_proj,923.437
decode,16,model.layers.21.mlp,3173.39
decode,16,model.layers.21,9853.75
decode,16,model.layers.22.input_layernorm,287.812
decode,16,model.layers.22.self_attn.q_proj,473.907
decode,16,model.layers.22.self_attn.k_proj,385.417
decode,16,model.layers.22.self_attn.v_proj,334.271
decode,16,model.layers.22.self_attn.q_norm,198.75
decode,16,model.layers.22.self_attn.k_norm,236.094
decode,16,model.layers.22.self_attn.q_rope,512.031
decode,16,model.layers.22.self_attn.k_rope,169.323
decode,16,model.layers.22.self_attn.qk_matmul,431.875
decode,16,model.layers.22.self_attn.mask,194.739
decode,16,model.layers.22.self_attn.softmax,248.802
decode,16,model.layers.22.self_attn.av_matmul,524.531
decode,16,model.layers.22.self_attn.o_proj,472.084
decode,16,model.layers.22.self_attn,6145
decode,16,model.layers.22.post_attention_layernorm,202.969
decode,16,model.layers.22.mlp.gate_proj,990.312
decode,16,model.layers.22.mlp.act,94.011
decode,16,model.layers.22.mlp.up_proj,969.531
decode,16,model.layers.22.mlp.down_proj,941.094
decode,16,model.layers.22.mlp,3080.68
decode,16,model.layers.22,10103.5
decode,16,model.layers.23.input_layernorm,212.813
decode,16,model.layers.23.self_attn.q_proj,463.177
decode,16,model.layers.23.self_attn.k_proj,335.677
decode,16,model.layers.23.self_attn.v_proj,360.625
decode,16,model.layers.23.self_attn.q_norm,212.188
decode,16,model.layers.23.self_attn.k_norm,187.5
decode,16,model.layers.23.self_attn.q_rope,215
decode,16,model.layers.23.self_attn.k_rope,236.927
decode,16,model.layers.23.self_attn.qk_matmul,1655.16
decode,16,model.layers.23.self_attn.mask,432.5
decode,16,model.layers.23.self_attn.softmax,220.208
decode,16,model.layers.23.self_attn.av_matmul,459.479
decode,16,model.layers.23.self_attn.o_proj,467.968
decode,16,model.layers.23.self_attn,7260.16
decode,16,model.layers.23.post_attention_layernorm,228.542
decode,16,model.layers.23.mlp.gate_proj,940.313
decode,16,model.layers.23.mlp.act,265.625
decode,16,model.layers.23.mlp.up_proj,1012.5
decode,16,model.layers.23.mlp.down_proj,926.406
decode,16,model.layers.23.mlp,3198.44
decode,16,model.layers.23,11230.4
decode,16,model.layers.24.input_layernorm,156.823
decode,16,model.layers.24.self_attn.q_proj,510.157
decode,16,model.layers.24.self_attn.k_proj,336.614
decode,16,model.layers.24.self_attn.v_proj,325.208
decode,16,model.layers.24.self_attn.q_norm,228.594
decode,16,model.layers.24.self_attn.k_norm,176.614
decode,16,model.layers.24.self_attn.q_rope,209.063
decode,16,model.layers.24.self_attn.k_rope,248.281
decode,16,model.layers.24.self_attn.qk_matmul,444.219
decode,16,model.layers.24.self_attn.mask,196.406
decode,16,model.layers.24.self_attn.softmax,228.958
decode,16,model.layers.24.self_attn.av_matmul,502.552
decode,16,model.layers.24.self_attn.o_proj,448.646
decode,16,model.layers.24.self_attn,5964.69
decode,16,model.layers.24.post_attention_layernorm,177.917
decode,16,model.layers.24.mlp.gate_proj,970.781
decode,16,model.layers.24.mlp.act,222.657
decode,16,model.layers.24.mlp.up_proj,1054.74
decode,16,model.layers.24.mlp.down_proj,980.625
decode,16,model.layers.24.mlp,3283.33
decode,16,model.layers.24,9921.3
decode,16,model.layers.25.input_layernorm,198.906
decode,16,model.layers.25.self_attn.q_proj,468.281
decode,16,model.layers.25.self_attn.k_proj,360.52
decode,16,model.layers.25.self_attn.v_proj,385.208
decode,16,model.layers.25.self_attn.q_norm,194.948
decode,16,model.layers.25.self_attn.k_norm,174.844
decode,16,model.layers.25.self_attn.q_rope,206.979
decode,16,model.layers.25.self_attn.k_rope,238.854
decode,16,model.layers.25.self_attn.qk_matmul,460.313
decode,16,model.layers.25.self_attn.mask,185.156
decode,16,model.layers.25.self_attn.softmax,243.906
decode,16,model.layers.25.self_attn.av_matmul,477.292
decode,16,model.layers.25.self_attn.o_proj,431.719
decode,16,model.layers.25.self_attn,5990.57
decode,16,model.layers.25.post_attention_layernorm,194.791
decode,16,model.layers.25.mlp.gate_proj,1044.38
decode,16,model.layers.25.mlp.act,196.093
decode,16,model.layers.25.mlp.up_proj,965.573
decode,16,model.layers.25.mlp.down_proj,940
decode,16,model.layers.25.mlp,3233.91
decode,16,model.layers.25,9983.23
decode,16,model.layers.26.input_layernorm,195.834
decode,16,model.layers.26.self_attn.q_proj,495.573
decode,16,model.layers.26.self_attn.k_proj,332.344
decode,16,model.layers.26.self_attn.v_proj,406.562
decode,16,model.layers.26.self_attn.q_norm,194.219
decode,16,model.layers.26.self_attn.k_norm,248.125
decode,16,model.layers.26.self_attn.q_rope,223.907
decode,16,model.layers.26.self_attn.k_rope,107.188
decode,16,model.layers.26.self_attn.qk_matmul,467.031
decode,16,model.layers.26.self_attn.mask,199.792
decode,16,model.layers.26.self_attn.softmax,227.031
decode,16,model.layers.26.self_attn.av_matmul,510.833
decode,16,model.layers.26.self_attn.o_proj,476.042
decode,16,model.layers.26.self_attn,5895.26
decode,16,model.layers.26.post_attention_layernorm,196.093
decode,16,model.layers.26.mlp.gate_proj,1022.34
decode,16,model.layers.26.mlp.act,187.187
decode,16,model.layers.26.mlp.up_proj,1010.94
decode,16,model.layers.26.mlp.down_proj,919.688
decode,16,model.layers.26.mlp,3253.02
decode,16,model.layers.26,9905.62
decode,16,model.layers.27.input_layernorm,206.719
decode,16,model.layers.27.self_attn.q_proj,493.125
decode,16,model.layers.27.self_attn.k_proj,351.927
decode,16,model.layers.27.self_attn.v_proj,401.041
decode,16,model.layers.27.self_attn.q_norm,195.938
decode,16,model.layers.27.self_attn.k_norm,188.959
decode,16,model.layers.27.self_attn.q_rope,205.625
decode,16,model.layers.27.self_attn.k_rope,257.657
decode,16,model.layers.27.self_attn.qk_matmul,461.511
decode,16,model.layers.27.self_attn.mask,195
decode,16,model.layers.27.self_attn.softmax,246.093
decode,16,model.layers.27.self_attn.av_matmul,483.75
decode,16,model.layers.27.self_attn.o_proj,462.24
decode,16,model.layers.27.self_attn,5995.31
decode,16,model.layers.27.post_attention_layernorm,205.469
decode,16,model.layers.27.mlp.gate_proj,988.802
decode,16,model.layers.27.mlp.act,213.125
decode,16,model.layers.27.mlp.up_proj,988.281
decode,16,model.layers.27.mlp.down_proj,932.552
decode,16,model.layers.27.mlp,3174.01
decode,16,model.layers.27,9886.82
decode,16,model.norm,230.573
decode,16,model,259566
decode,16,lm_head_out,101822
decode,16,model.embed_tokens,10.885
decode,17,model.layers.0.input_layernorm,5647.34
decode,17,model.layers.0.self_attn.q_proj,410.938
decode,17,model.layers.0.self_attn.k_proj,285.468
decode,17,model.layers.0.self_attn.v_proj,275.469
decode,17,model.layers.0.self_attn.q_norm,136.406
decode,17,model.layers.0.self_attn.k_norm,151.094
decode,17,model.layers.0.self_attn.q_rope,145.938
decode,17,model.layers.0.self_attn.k_rope,150
decode,17,model.layers.0.self_attn.qk_matmul,397.188
decode,17,model.layers.0.self_attn.mask,134.896
decode,17,model.layers.0.self_attn.softmax,149.687
decode,17,model.layers.0.self_attn.av_matmul,434.583
decode,17,model.layers.0.self_attn.o_proj,374.375
decode,17,model.layers.0.self_attn,3721.56
decode,17,model.layers.0.post_attention_layernorm,152.083
decode,17,model.layers.0.mlp.gate_proj,881.198
decode,17,model.layers.0.mlp.act,120.156
decode,17,model.layers.0.mlp.up_proj,860
decode,17,model.layers.0.mlp.down_proj,797.813
decode,17,model.layers.0.mlp,2681.88
decode,17,model.layers.0,12391.9
decode,17,model.layers.1.input_layernorm,147.032
decode,17,model.layers.1.self_attn.q_proj,374.115
decode,17,model.layers.1.self_attn.k_proj,274.219
decode,17,model.layers.1.self_attn.v_proj,283.281
decode,17,model.layers.1.self_attn.q_norm,131.614
decode,17,model.layers.1.self_attn.k_norm,129.896
decode,17,model.layers.1.self_attn.q_rope,132.5
decode,17,model.layers.1.self_attn.k_rope,148.073
decode,17,model.layers.1.self_attn.qk_matmul,397.5
decode,17,model.layers.1.self_attn.mask,133.802
decode,17,model.layers.1.self_attn.softmax,123.906
decode,17,model.layers.1.self_attn.av_matmul,406.719
decode,17,model.layers.1.self_attn.o_proj,388.75
decode,17,model.layers.1.self_attn,3664.64
decode,17,model.layers.1.post_attention_layernorm,131.875
decode,17,model.layers.1.mlp.gate_proj,888.437
decode,17,model.layers.1.mlp.act,126.562
decode,17,model.layers.1.mlp.up_proj,891.25
decode,17,model.layers.1.mlp.down_proj,817.761
decode,17,model.layers.1.mlp,2750.16
decode,17,model.layers.1,6863.02
decode,17,model.layers.2.input_layernorm,138.073
decode,17,model.layers.2.self_attn.q_proj,392.813
decode,17,model.layers.2.self_attn.k_proj,279.114
decode,17,model.layers.2.self_attn.v_proj,260.99
decode,17,model.layers.2.self_attn.q_norm,114.427
decode,17,model.layers.2.self_attn.k_norm,173.281
decode,17,model.layers.2.self_attn.q_rope,163.854
decode,17,model.layers.2.self_attn.k_rope,127.292
decode,17,model.layers.2.self_attn.qk_matmul,402.188
decode,17,model.layers.2.self_attn.mask,159.219
decode,17,model.layers.2.self_attn.softmax,152.188
decode,17,model.layers.2.self_attn.av_matmul,407.552
decode,17,model.layers.2.self_attn.o_proj,402.656
decode,17,model.layers.2.self_attn,4107.14
decode,17,model.layers.2.post_attention_layernorm,132.032
decode,17,model.layers.2.mlp.gate_proj,896.406
decode,17,model.layers.2.mlp.act,121.25
decode,17,model.layers.2.mlp.up_proj,888.073
decode,17,model.layers.2.mlp.down_proj,815.469
decode,17,model.layers.2.mlp,2747.81
decode,17,model.layers.2,7340.47
decode,17,model.layers.3.input_layernorm,130.989
decode,17,model.layers.3.self_attn.q_proj,408.958
decode,17,model.layers.3.self_attn.k_proj,260.312
decode,17,model.layers.3.self_attn.v_proj,281.302
decode,17,model.layers.3.self_attn.q_norm,172.031
decode,17,model.layers.3.self_attn.k_norm,134.271
decode,17,model.layers.3.self_attn.q_rope,182.344
decode,17,model.layers.3.self_attn.k_rope,150.209
decode,17,model.layers.3.self_attn.qk_matmul,409.583
decode,17,model.layers.3.self_attn.mask,137.76
decode,17,model.layers.3.self_attn.softmax,128.542
decode,17,model.layers.3.self_attn.av_matmul,417.656
decode,17,model.layers.3.self_attn.o_proj,385.625
decode,17,model.layers.3.self_attn,4106.88
decode,17,model.layers.3.post_attention_layernorm,142.448
decode,17,model.layers.3.mlp.gate_proj,887.187
decode,17,model.layers.3.mlp.act,132.344
decode,17,model.layers.3.mlp.up_proj,893.073
decode,17,model.layers.3.mlp.down_proj,798.282
decode,17,model.layers.3.mlp,2736.51
decode,17,model.layers.3,7320.1
decode,17,model.layers.4.input_layernorm,166.25
decode,17,model.layers.4.self_attn.q_proj,395.261
decode,17,model.layers.4.self_attn.k_proj,274.531
decode,17,model.layers.4.self_attn.v_proj,279.844
decode,17,model.layers.4.self_attn.q_norm,158.593
decode,17,model.layers.4.self_attn.k_norm,126.458
decode,17,model.layers.4.self_attn.q_rope,159.219
decode,17,model.layers.4.self_attn.k_rope,132.396
decode,17,model.layers.4.self_attn.qk_matmul,387.552
decode,17,model.layers.4.self_attn.mask,137.396
decode,17,model.layers.4.self_attn.softmax,140.521
decode,17,model.layers.4.self_attn.av_matmul,429.115
decode,17,model.layers.4.self_attn.o_proj,381.25
decode,17,model.layers.4.self_attn,4201.09
decode,17,model.layers.4.post_attention_layernorm,132.864
decode,17,model.layers.4.mlp.gate_proj,885.625
decode,17,model.layers.4.mlp.act,147.344
decode,17,model.layers.4.mlp.up_proj,883.802
decode,17,model.layers.4.mlp.down_proj,823.021
decode,17,model.layers.4.mlp,2802.97
decode,17,model.layers.4,7478.28
decode,17,model.layers.5.input_layernorm,148.594
decode,17,model.layers.5.self_attn.q_proj,409.844
decode,17,model.layers.5.self_attn.k_proj,302.656
decode,17,model.layers.5.self_attn.v_proj,285
decode,17,model.layers.5.self_attn.q_norm,152.292
decode,17,model.layers.5.self_attn.k_norm,175.104
decode,17,model.layers.5.self_attn.q_rope,158.125
decode,17,model.layers.5.self_attn.k_rope,146.198
decode,17,model.layers.5.self_attn.qk_matmul,385.938
decode,17,model.layers.5.self_attn.mask,145.52
decode,17,model.layers.5.self_attn.softmax,131.875
decode,17,model.layers.5.self_attn.av_matmul,442.969
decode,17,model.layers.5.self_attn.o_proj,423.906
decode,17,model.layers.5.self_attn,4274.69
decode,17,model.layers.5.post_attention_layernorm,151.875
decode,17,model.layers.5.mlp.gate_proj,892.813
decode,17,model.layers.5.mlp.act,172.813
decode,17,model.layers.5.mlp.up_proj,885.73
decode,17,model.layers.5.mlp.down_proj,810.209
decode,17,model.layers.5.mlp,2790.47
decode,17,model.layers.5,7592.03
decode,17,model.layers.6.input_layernorm,140.105
decode,17,model.layers.6.self_attn.q_proj,416.51
decode,17,model.layers.6.self_attn.k_proj,257.813
decode,17,model.layers.6.self_attn.v_proj,308.282
decode,17,model.layers.6.self_attn.q_norm,175.938
decode,17,model.layers.6.self_attn.k_norm,167.761
decode,17,model.layers.6.self_attn.q_rope,159.844
decode,17,model.layers.6.self_attn.k_rope,136.198
decode,17,model.layers.6.self_attn.qk_matmul,408.958
decode,17,model.layers.6.self_attn.mask,136.823
decode,17,model.layers.6.self_attn.softmax,129.636
decode,17,model.layers.6.self_attn.av_matmul,401.511
decode,17,model.layers.6.self_attn.o_proj,393.698
decode,17,model.layers.6.self_attn,4219.38
decode,17,model.layers.6.post_attention_layernorm,123.281
decode,17,model.layers.6.mlp.gate_proj,952.031
decode,17,model.layers.6.mlp.act,130.469
decode,17,model.layers.6.mlp.up_proj,911.25
decode,17,model.layers.6.mlp.down_proj,871.979
decode,17,model.layers.6.mlp,2897.81
decode,17,model.layers.6,7611.09
decode,17,model.layers.7.input_layernorm,140.781
decode,17,model.layers.7.self_attn.q_proj,416.511
decode,17,model.layers.7.self_attn.k_proj,305.417
decode,17,model.layers.7.self_attn.v_proj,285.937
decode,17,model.layers.7.self_attn.q_norm,179.583
decode,17,model.layers.7.self_attn.k_norm,126.563
decode,17,model.layers.7.self_attn.q_rope,141.406
decode,17,model.layers.7.self_attn.k_rope,118.958
decode,17,model.layers.7.self_attn.qk_matmul,387.031
decode,17,model.layers.7.self_attn.mask,124.687
decode,17,model.layers.7.self_attn.softmax,162.5
decode,17,model.layers.7.self_attn.av_matmul,434.531
decode,17,model.layers.7.self_attn.o_proj,424.375
decode,17,model.layers.7.self_attn,4336.56
decode,17,model.layers.7.post_attention_layernorm,154.896
decode,17,model.layers.7.mlp.gate_proj,927.708
decode,17,model.layers.7.mlp.act,165.469
decode,17,model.layers.7.mlp.up_proj,937.396
decode,17,model.layers.7.mlp.down_proj,872.761
decode,17,model.layers.7.mlp,2932.19
decode,17,model.layers.7,7811.61
decode,17,model.layers.8.input_layernorm,149.479
decode,17,model.layers.8.self_attn.q_proj,435.99
decode,17,model.layers.8.self_attn.k_proj,310.261
decode,17,model.layers.8.self_attn.v_proj,257.812
decode,17,model.layers.8.self_attn.q_norm,142.396
decode,17,model.layers.8.self_attn.k_norm,150.521
decode,17,model.layers.8.self_attn.q_rope,149.948
decode,17,model.layers.8.self_attn.k_rope,156.719
decode,17,model.layers.8.self_attn.qk_matmul,415.469
decode,17,model.layers.8.self_attn.mask,152.083
decode,17,model.layers.8.self_attn.softmax,145.313
decode,17,model.layers.8.self_attn.av_matmul,433.75
decode,17,model.layers.8.self_attn.o_proj,422.969
decode,17,model.layers.8.self_attn,4512.5
decode,17,model.layers.8.post_attention_layernorm,154.062
decode,17,model.layers.8.mlp.gate_proj,947.812
decode,17,model.layers.8.mlp.act,148.281
decode,17,model.layers.8.mlp.up_proj,929.948
decode,17,model.layers.8.mlp.down_proj,891.511
decode,17,model.layers.8.mlp,2952.24
decode,17,model.layers.8,8054.43
decode,17,model.layers.9.input_layernorm,162.761
decode,17,model.layers.9.self_attn.q_proj,430.573
decode,17,model.layers.9.self_attn.k_proj,288.281
decode,17,model.layers.9.self_attn.v_proj,274.375
decode,17,model.layers.9.self_attn.q_norm,180.989
decode,17,model.layers.9.self_attn.k_norm,156.875
decode,17,model.layers.9.self_attn.q_rope,173.281
decode,17,model.layers.9.self_attn.k_rope,216.979
decode,17,model.layers.9.self_attn.qk_matmul,429.948
decode,17,model.layers.9.self_attn.mask,182.656
decode,17,model.layers.9.self_attn.softmax,150.886
decode,17,model.layers.9.self_attn.av_matmul,466.719
decode,17,model.layers.9.self_attn.o_proj,415.729
decode,17,model.layers.9.self_attn,4753.91
decode,17,model.layers.9.post_attention_layernorm,153.281
decode,17,model.layers.9.mlp.gate_proj,962.448
decode,17,model.layers.9.mlp.act,139.844
decode,17,model.layers.9.mlp.up_proj,959.323
decode,17,model.layers.9.mlp.down_proj,899.062
decode,17,model.layers.9.mlp,2994.06
decode,17,model.layers.9,8324.43
decode,17,model.layers.10.input_layernorm,152.5
decode,17,model.layers.10.self_attn.q_proj,449.219
decode,17,model.layers.10.self_attn.k_proj,276.094
decode,17,model.layers.10.self_attn.v_proj,299.218
decode,17,model.layers.10.self_attn.q_norm,231.666
decode,17,model.layers.10.self_attn.k_norm,172.187
decode,17,model.layers.10.self_attn.q_rope,175.208
decode,17,model.layers.10.self_attn.k_rope,176.771
decode,17,model.layers.10.self_attn.qk_matmul,427.187
decode,17,model.layers.10.self_attn.mask,176.25
decode,17,model.layers.10.self_attn.softmax,285
decode,17,model.layers.10.self_attn.av_matmul,484.843
decode,17,model.layers.10.self_attn.o_proj,440.782
decode,17,model.layers.10.self_attn,4897.5
decode,17,model.layers.10.post_attention_layernorm,211.094
decode,17,model.layers.10.mlp.gate_proj,996.979
decode,17,model.layers.10.mlp.act,192.864
decode,17,model.layers.10.mlp.up_proj,992.917
decode,17,model.layers.10.mlp.down_proj,932.969
decode,17,model.layers.10.mlp,3163.91
decode,17,model.layers.10,8722.03
decode,17,model.layers.11.input_layernorm,182.605
decode,17,model.layers.11.self_attn.q_proj,495.937
decode,17,model.layers.11.self_attn.k_proj,345.729
decode,17,model.layers.11.self_attn.v_proj,316.875
decode,17,model.layers.11.self_attn.q_norm,182.552
decode,17,model.layers.11.self_attn.k_norm,172.969
decode,17,model.layers.11.self_attn.q_rope,199.271
decode,17,model.layers.11.self_attn.k_rope,160.052
decode,17,model.layers.11.self_attn.qk_matmul,436.823
decode,17,model.layers.11.self_attn.mask,172.031
decode,17,model.layers.11.self_attn.softmax,178.177
decode,17,model.layers.11.self_attn.av_matmul,458.437
decode,17,model.layers.11.self_attn.o_proj,439.792
decode,17,model.layers.11.self_attn,4636.35
decode,17,model.layers.11.post_attention_layernorm,171.719
decode,17,model.layers.11.mlp.gate_proj,931.458
decode,17,model.layers.11.mlp.act,165.833
decode,17,model.layers.11.mlp.up_proj,947.188
decode,17,model.layers.11.mlp.down_proj,923.177
decode,17,model.layers.11.mlp,3005.83
decode,17,model.layers.11,8228.91
decode,17,model.layers.12.input_layernorm,189.895
decode,17,model.layers.12.self_attn.q_proj,448.334
decode,17,model.layers.12.self_attn.k_proj,302.604
decode,17,model.layers.12.self_attn.v_proj,327.396
decode,17,model.layers.12.self_attn.q_norm,172.969
decode,17,model.layers.12.self_attn.k_norm,174.062
decode,17,model.layers.12.self_attn.q_rope,200.938
decode,17,model.layers.12.self_attn.k_rope,178.021
decode,17,model.layers.12.self_attn.qk_matmul,427.969
decode,17,model.layers.12.self_attn.mask,168.282
decode,17,model.layers.12.self_attn.softmax,163.177
decode,17,model.layers.12.self_attn.av_matmul,441.875
decode,17,model.layers.12.self_attn.o_proj,436.407
decode,17,model.layers.12.self_attn,4447.34
decode,17,model.layers.12.post_attention_layernorm,173.125
decode,17,model.layers.12.mlp.gate_proj,953.281
decode,17,model.layers.12.mlp.act,172.5
decode,17,model.layers.12.mlp.up_proj,946.042
decode,17,model.layers.12.mlp.down_proj,911.094
decode,17,model.layers.12.mlp,3016.09
decode,17,model.layers.12,8041.56
decode,17,model.layers.13.input_layernorm,171.615
decode,17,model.layers.13.self_attn.q_proj,443.906
decode,17,model.layers.13.self_attn.k_proj,305.833
decode,17,model.layers.13.self_attn.v_proj,299.062
decode,17,model.layers.13.self_attn.q_norm,187.135
decode,17,model.layers.13.self_attn.k_norm,169.271
decode,17,model.layers.13.self_attn.q_rope,166.146
decode,17,model.layers.13.self_attn.k_rope,197.187
decode,17,model.layers.13.self_attn.qk_matmul,431.093
decode,17,model.layers.13.self_attn.mask,165.469
decode,17,model.layers.13.self_attn.softmax,169.948
decode,17,model.layers.13.self_attn.av_matmul,452.968
decode,17,model.layers.13.self_attn.o_proj,428.02
decode,17,model.layers.13.self_attn,4474.53
decode,17,model.layers.13.post_attention_layernorm,188.854
decode,17,model.layers.13.mlp.gate_proj,955.104
decode,17,model.layers.13.mlp.act,184.895
decode,17,model.layers.13.mlp.up_proj,932.343
decode,17,model.layers.13.mlp.down_proj,918.958
decode,17,model.layers.13.mlp,3023.59
decode,17,model.layers.13,8095.31
decode,17,model.layers.14.input_layernorm,224.375
decode,17,model.layers.14.self_attn.q_proj,520
decode,17,model.layers.14.self_attn.k_proj,333.542
decode,17,model.layers.14.self_attn.v_proj,362.5
decode,17,model.layers.14.self_attn.q_norm,212.5
decode,17,model.layers.14.self_attn.k_norm,215.989
decode,17,model.layers.14.self_attn.q_rope,206.719
decode,17,model.layers.14.self_attn.k_rope,207.031
decode,17,model.layers.14.self_attn.qk_matmul,451.041
decode,17,model.layers.14.self_attn.mask,195.104
decode,17,model.layers.14.self_attn.softmax,187.031
decode,17,model.layers.14.self_attn.av_matmul,463.594
decode,17,model.layers.14.self_attn.o_proj,441.614
decode,17,model.layers.14.self_attn,5221.93
decode,17,model.layers.14.post_attention_layernorm,191.875
decode,17,model.layers.14.mlp.gate_proj,949.844
decode,17,model.layers.14.mlp.act,183.437
decode,17,model.layers.14.mlp.up_proj,967.344
decode,17,model.layers.14.mlp.down_proj,906.927
decode,17,model.layers.14.mlp,3040.94
decode,17,model.layers.14,8908.91
decode,17,model.layers.15.input_layernorm,175.261
decode,17,model.layers.15.self_attn.q_proj,429.01
decode,17,model.layers.15.self_attn.k_proj,290.468
decode,17,model.layers.15.self_attn.v_proj,290.104
decode,17,model.layers.15.self_attn.q_norm,169.739
decode,17,model.layers.15.self_attn.k_norm,176.25
decode,17,model.layers.15.self_attn.q_rope,171.146
decode,17,model.layers.15.self_attn.k_rope,172.605
decode,17,model.layers.15.self_attn.qk_matmul,435.416
decode,17,model.layers.15.self_attn.mask,175.156
decode,17,model.layers.15.self_attn.softmax,180.417
decode,17,model.layers.15.self_attn.av_matmul,461.302
decode,17,model.layers.15.self_attn.o_proj,439.218
decode,17,model.layers.15.self_attn,4417.76
decode,17,model.layers.15.post_attention_layernorm,160.938
decode,17,model.layers.15.mlp.gate_proj,944.687
decode,17,model.layers.15.mlp.act,166.198
decode,17,model.layers.15.mlp.up_proj,957.031
decode,17,model.layers.15.mlp.down_proj,934.063
decode,17,model.layers.15.mlp,3036.88
decode,17,model.layers.15,8056.67
decode,17,model.layers.16.input_layernorm,202.813
decode,17,model.layers.16.self_attn.q_proj,445.261
decode,17,model.layers.16.self_attn.k_proj,350.208
decode,17,model.layers.16.self_attn.v_proj,336.823
decode,17,model.layers.16.self_attn.q_norm,194.219
decode,17,model.layers.16.self_attn.k_norm,198.177
decode,17,model.layers.16.self_attn.q_rope,203.125
decode,17,model.layers.16.self_attn.k_rope,182.344
decode,17,model.layers.16.self_attn.qk_matmul,450.469
decode,17,model.layers.16.self_attn.mask,170.573
decode,17,model.layers.16.self_attn.softmax,165.105
decode,17,model.layers.16.self_attn.av_matmul,467.552
decode,17,model.layers.16.self_attn.o_proj,427.343
decode,17,model.layers.16.self_attn,4960.31
decode,17,model.layers.16.post_attention_layernorm,171.25
decode,17,model.layers.16.mlp.gate_proj,937.188
decode,17,model.layers.16.mlp.act,93.907
decode,17,model.layers.16.mlp.up_proj,956.822
decode,17,model.layers.16.mlp.down_proj,898.125
decode,17,model.layers.16.mlp,2924.84
decode,17,model.layers.16,8483.85
decode,17,model.layers.17.input_layernorm,174.115
decode,17,model.layers.17.self_attn.q_proj,446.979
decode,17,model.layers.17.self_attn.k_proj,285.573
decode,17,model.layers.17.self_attn.v_proj,302.656
decode,17,model.layers.17.self_attn.q_norm,172.031
decode,17,model.layers.17.self_attn.k_norm,168.282
decode,17,model.layers.17.self_attn.q_rope,189.375
decode,17,model.layers.17.self_attn.k_rope,170.156
decode,17,model.layers.17.self_attn.qk_matmul,430.781
decode,17,model.layers.17.self_attn.mask,182.5
decode,17,model.layers.17.self_attn.softmax,161.667
decode,17,model.layers.17.self_attn.av_matmul,455.729
decode,17,model.layers.17.self_attn.o_proj,434.635
decode,17,model.layers.17.self_attn,4417.4
decode,17,model.layers.17.post_attention_layernorm,182.292
decode,17,model.layers.17.mlp.gate_proj,938.438
decode,17,model.layers.17.mlp.act,182.448
decode,17,model.layers.17.mlp.up_proj,994.896
decode,17,model.layers.17.mlp.down_proj,962.917
decode,17,model.layers.17.mlp,3135.99
decode,17,model.layers.17,8194.11
decode,17,model.layers.18.input_layernorm,222.083
decode,17,model.layers.18.self_attn.q_proj,410.782
decode,17,model.layers.18.self_attn.k_proj,297.5
decode,17,model.layers.18.self_attn.v_proj,313.697
decode,17,model.layers.18.self_attn.q_norm,161.303
decode,17,model.layers.18.self_attn.k_norm,163.646
decode,17,model.layers.18.self_attn.q_rope,189.583
decode,17,model.layers.18.self_attn.k_rope,180.937
decode,17,model.layers.18.self_attn.qk_matmul,436.771
decode,17,model.layers.18.self_attn.mask,175.156
decode,17,model.layers.18.self_attn.softmax,189.687
decode,17,model.layers.18.self_attn.av_matmul,474.844
decode,17,model.layers.18.self_attn.o_proj,421.822
decode,17,model.layers.18.self_attn,4509.38
decode,17,model.layers.18.post_attention_layernorm,200.625
decode,17,model.layers.18.mlp.gate_proj,944.583
decode,17,model.layers.18.mlp.act,178.906
decode,17,model.layers.18.mlp.up_proj,951.406
decode,17,model.layers.18.mlp.down_proj,923.854
decode,17,model.layers.18.mlp,3031.09
decode,17,model.layers.18,8197.6
decode,17,model.layers.19.input_layernorm,147.865
decode,17,model.layers.19.self_attn.q_proj,440.365
decode,17,model.layers.19.self_attn.k_proj,324.375
decode,17,model.layers.19.self_attn.v_proj,305.26
decode,17,model.layers.19.self_attn.q_norm,166.563
decode,17,model.layers.19.self_attn.k_norm,159.896
decode,17,model.layers.19.self_attn.q_rope,165
decode,17,model.layers.19.self_attn.k_rope,173.803
decode,17,model.layers.19.self_attn.qk_matmul,435.312
decode,17,model.layers.19.self_attn.mask,159.375
decode,17,model.layers.19.self_attn.softmax,176.771
decode,17,model.layers.19.self_attn.av_matmul,458.75
decode,17,model.layers.19.self_attn.o_proj,426.406
decode,17,model.layers.19.self_attn,4445.52
decode,17,model.layers.19.post_attention_layernorm,176.822
decode,17,model.layers.19.mlp.gate_proj,938.437
decode,17,model.layers.19.mlp.act,163.229
decode,17,model.layers.19.mlp.up_proj,980.938
decode,17,model.layers.19.mlp.down_proj,932.865
decode,17,model.layers.19.mlp,3061.56
decode,17,model.layers.19,7980.94
decode,17,model.layers.20.input_layernorm,207.656
decode,17,model.layers.20.self_attn.q_proj,455.938
decode,17,model.layers.20.self_attn.k_proj,336.198
decode,17,model.layers.20.self_attn.v_proj,343.907
decode,17,model.layers.20.self_attn.q_norm,200.365
decode,17,model.layers.20.self_attn.k_norm,104.531
decode,17,model.layers.20.self_attn.q_rope,200.312
decode,17,model.layers.20.self_attn.k_rope,225.416
decode,17,model.layers.20.self_attn.qk_matmul,448.907
decode,17,model.layers.20.self_attn.mask,180.937
decode,17,model.layers.20.self_attn.softmax,198.073
decode,17,model.layers.20.self_attn.av_matmul,490.209
decode,17,model.layers.20.self_attn.o_proj,463.125
decode,17,model.layers.20.self_attn,5047.5
decode,17,model.layers.20.post_attention_layernorm,215.209
decode,17,model.layers.20.mlp.gate_proj,986.146
decode,17,model.layers.20.mlp.act,187.552
decode,17,model.layers.20.mlp.up_proj,976.406
decode,17,model.layers.20.mlp.down_proj,935.938
decode,17,model.layers.20.mlp,3130.42
decode,17,model.layers.20,8888.91
decode,17,model.layers.21.input_layernorm,191.563
decode,17,model.layers.21.self_attn.q_proj,453.75
decode,17,model.layers.21.self_attn.k_proj,333.959
decode,17,model.layers.21.self_attn.v_proj,327.916
decode,17,model.layers.21.self_attn.q_norm,194.323
decode,17,model.layers.21.self_attn.k_norm,201.719
decode,17,model.layers.21.self_attn.q_rope,194.843
decode,17,model.layers.21.self_attn.k_rope,213.333
decode,17,model.layers.21.self_attn.qk_matmul,465.938
decode,17,model.layers.21.self_attn.mask,206.563
decode,17,model.layers.21.self_attn.softmax,206.354
decode,17,model.layers.21.self_attn.av_matmul,485.156
decode,17,model.layers.21.self_attn.o_proj,492.709
decode,17,model.layers.21.self_attn,5226.25
decode,17,model.layers.21.post_attention_layernorm,240.313
decode,17,model.layers.21.mlp.gate_proj,1038.28
decode,17,model.layers.21.mlp.act,240.781
decode,17,model.layers.21.mlp.up_proj,984.947
decode,17,model.layers.21.mlp.down_proj,973.073
decode,17,model.layers.21.mlp,3292.6
decode,17,model.layers.21,9296.98
decode,17,model.layers.22.input_layernorm,258.646
decode,17,model.layers.22.self_attn.q_proj,497.031
decode,17,model.layers.22.self_attn.k_proj,367.396
decode,17,model.layers.22.self_attn.v_proj,342.188
decode,17,model.layers.22.self_attn.q_norm,171.041
decode,17,model.layers.22.self_attn.k_norm,115.572
decode,17,model.layers.22.self_attn.q_rope,233.646
decode,17,model.layers.22.self_attn.k_rope,217.343
decode,17,model.layers.22.self_attn.qk_matmul,462.031
decode,17,model.layers.22.self_attn.mask,182.865
decode,17,model.layers.22.self_attn.softmax,185.625
decode,17,model.layers.22.self_attn.av_matmul,461.979
decode,17,model.layers.22.self_attn.o_proj,415.364
decode,17,model.layers.22.self_attn,5202.03
decode,17,model.layers.22.post_attention_layernorm,179.688
decode,17,model.layers.22.mlp.gate_proj,947.083
decode,17,model.layers.22.mlp.act,193.646
decode,17,model.layers.22.mlp.up_proj,950.678
decode,17,model.layers.22.mlp.down_proj,924.166
decode,17,model.layers.22.mlp,3063.28
decode,17,model.layers.22,8958.39
decode,17,model.layers.23.input_layernorm,193.906
decode,17,model.layers.23.self_attn.q_proj,457.656
decode,17,model.layers.23.self_attn.k_proj,318.75
decode,17,model.layers.23.self_attn.v_proj,313.75
decode,17,model.layers.23.self_attn.q_norm,185.417
decode,17,model.layers.23.self_attn.k_norm,192.031
decode,17,model.layers.23.self_attn.q_rope,203.073
decode,17,model.layers.23.self_attn.k_rope,188.906
decode,17,model.layers.23.self_attn.qk_matmul,698.75
decode,17,model.layers.23.self_attn.mask,181.406
decode,17,model.layers.23.self_attn.softmax,184.167
decode,17,model.layers.23.self_attn.av_matmul,479.375
decode,17,model.layers.23.self_attn.o_proj,443.437
decode,17,model.layers.23.self_attn,5159.22
decode,17,model.layers.23.post_attention_layernorm,208.541
decode,17,model.layers.23.mlp.gate_proj,972.657
decode,17,model.layers.23.mlp.act,179.636
decode,17,model.layers.23.mlp.up_proj,936.041
decode,17,model.layers.23.mlp.down_proj,936.718
decode,17,model.layers.23.mlp,3060.47
decode,17,model.layers.23,8842.66
decode,17,model.layers.24.input_layernorm,193.906
decode,17,model.layers.24.self_attn.q_proj,457.969
decode,17,model.layers.24.self_attn.k_proj,325.781
decode,17,model.layers.24.self_attn.v_proj,327.5
decode,17,model.layers.24.self_attn.q_norm,174.687
decode,17,model.layers.24.self_attn.k_norm,185.469
decode,17,model.layers.24.self_attn.q_rope,193.906
decode,17,model.layers.24.self_attn.k_rope,209.062
decode,17,model.layers.24.self_attn.qk_matmul,443.437
decode,17,model.layers.24.self_attn.mask,172.188
decode,17,model.layers.24.self_attn.softmax,171.823
decode,17,model.layers.24.self_attn.av_matmul,472.813
decode,17,model.layers.24.self_attn.o_proj,457.032
decode,17,model.layers.24.self_attn,4784.38
decode,17,model.layers.24.post_attention_layernorm,217.5
decode,17,model.layers.24.mlp.gate_proj,980.678
decode,17,model.layers.24.mlp.act,180
decode,17,model.layers.24.mlp.up_proj,955.417
decode,17,model.layers.24.mlp.down_proj,926.354
decode,17,model.layers.24.mlp,3081.56
decode,17,model.layers.24,8527.5
decode,17,model.layers.25.input_layernorm,200.469
decode,17,model.layers.25.self_attn.q_proj,451.614
decode,17,model.layers.25.self_attn.k_proj,314.219
decode,17,model.layers.25.self_attn.v_proj,328.437
decode,17,model.layers.25.self_attn.q_norm,196.094
decode,17,model.layers.25.self_attn.k_norm,262.969
decode,17,model.layers.25.self_attn.q_rope,231.094
decode,17,model.layers.25.self_attn.k_rope,111.979
decode,17,model.layers.25.self_attn.qk_matmul,448.75
decode,17,model.layers.25.self_attn.mask,190.104
decode,17,model.layers.25.self_attn.softmax,185
decode,17,model.layers.25.self_attn.av_matmul,455.937
decode,17,model.layers.25.self_attn.o_proj,457.969
decode,17,model.layers.25.self_attn,5134.38
decode,17,model.layers.25.post_attention_layernorm,185.781
decode,17,model.layers.25.mlp.gate_proj,960.312
decode,17,model.layers.25.mlp.act,186.875
decode,17,model.layers.25.mlp.up_proj,949.062
decode,17,model.layers.25.mlp.down_proj,935.781
decode,17,model.layers.25.mlp,3073.49
decode,17,model.layers.25,8841.67
decode,17,model.layers.26.input_layernorm,181.719
decode,17,model.layers.26.self_attn.q_proj,439.01
decode,17,model.layers.26.self_attn.k_proj,299.219
decode,17,model.layers.26.self_attn.v_proj,317.344
decode,17,model.layers.26.self_attn.q_norm,181.25
decode,17,model.layers.26.self_attn.k_norm,199.062
decode,17,model.layers.26.self_attn.q_rope,188.281
decode,17,model.layers.26.self_attn.k_rope,184.688
decode,17,model.layers.26.self_attn.qk_matmul,450.468
decode,17,model.layers.26.self_attn.mask,183.073
decode,17,model.layers.26.self_attn.softmax,209.687
decode,17,model.layers.26.self_attn.av_matmul,459.687
decode,17,model.layers.26.self_attn.o_proj,436.511
decode,17,model.layers.26.self_attn,4710.78
decode,17,model.layers.26.post_attention_layernorm,192.812
decode,17,model.layers.26.mlp.gate_proj,967.396
decode,17,model.layers.26.mlp.act,200.209
decode,17,model.layers.26.mlp.up_proj,961.771
decode,17,model.layers.26.mlp.down_proj,932.031
decode,17,model.layers.26.mlp,3097.66
decode,17,model.layers.26,8439.53
decode,17,model.layers.27.input_layernorm,181.25
decode,17,model.layers.27.self_attn.q_proj,450.937
decode,17,model.layers.27.self_attn.k_proj,345.678
decode,17,model.layers.27.self_attn.v_proj,343.125
decode,17,model.layers.27.self_attn.q_norm,230.469
decode,17,model.layers.27.self_attn.k_norm,213.906
decode,17,model.layers.27.self_attn.q_rope,234.844
decode,17,model.layers.27.self_attn.k_rope,228.333
decode,17,model.layers.27.self_attn.qk_matmul,539.844
decode,17,model.layers.27.self_attn.mask,232.344
decode,17,model.layers.27.self_attn.softmax,215.885
decode,17,model.layers.27.self_attn.av_matmul,520.989
decode,17,model.layers.27.self_attn.o_proj,480.782
decode,17,model.layers.27.self_attn,5876.41
decode,17,model.layers.27.post_attention_layernorm,240.157
decode,17,model.layers.27.mlp.gate_proj,981.719
decode,17,model.layers.27.mlp.act,257.031
decode,17,model.layers.27.mlp.up_proj,997.969
decode,17,model.layers.27.mlp.down_proj,940.416
decode,17,model.layers.27.mlp,3240.26
decode,17,model.layers.27,9733.33
decode,17,model.norm,250.052
decode,17,model,235899
decode,17,lm_head_out,84724.7
decode,17,model.embed_tokens,6.406
decode,18,model.layers.0.input_layernorm,5156.51
decode,18,model.layers.0.self_attn.q_proj,431.615
decode,18,model.layers.0.self_attn.k_proj,268.125
decode,18,model.layers.0.self_attn.v_proj,269.688
decode,18,model.layers.0.self_attn.q_norm,145.625
decode,18,model.layers.0.self_attn.k_norm,147.917
decode,18,model.layers.0.self_attn.q_rope,155.312
decode,18,model.layers.0.self_attn.k_rope,152.344
decode,18,model.layers.0.self_attn.qk_matmul,399.636
decode,18,model.layers.0.self_attn.mask,147.084
decode,18,model.layers.0.self_attn.softmax,149.531
decode,18,model.layers.0.self_attn.av_matmul,452.553
decode,18,model.layers.0.self_attn.o_proj,417.656
decode,18,model.layers.0.self_attn,3829.84
decode,18,model.layers.0.post_attention_layernorm,151.771
decode,18,model.layers.0.mlp.gate_proj,882.083
decode,18,model.layers.0.mlp.act,152.656
decode,18,model.layers.0.mlp.up_proj,882.604
decode,18,model.layers.0.mlp.down_proj,849.427
decode,18,model.layers.0.mlp,2787.5
decode,18,model.layers.0,12114.7
decode,18,model.layers.1.input_layernorm,166.354
decode,18,model.layers.1.self_attn.q_proj,370.99
decode,18,model.layers.1.self_attn.k_proj,269.062
decode,18,model.layers.1.self_attn.v_proj,260.157
decode,18,model.layers.1.self_attn.q_norm,141.406
decode,18,model.layers.1.self_attn.k_norm,136.615
decode,18,model.layers.1.self_attn.q_rope,173.438
decode,18,model.layers.1.self_attn.k_rope,145.781
decode,18,model.layers.1.self_attn.qk_matmul,509.375
decode,18,model.layers.1.self_attn.mask,169.167
decode,18,model.layers.1.self_attn.softmax,141.458
decode,18,model.layers.1.self_attn.av_matmul,422.917
decode,18,model.layers.1.self_attn.o_proj,391.302
decode,18,model.layers.1.self_attn,3769.43
decode,18,model.layers.1.post_attention_layernorm,144.531
decode,18,model.layers.1.mlp.gate_proj,879.427
decode,18,model.layers.1.mlp.act,164.01
decode,18,model.layers.1.mlp.up_proj,896.875
decode,18,model.layers.1.mlp.down_proj,848.959
decode,18,model.layers.1.mlp,2831.61
decode,18,model.layers.1,7114.11
decode,18,model.layers.2.input_layernorm,163.906
decode,18,model.layers.2.self_attn.q_proj,406.25
decode,18,model.layers.2.self_attn.k_proj,265.312
decode,18,model.layers.2.self_attn.v_proj,285.885
decode,18,model.layers.2.self_attn.q_norm,158.594
decode,18,model.layers.2.self_attn.k_norm,147.657
decode,18,model.layers.2.self_attn.q_rope,180.625
decode,18,model.layers.2.self_attn.k_rope,155.885
decode,18,model.layers.2.self_attn.qk_matmul,407.448
decode,18,model.layers.2.self_attn.mask,173.646
decode,18,model.layers.2.self_attn.softmax,167.187
decode,18,model.layers.2.self_attn.av_matmul,455.99
decode,18,model.layers.2.self_attn.o_proj,422.031
decode,18,model.layers.2.self_attn,3967.14
decode,18,model.layers.2.post_attention_layernorm,164.687
decode,18,model.layers.2.mlp.gate_proj,900.781
decode,18,model.layers.2.mlp.act,165.416
decode,18,model.layers.2.mlp.up_proj,899.427
decode,18,model.layers.2.mlp.down_proj,827.032
decode,18,model.layers.2.mlp,2814.22
decode,18,model.layers.2,7308.23
decode,18,model.layers.3.input_layernorm,172.187
decode,18,model.layers.3.self_attn.q_proj,411.563
decode,18,model.layers.3.self_attn.k_proj,283.593
decode,18,model.layers.3.self_attn.v_proj,276.875
decode,18,model.layers.3.self_attn.q_norm,166.875
decode,18,model.layers.3.self_attn.k_norm,154.583
decode,18,model.layers.3.self_attn.q_rope,153.281
decode,18,model.layers.3.self_attn.k_rope,164.219
decode,18,model.layers.3.self_attn.qk_matmul,417.5
decode,18,model.layers.3.self_attn.mask,151.303
decode,18,model.layers.3.self_attn.softmax,153.854
decode,18,model.layers.3.self_attn.av_matmul,430.521
decode,18,model.layers.3.self_attn.o_proj,412.969
decode,18,model.layers.3.self_attn,3949.22
decode,18,model.layers.3.post_attention_layernorm,158.854
decode,18,model.layers.3.mlp.gate_proj,883.958
decode,18,model.layers.3.mlp.act,162.657
decode,18,model.layers.3.mlp.up_proj,900
decode,18,model.layers.3.mlp.down_proj,837.709
decode,18,model.layers.3.mlp,2812.66
decode,18,model.layers.3,7289.06
decode,18,model.layers.4.input_layernorm,182.5
decode,18,model.layers.4.self_attn.q_proj,392.188
decode,18,model.layers.4.self_attn.k_proj,269.688
decode,18,model.layers.4.self_attn.v_proj,280.781
decode,18,model.layers.4.self_attn.q_norm,147.969
decode,18,model.layers.4.self_attn.k_norm,140.989
decode,18,model.layers.4.self_attn.q_rope,151.51
decode,18,model.layers.4.self_attn.k_rope,163.854
decode,18,model.layers.4.self_attn.qk_matmul,421.979
decode,18,model.layers.4.self_attn.mask,154.895
decode,18,model.layers.4.self_attn.softmax,164.167
decode,18,model.layers.4.self_attn.av_matmul,451.875
decode,18,model.layers.4.self_attn.o_proj,393.75
decode,18,model.layers.4.self_attn,3933.54
decode,18,model.layers.4.post_attention_layernorm,159.063
decode,18,model.layers.4.mlp.gate_proj,891.094
decode,18,model.layers.4.mlp.act,133.594
decode,18,model.layers.4.mlp.up_proj,901.979
decode,18,model.layers.4.mlp.down_proj,835.833
decode,18,model.layers.4.mlp,2790.78
decode,18,model.layers.4,7253.49
decode,18,model.layers.5.input_layernorm,209.114
decode,18,model.layers.5.self_attn.q_proj,387.969
decode,18,model.layers.5.self_attn.k_proj,276.042
decode,18,model.layers.5.self_attn.v_proj,530.834
decode,18,model.layers.5.self_attn.q_norm,558.594
decode,18,model.layers.5.self_attn.k_norm,415.156
decode,18,model.layers.5.self_attn.q_rope,163.282
decode,18,model.layers.5.self_attn.k_rope,154.844
decode,18,model.layers.5.self_attn.qk_matmul,415.625
decode,18,model.layers.5.self_attn.mask,155.156
decode,18,model.layers.5.self_attn.softmax,138.281
decode,18,model.layers.5.self_attn.av_matmul,430.468
decode,18,model.layers.5.self_attn.o_proj,419.843
decode,18,model.layers.5.self_attn,4813.07
decode,18,model.layers.5.post_attention_layernorm,170
decode,18,model.layers.5.mlp.gate_proj,930.99
decode,18,model.layers.5.mlp.act,155.937
decode,18,model.layers.5.mlp.up_proj,937.656
decode,18,model.layers.5.mlp.down_proj,935.261
decode,18,model.layers.5.mlp,2985.31
decode,18,model.layers.5,8442.6
decode,18,model.layers.6.input_layernorm,173.073
decode,18,model.layers.6.self_attn.q_proj,425.782
decode,18,model.layers.6.self_attn.k_proj,289.167
decode,18,model.layers.6.self_attn.v_proj,268.125
decode,18,model.layers.6.self_attn.q_norm,172.709
decode,18,model.layers.6.self_attn.k_norm,176.875
decode,18,model.layers.6.self_attn.q_rope,162.5
decode,18,model.layers.6.self_attn.k_rope,150.156
decode,18,model.layers.6.self_attn.qk_matmul,431.302
decode,18,model.layers.6.self_attn.mask,146.198
decode,18,model.layers.6.self_attn.softmax,151.719
decode,18,model.layers.6.self_attn.av_matmul,449.218
decode,18,model.layers.6.self_attn.o_proj,415
decode,18,model.layers.6.self_attn,4007.66
decode,18,model.layers.6.post_attention_layernorm,172.135
decode,18,model.layers.6.mlp.gate_proj,938.229
decode,18,model.layers.6.mlp.act,211.198
decode,18,model.layers.6.mlp.up_proj,935.989
decode,18,model.layers.6.mlp.down_proj,910.573
decode,18,model.layers.6.mlp,3021.3
decode,18,model.layers.6,7570.21
decode,18,model.layers.7.input_layernorm,186.927
decode,18,model.layers.7.self_attn.q_proj,414.115
decode,18,model.layers.7.self_attn.k_proj,277.239
decode,18,model.layers.7.self_attn.v_proj,279.739
decode,18,model.layers.7.self_attn.q_norm,154.844
decode,18,model.layers.7.self_attn.k_norm,154.531
decode,18,model.layers.7.self_attn.q_rope,178.594
decode,18,model.layers.7.self_attn.k_rope,170.312
decode,18,model.layers.7.self_attn.qk_matmul,423.282
decode,18,model.layers.7.self_attn.mask,160.99
decode,18,model.layers.7.self_attn.softmax,157.969
decode,18,model.layers.7.self_attn.av_matmul,426.927
decode,18,model.layers.7.self_attn.o_proj,420.156
decode,18,model.layers.7.self_attn,3914.17
decode,18,model.layers.7.post_attention_layernorm,153.594
decode,18,model.layers.7.mlp.gate_proj,937.188
decode,18,model.layers.7.mlp.act,171.198
decode,18,model.layers.7.mlp.up_proj,936.771
decode,18,model.layers.7.mlp.down_proj,892.344
decode,18,model.layers.7.mlp,2965.05
decode,18,model.layers.7,7418.96
decode,18,model.layers.8.input_layernorm,153.438
decode,18,model.layers.8.self_attn.q_proj,404.219
decode,18,model.layers.8.self_attn.k_proj,310.156
decode,18,model.layers.8.self_attn.v_proj,328.75
decode,18,model.layers.8.self_attn.q_norm,160.625
decode,18,model.layers.8.self_attn.k_norm,159.688
decode,18,model.layers.8.self_attn.q_rope,163.75
decode,18,model.layers.8.self_attn.k_rope,147.969
decode,18,model.layers.8.self_attn.qk_matmul,425.312
decode,18,model.layers.8.self_attn.mask,158.802
decode,18,model.layers.8.self_attn.softmax,140.521
decode,18,model.layers.8.self_attn.av_matmul,461.198
decode,18,model.layers.8.self_attn.o_proj,410.26
decode,18,model.layers.8.self_attn,4026.56
decode,18,model.layers.8.post_attention_layernorm,155.156
decode,18,model.layers.8.mlp.gate_proj,928.177
decode,18,model.layers.8.mlp.act,178.489
decode,18,model.layers.8.mlp.up_proj,913.385
decode,18,model.layers.8.mlp.down_proj,919.792
decode,18,model.layers.8.mlp,2969.69
decode,18,model.layers.8,7490.52
decode,18,model.layers.9.input_layernorm,147.813
decode,18,model.layers.9.self_attn.q_proj,422.656
decode,18,model.layers.9.self_attn.k_proj,298.073
decode,18,model.layers.9.self_attn.v_proj,305.052
decode,18,model.layers.9.self_attn.q_norm,162.552
decode,18,model.layers.9.self_attn.k_norm,127.552
decode,18,model.layers.9.self_attn.q_rope,147.396
decode,18,model.layers.9.self_attn.k_rope,169.01
decode,18,model.layers.9.self_attn.qk_matmul,417.395
decode,18,model.layers.9.self_attn.mask,165.677
decode,18,model.layers.9.self_attn.softmax,165.156
decode,18,model.layers.9.self_attn.av_matmul,430.938
decode,18,model.layers.9.self_attn.o_proj,415.469
decode,18,model.layers.9.self_attn,4018.7
decode,18,model.layers.9.post_attention_layernorm,164.532
decode,18,model.layers.9.mlp.gate_proj,934.583
decode,18,model.layers.9.mlp.act,175.781
decode,18,model.layers.9.mlp.up_proj,928.958
decode,18,model.layers.9.mlp.down_proj,903.802
decode,18,model.layers.9.mlp,2974.58
decode,18,model.layers.9,7499.48
decode,18,model.layers.10.input_layernorm,173.281
decode,18,model.layers.10.self_attn.q_proj,414.583
decode,18,model.layers.10.self_attn.k_proj,287.239
decode,18,model.layers.10.self_attn.v_proj,285.781
decode,18,model.layers.10.self_attn.q_norm,162.135
decode,18,model.layers.10.self_attn.k_norm,178.437
decode,18,model.layers.10.self_attn.q_rope,186.875
decode,18,model.layers.10.self_attn.k_rope,208.438
decode,18,model.layers.10.self_attn.qk_matmul,440.416
decode,18,model.layers.10.self_attn.mask,204.532
decode,18,model.layers.10.self_attn.softmax,182.188
decode,18,model.layers.10.self_attn.av_matmul,449.27
decode,18,model.layers.10.self_attn.o_proj,430.105
decode,18,model.layers.10.self_attn,4564.53
decode,18,model.layers.10.post_attention_layernorm,179.583
decode,18,model.layers.10.mlp.gate_proj,934.375
decode,18,model.layers.10.mlp.act,183.021
decode,18,model.layers.10.mlp.up_proj,945.938
decode,18,model.layers.10.mlp.down_proj,924.062
decode,18,model.layers.10.mlp,3018.39
decode,18,model.layers.10,8142.24
decode,18,model.layers.11.input_layernorm,193.906
decode,18,model.layers.11.self_attn.q_proj,429.375
decode,18,model.layers.11.self_attn.k_proj,319.063
decode,18,model.layers.11.self_attn.v_proj,310.625
decode,18,model.layers.11.self_attn.q_norm,169.844
decode,18,model.layers.11.self_attn.k_norm,205.625
decode,18,model.layers.11.self_attn.q_rope,172.136
decode,18,model.layers.11.self_attn.k_rope,180.417
decode,18,model.layers.11.self_attn.qk_matmul,421.875
decode,18,model.layers.11.self_attn.mask,153.438
decode,18,model.layers.11.self_attn.softmax,173.958
decode,18,model.layers.11.self_attn.av_matmul,456.823
decode,18,model.layers.11.self_attn.o_proj,414.375
decode,18,model.layers.11.self_attn,4408.02
decode,18,model.layers.11.post_attention_layernorm,170.261
decode,18,model.layers.11.mlp.gate_proj,930.313
decode,18,model.layers.11.mlp.act,154.843
decode,18,model.layers.11.mlp.up_proj,941.042
decode,18,model.layers.11.mlp.down_proj,918.802
decode,18,model.layers.11.mlp,2981.51
decode,18,model.layers.11,7960
decode,18,model.layers.12.input_layernorm,172.396
decode,18,model.layers.12.self_attn.q_proj,422.292
decode,18,model.layers.12.self_attn.k_proj,301.25
decode,18,model.layers.12.self_attn.v_proj,297.969
decode,18,model.layers.12.self_attn.q_norm,140.52
decode,18,model.layers.12.self_attn.k_norm,220.625
decode,18,model.layers.12.self_attn.q_rope,213.958
decode,18,model.layers.12.self_attn.k_rope,202.344
decode,18,model.layers.12.self_attn.qk_matmul,450.625
decode,18,model.layers.12.self_attn.mask,197.969
decode,18,model.layers.12.self_attn.softmax,211.25
decode,18,model.layers.12.self_attn.av_matmul,476.094
decode,18,model.layers.12.self_attn.o_proj,443.75
decode,18,model.layers.12.self_attn,5032.5
decode,18,model.layers.12.post_attention_layernorm,204.062
decode,18,model.layers.12.mlp.gate_proj,1022.66
decode,18,model.layers.12.mlp.act,205.729
decode,18,model.layers.12.mlp.up_proj,971.094
decode,18,model.layers.12.mlp.down_proj,927.604
decode,18,model.layers.12.mlp,3180.52
decode,18,model.layers.12,8882.08
decode,18,model.layers.13.input_layernorm,202.031
decode,18,model.layers.13.self_attn.q_proj,520.469
decode,18,model.layers.13.self_attn.k_proj,322.343
decode,18,model.layers.13.self_attn.v_proj,340.885
decode,18,model.layers.13.self_attn.q_norm,220
decode,18,model.layers.13.self_attn.k_norm,195.208
decode,18,model.layers.13.self_attn.q_rope,205.729
decode,18,model.layers.13.self_attn.k_rope,197.343
decode,18,model.layers.13.self_attn.qk_matmul,448.125
decode,18,model.layers.13.self_attn.mask,210.364
decode,18,model.layers.13.self_attn.softmax,94.843
decode,18,model.layers.13.self_attn.av_matmul,517.968
decode,18,model.layers.13.self_attn.o_proj,467.656
decode,18,model.layers.13.self_attn,5167.6
decode,18,model.layers.13.post_attention_layernorm,197.188
decode,18,model.layers.13.mlp.gate_proj,960.208
decode,18,model.layers.13.mlp.act,190.99
decode,18,model.layers.13.mlp.up_proj,963.854
decode,18,model.layers.13.mlp.down_proj,990.469
decode,18,model.layers.13.mlp,3147.76
decode,18,model.layers.13,9020.68
decode,18,model.layers.14.input_layernorm,224.323
decode,18,model.layers.14.self_attn.q_proj,486.979
decode,18,model.layers.14.self_attn.k_proj,370.156
decode,18,model.layers.14.self_attn.v_proj,349.687
decode,18,model.layers.14.self_attn.q_norm,196.875
decode,18,model.layers.14.self_attn.k_norm,184.219
decode,18,model.layers.14.self_attn.q_rope,179.843
decode,18,model.layers.14.self_attn.k_rope,111.51
decode,18,model.layers.14.self_attn.qk_matmul,460.73
decode,18,model.layers.14.self_attn.mask,165.208
decode,18,model.layers.14.self_attn.softmax,182.917
decode,18,model.layers.14.self_attn.av_matmul,470.312
decode,18,model.layers.14.self_attn.o_proj,432.396
decode,18,model.layers.14.self_attn,4854.01
decode,18,model.layers.14.post_attention_layernorm,173.906
decode,18,model.layers.14.mlp.gate_proj,937.656
decode,18,model.layers.14.mlp.act,185.156
decode,18,model.layers.14.mlp.up_proj,938.646
decode,18,model.layers.14.mlp.down_proj,937.343
decode,18,model.layers.14.mlp,3037.81
decode,18,model.layers.14,8536.41
decode,18,model.layers.15.input_layernorm,189.948
decode,18,model.layers.15.self_attn.q_proj,455.834
decode,18,model.layers.15.self_attn.k_proj,328.125
decode,18,model.layers.15.self_attn.v_proj,330.052
decode,18,model.layers.15.self_attn.q_norm,195.208
decode,18,model.layers.15.self_attn.k_norm,172.031
decode,18,model.layers.15.self_attn.q_rope,200.521
decode,18,model.layers.15.self_attn.k_rope,186.094
decode,18,model.layers.15.self_attn.qk_matmul,454.219
decode,18,model.layers.15.self_attn.mask,174.687
decode,18,model.layers.15.self_attn.softmax,182.292
decode,18,model.layers.15.self_attn.av_matmul,473.646
decode,18,model.layers.15.self_attn.o_proj,443.854
decode,18,model.layers.15.self_attn,4762.19
decode,18,model.layers.15.post_attention_layernorm,221.77
decode,18,model.layers.15.mlp.gate_proj,954.584
decode,18,model.layers.15.mlp.act,175.208
decode,18,model.layers.15.mlp.up_proj,990.156
decode,18,model.layers.15.mlp.down_proj,943.021
decode,18,model.layers.15.mlp,3116.41
decode,18,model.layers.15,8593.18
decode,18,model.layers.16.input_layernorm,230.625
decode,18,model.layers.16.self_attn.q_proj,497.136
decode,18,model.layers.16.self_attn.k_proj,362.708
decode,18,model.layers.16.self_attn.v_proj,355.052
decode,18,model.layers.16.self_attn.q_norm,101.094
decode,18,model.layers.16.self_attn.k_norm,201.875
decode,18,model.layers.16.self_attn.q_rope,164.375
decode,18,model.layers.16.self_attn.k_rope,185.156
decode,18,model.layers.16.self_attn.qk_matmul,434.375
decode,18,model.layers.16.self_attn.mask,186.459
decode,18,model.layers.16.self_attn.softmax,189.531
decode,18,model.layers.16.self_attn.av_matmul,471.25
decode,18,model.layers.16.self_attn.o_proj,467.605
decode,18,model.layers.16.self_attn,4896.04
decode,18,model.layers.16.post_attention_layernorm,195.781
decode,18,model.layers.16.mlp.gate_proj,970.469
decode,18,model.layers.16.mlp.act,202.969
decode,18,model.layers.16.mlp.up_proj,959.531
decode,18,model.layers.16.mlp.down_proj,935.364
decode,18,model.layers.16.mlp,3104.53
decode,18,model.layers.16,8686.04
decode,18,model.layers.17.input_layernorm,184.323
decode,18,model.layers.17.self_attn.q_proj,429.375
decode,18,model.layers.17.self_attn.k_proj,316.198
decode,18,model.layers.17.self_attn.v_proj,315.989
decode,18,model.layers.17.self_attn.q_norm,181.25
decode,18,model.layers.17.self_attn.k_norm,175.573
decode,18,model.layers.17.self_attn.q_rope,174.27
decode,18,model.layers.17.self_attn.k_rope,191.302
decode,18,model.layers.17.self_attn.qk_matmul,440.468
decode,18,model.layers.17.self_attn.mask,171.302
decode,18,model.layers.17.self_attn.softmax,187.344
decode,18,model.layers.17.self_attn.av_matmul,458.125
decode,18,model.layers.17.self_attn.o_proj,443.593
decode,18,model.layers.17.self_attn,4693.28
decode,18,model.layers.17.post_attention_layernorm,208.802
decode,18,model.layers.17.mlp.gate_proj,1003.7
decode,18,model.layers.17.mlp.act,152.032
decode,18,model.layers.17.mlp.up_proj,997.917
decode,18,model.layers.17.mlp.down_proj,958.646
decode,18,model.layers.17.mlp,3173.44
decode,18,model.layers.17,8435.52
decode,18,model.layers.18.input_layernorm,206.563
decode,18,model.layers.18.self_attn.q_proj,450
decode,18,model.layers.18.self_attn.k_proj,320.52
decode,18,model.layers.18.self_attn.v_proj,337.5
decode,18,model.layers.18.self_attn.q_norm,203.438
decode,18,model.layers.18.self_attn.k_norm,190.521
decode,18,model.layers.18.self_attn.q_rope,197.552
decode,18,model.layers.18.self_attn.k_rope,224.791
decode,18,model.layers.18.self_attn.qk_matmul,438.958
decode,18,model.layers.18.self_attn.mask,175.625
decode,18,model.layers.18.self_attn.softmax,196.093
decode,18,model.layers.18.self_attn.av_matmul,481.927
decode,18,model.layers.18.self_attn.o_proj,451.667
decode,18,model.layers.18.self_attn,4871.98
decode,18,model.layers.18.post_attention_layernorm,225.521
decode,18,model.layers.18.mlp.gate_proj,960.781
decode,18,model.layers.18.mlp.act,192.813
decode,18,model.layers.18.mlp.up_proj,963.75
decode,18,model.layers.18.mlp.down_proj,925.782
decode,18,model.layers.18.mlp,3079.48
decode,18,model.layers.18,8636.88
decode,18,model.layers.19.input_layernorm,203.333
decode,18,model.layers.19.self_attn.q_proj,432.136
decode,18,model.layers.19.self_attn.k_proj,322.813
decode,18,model.layers.19.self_attn.v_proj,316.042
decode,18,model.layers.19.self_attn.q_norm,202.083
decode,18,model.layers.19.self_attn.k_norm,187.187
decode,18,model.layers.19.self_attn.q_rope,199.843
decode,18,model.layers.19.self_attn.k_rope,193.906
decode,18,model.layers.19.self_attn.qk_matmul,430.573
decode,18,model.layers.19.self_attn.mask,164.844
decode,18,model.layers.19.self_attn.softmax,189.844
decode,18,model.layers.19.self_attn.av_matmul,501.979
decode,18,model.layers.19.self_attn.o_proj,486.875
decode,18,model.layers.19.self_attn,4953.07
decode,18,model.layers.19.post_attention_layernorm,252.864
decode,18,model.layers.19.mlp.gate_proj,1008.91
decode,18,model.layers.19.mlp.act,118.906
decode,18,model.layers.19.mlp.up_proj,997.969
decode,18,model.layers.19.mlp.down_proj,986.771
decode,18,model.layers.19.mlp,3175.31
decode,18,model.layers.19,8785.31
decode,18,model.layers.20.input_layernorm,267.136
decode,18,model.layers.20.self_attn.q_proj,488.75
decode,18,model.layers.20.self_attn.k_proj,351.562
decode,18,model.layers.20.self_attn.v_proj,370.156
decode,18,model.layers.20.self_attn.q_norm,141.458
decode,18,model.layers.20.self_attn.k_norm,133.125
decode,18,model.layers.20.self_attn.q_rope,232.552
decode,18,model.layers.20.self_attn.k_rope,116.771
decode,18,model.layers.20.self_attn.qk_matmul,439.219
decode,18,model.layers.20.self_attn.mask,200.833
decode,18,model.layers.20.self_attn.softmax,193.698
decode,18,model.layers.20.self_attn.av_matmul,464.948
decode,18,model.layers.20.self_attn.o_proj,446.875
decode,18,model.layers.20.self_attn,5103.44
decode,18,model.layers.20.post_attention_layernorm,206.875
decode,18,model.layers.20.mlp.gate_proj,963.437
decode,18,model.layers.20.mlp.act,131.25
decode,18,model.layers.20.mlp.up_proj,959.271
decode,18,model.layers.20.mlp.down_proj,920.937
decode,18,model.layers.20.mlp,3015.52
decode,18,model.layers.20,8844.17
decode,18,model.layers.21.input_layernorm,196.406
decode,18,model.layers.21.self_attn.q_proj,444.115
decode,18,model.layers.21.self_attn.k_proj,327.656
decode,18,model.layers.21.self_attn.v_proj,311.406
decode,18,model.layers.21.self_attn.q_norm,78.646
decode,18,model.layers.21.self_attn.k_norm,140.208
decode,18,model.layers.21.self_attn.q_rope,193.281
decode,18,model.layers.21.self_attn.k_rope,182.448
decode,18,model.layers.21.self_attn.qk_matmul,707.969
decode,18,model.layers.21.self_attn.mask,242.864
decode,18,model.layers.21.self_attn.softmax,227.188
decode,18,model.layers.21.self_attn.av_matmul,515.781
decode,18,model.layers.21.self_attn.o_proj,496.719
decode,18,model.layers.21.self_attn,5246.77
decode,18,model.layers.21.post_attention_layernorm,249.531
decode,18,model.layers.21.mlp.gate_proj,982.5
decode,18,model.layers.21.mlp.act,210.729
decode,18,model.layers.21.mlp.up_proj,996.562
decode,18,model.layers.21.mlp.down_proj,958.646
decode,18,model.layers.21.mlp,3202.71
decode,18,model.layers.21,9133.85
decode,18,model.layers.22.input_layernorm,242.188
decode,18,model.layers.22.self_attn.q_proj,472.865
decode,18,model.layers.22.self_attn.k_proj,389.687
decode,18,model.layers.22.self_attn.v_proj,338.75
decode,18,model.layers.22.self_attn.q_norm,219.531
decode,18,model.layers.22.self_attn.k_norm,253.386
decode,18,model.layers.22.self_attn.q_rope,200.104
decode,18,model.layers.22.self_attn.k_rope,209.062
decode,18,model.layers.22.self_attn.qk_matmul,486.875
decode,18,model.layers.22.self_attn.mask,223.281
decode,18,model.layers.22.self_attn.softmax,230.625
decode,18,model.layers.22.self_attn.av_matmul,533.75
decode,18,model.layers.22.self_attn.o_proj,459.531
decode,18,model.layers.22.self_attn,5780.94
decode,18,model.layers.22.post_attention_layernorm,111.667
decode,18,model.layers.22.mlp.gate_proj,1020
decode,18,model.layers.22.mlp.act,218.23
decode,18,model.layers.22.mlp.up_proj,998.333
decode,18,model.layers.22.mlp.down_proj,959.219
decode,18,model.layers.22.mlp,3252.14
decode,18,model.layers.22,9794.79
decode,18,model.layers.23.input_layernorm,281.042
decode,18,model.layers.23.self_attn.q_proj,553.281
decode,18,model.layers.23.self_attn.k_proj,414.167
decode,18,model.layers.23.self_attn.v_proj,413.594
decode,18,model.layers.23.self_attn.q_norm,280.156
decode,18,model.layers.23.self_attn.k_norm,164.427
decode,18,model.layers.23.self_attn.q_rope,294.583
decode,18,model.layers.23.self_attn.k_rope,152.344
decode,18,model.layers.23.self_attn.qk_matmul,722.813
decode,18,model.layers.23.self_attn.mask,276.458
decode,18,model.layers.23.self_attn.softmax,251.406
decode,18,model.layers.23.self_attn.av_matmul,551.615
decode,18,model.layers.23.self_attn.o_proj,491.459
decode,18,model.layers.23.self_attn,7140.31
decode,18,model.layers.23.post_attention_layernorm,129.635
decode,18,model.layers.23.mlp.gate_proj,1054.38
decode,18,model.layers.23.mlp.act,173.906
decode,18,model.layers.23.mlp.up_proj,1047.19
decode,18,model.layers.23.mlp.down_proj,1008.7
decode,18,model.layers.23.mlp,3356.25
decode,18,model.layers.23,11210.5
decode,18,model.layers.24.input_layernorm,171.25
decode,18,model.layers.24.self_attn.q_proj,530.469
decode,18,model.layers.24.self_attn.k_proj,416.25
decode,18,model.layers.24.self_attn.v_proj,398.281
decode,18,model.layers.24.self_attn.q_norm,149.583
decode,18,model.layers.24.self_attn.k_norm,118.906
decode,18,model.layers.24.self_attn.q_rope,196.979
decode,18,model.layers.24.self_attn.k_rope,184.271
decode,18,model.layers.24.self_attn.qk_matmul,457.187
decode,18,model.layers.24.self_attn.mask,188.125
decode,18,model.layers.24.self_attn.softmax,194.791
decode,18,model.layers.24.self_attn.av_matmul,581.041
decode,18,model.layers.24.self_attn.o_proj,733.907
decode,18,model.layers.24.self_attn,5613.44
decode,18,model.layers.24.post_attention_layernorm,293.645
decode,18,model.layers.24.mlp.gate_proj,1040.99
decode,18,model.layers.24.mlp.act,171.511
decode,18,model.layers.24.mlp.up_proj,1028.54
decode,18,model.layers.24.mlp.down_proj,1025.31
decode,18,model.layers.24.mlp,3348.12
decode,18,model.layers.24,9715.68
decode,18,model.layers.25.input_layernorm,256.302
decode,18,model.layers.25.self_attn.q_proj,553.593
decode,18,model.layers.25.self_attn.k_proj,427.135
decode,18,model.layers.25.self_attn.v_proj,405.156
decode,18,model.layers.25.self_attn.q_norm,279.271
decode,18,model.layers.25.self_attn.k_norm,296.875
decode,18,model.layers.25.self_attn.q_rope,578.333
decode,18,model.layers.25.self_attn.k_rope,554.062
decode,18,model.layers.25.self_attn.qk_matmul,539.375
decode,18,model.layers.25.self_attn.mask,526.875
decode,18,model.layers.25.self_attn.softmax,251.094
decode,18,model.layers.25.self_attn.av_matmul,577.343
decode,18,model.layers.25.self_attn.o_proj,552.604
decode,18,model.layers.25.self_attn,7973.91
decode,18,model.layers.25.post_attention_layernorm,523.645
decode,18,model.layers.25.mlp.gate_proj,1050.26
decode,18,model.layers.25.mlp.act,207.343
decode,18,model.layers.25.mlp.up_proj,1067.19
decode,18,model.layers.25.mlp.down_proj,941.198
decode,18,model.layers.25.mlp,3315.05
decode,18,model.layers.25,12391.1
decode,18,model.layers.26.input_layernorm,199.531
decode,18,model.layers.26.self_attn.q_proj,435.417
decode,18,model.layers.26.self_attn.k_proj,326.406
decode,18,model.layers.26.self_attn.v_proj,337.344
decode,18,model.layers.26.self_attn.q_norm,210.938
decode,18,model.layers.26.self_attn.k_norm,210.209
decode,18,model.layers.26.self_attn.q_rope,185.573
decode,18,model.layers.26.self_attn.k_rope,193.125
decode,18,model.layers.26.self_attn.qk_matmul,457.5
decode,18,model.layers.26.self_attn.mask,207.344
decode,18,model.layers.26.self_attn.softmax,86.823
decode,18,model.layers.26.self_attn.av_matmul,500.885
decode,18,model.layers.26.self_attn.o_proj,467.188
decode,18,model.layers.26.self_attn,5062.55
decode,18,model.layers.26.post_attention_layernorm,223.958
decode,18,model.layers.26.mlp.gate_proj,970.365
decode,18,model.layers.26.mlp.act,227.448
decode,18,model.layers.26.mlp.up_proj,982.813
decode,18,model.layers.26.mlp.down_proj,948.125
decode,18,model.layers.26.mlp,3208.18
decode,18,model.layers.26,8969.38
decode,18,model.layers.27.input_layernorm,124.531
decode,18,model.layers.27.self_attn.q_proj,473.75
decode,18,model.layers.27.self_attn.k_proj,344.687
decode,18,model.layers.27.self_attn.v_proj,321.875
decode,18,model.layers.27.self_attn.q_norm,207.865
decode,18,model.layers.27.self_attn.k_norm,206.667
decode,18,model.layers.27.self_attn.q_rope,206.875
decode,18,model.layers.27.self_attn.k_rope,130.52
decode,18,model.layers.27.self_attn.qk_matmul,472.188
decode,18,model.layers.27.self_attn.mask,199.792
decode,18,model.layers.27.self_attn.softmax,204.375
decode,18,model.layers.27.self_attn.av_matmul,468.906
decode,18,model.layers.27.self_attn.o_proj,461.146
decode,18,model.layers.27.self_attn,5157.71
decode,18,model.layers.27.post_attention_layernorm,265.156
decode,18,model.layers.27.mlp.gate_proj,1015
decode,18,model.layers.27.mlp.act,199.219
decode,18,model.layers.27.mlp.up_proj,1009.43
decode,18,model.layers.27.mlp.down_proj,973.594
decode,18,model.layers.27.mlp,3261.56
decode,18,model.layers.27,8997.03
decode,18,model.norm,246.667
decode,18,model,244952
decode,18,lm_head_out,86301.2
decode,18,model.embed_tokens,5.521
decode,19,model.layers.0.input_layernorm,5078.33
decode,19,model.layers.0.self_attn.q_proj,406.875
decode,19,model.layers.0.self_attn.k_proj,269.896
decode,19,model.layers.0.self_attn.v_proj,277.031
decode,19,model.layers.0.self_attn.q_norm,149.323
decode,19,model.layers.0.self_attn.k_norm,74.531
decode,19,model.layers.0.self_attn.q_rope,148.593
decode,19,model.layers.0.self_attn.k_rope,128.75
decode,19,model.layers.0.self_attn.qk_matmul,417.813
decode,19,model.layers.0.self_attn.mask,139.844
decode,19,model.layers.0.self_attn.softmax,146.719
decode,19,model.layers.0.self_attn.av_matmul,418.906
decode,19,model.layers.0.self_attn.o_proj,425
decode,19,model.layers.0.self_attn,3512.03
decode,19,model.layers.0.post_attention_layernorm,150.313
decode,19,model.layers.0.mlp.gate_proj,881.25
decode,19,model.layers.0.mlp.act,167.344
decode,19,model.layers.0.mlp.up_proj,903.281
decode,19,model.layers.0.mlp.down_proj,833.906
decode,19,model.layers.0.mlp,2805
decode,19,model.layers.0,11726.6
decode,19,model.layers.1.input_layernorm,157.917
decode,19,model.layers.1.self_attn.q_proj,410.625
decode,19,model.layers.1.self_attn.k_proj,288.125
decode,19,model.layers.1.self_attn.v_proj,276.406
decode,19,model.layers.1.self_attn.q_norm,151.198
decode,19,model.layers.1.self_attn.k_norm,147.344
decode,19,model.layers.1.self_attn.q_rope,169.531
decode,19,model.layers.1.self_attn.k_rope,175.625
decode,19,model.layers.1.self_attn.qk_matmul,423.281
decode,19,model.layers.1.self_attn.mask,142.969
decode,19,model.layers.1.self_attn.softmax,150
decode,19,model.layers.1.self_attn.av_matmul,424.532
decode,19,model.layers.1.self_attn.o_proj,421.25
decode,19,model.layers.1.self_attn,3819.48
decode,19,model.layers.1.post_attention_layernorm,146.042
decode,19,model.layers.1.mlp.gate_proj,894.532
decode,19,model.layers.1.mlp.act,151.302
decode,19,model.layers.1.mlp.up_proj,887.084
decode,19,model.layers.1.mlp.down_proj,830.99
decode,19,model.layers.1.mlp,2789.38
decode,19,model.layers.1,7106.25
decode,19,model.layers.2.input_layernorm,152.657
decode,19,model.layers.2.self_attn.q_proj,397.188
decode,19,model.layers.2.self_attn.k_proj,281.146
decode,19,model.layers.2.self_attn.v_proj,277.083
decode,19,model.layers.2.self_attn.q_norm,158.802
decode,19,model.layers.2.self_attn.k_norm,160.208
decode,19,model.layers.2.self_attn.q_rope,158.489
decode,19,model.layers.2.self_attn.k_rope,158.75
decode,19,model.layers.2.self_attn.qk_matmul,420.625
decode,19,model.layers.2.self_attn.mask,76.25
decode,19,model.layers.2.self_attn.softmax,161.094
decode,19,model.layers.2.self_attn.av_matmul,436.823
decode,19,model.layers.2.self_attn.o_proj,408.438
decode,19,model.layers.2.self_attn,3778.8
decode,19,model.layers.2.post_attention_layernorm,173.282
decode,19,model.layers.2.mlp.gate_proj,905.885
decode,19,model.layers.2.mlp.act,147.187
decode,19,model.layers.2.mlp.up_proj,903.542
decode,19,model.layers.2.mlp.down_proj,851.25
decode,19,model.layers.2.mlp,2827.34
decode,19,model.layers.2,7124.01
decode,19,model.layers.3.input_layernorm,155.833
decode,19,model.layers.3.self_attn.q_proj,388.906
decode,19,model.layers.3.self_attn.k_proj,303.333
decode,19,model.layers.3.self_attn.v_proj,283.437
decode,19,model.layers.3.self_attn.q_norm,150
decode,19,model.layers.3.self_attn.k_norm,151.823
decode,19,model.layers.3.self_attn.q_rope,149.531
decode,19,model.layers.3.self_attn.k_rope,157.083
decode,19,model.layers.3.self_attn.qk_matmul,412.395
decode,19,model.layers.3.self_attn.mask,159.063
decode,19,model.layers.3.self_attn.softmax,132.187
decode,19,model.layers.3.self_attn.av_matmul,451.145
decode,19,model.layers.3.self_attn.o_proj,402.552
decode,19,model.layers.3.self_attn,3743.02
decode,19,model.layers.3.post_attention_layernorm,158.177
decode,19,model.layers.3.mlp.gate_proj,886.615
decode,19,model.layers.3.mlp.act,153.907
decode,19,model.layers.3.mlp.up_proj,892.031
decode,19,model.layers.3.mlp.down_proj,820.625
decode,19,model.layers.3.mlp,2771.93
decode,19,model.layers.3,7016.41
decode,19,model.layers.4.input_layernorm,146.823
decode,19,model.layers.4.self_attn.q_proj,410.156
decode,19,model.layers.4.self_attn.k_proj,276.511
decode,19,model.layers.4.self_attn.v_proj,264.218
decode,19,model.layers.4.self_attn.q_norm,165.261
decode,19,model.layers.4.self_attn.k_norm,167.135
decode,19,model.layers.4.self_attn.q_rope,175.052
decode,19,model.layers.4.self_attn.k_rope,151.406
decode,19,model.layers.4.self_attn.qk_matmul,393.854
decode,19,model.layers.4.self_attn.mask,165.781
decode,19,model.layers.4.self_attn.softmax,112.5
decode,19,model.layers.4.self_attn.av_matmul,440.625
decode,19,model.layers.4.self_attn.o_proj,382.813
decode,19,model.layers.4.self_attn,3745.89
decode,19,model.layers.4.post_attention_layernorm,157.188
decode,19,model.layers.4.mlp.gate_proj,893.437
decode,19,model.layers.4.mlp.act,173.75
decode,19,model.layers.4.mlp.up_proj,910.625
decode,19,model.layers.4.mlp.down_proj,835.26
decode,19,model.layers.4.mlp,2842.97
decode,19,model.layers.4,7076.93
decode,19,model.layers.5.input_layernorm,172.083
decode,19,model.layers.5.self_attn.q_proj,397.5
decode,19,model.layers.5.self_attn.k_proj,279.271
decode,19,model.layers.5.self_attn.v_proj,303.906
decode,19,model.layers.5.self_attn.q_norm,144.948
decode,19,model.layers.5.self_attn.k_norm,170.364
decode,19,model.layers.5.self_attn.q_rope,166.562
decode,19,model.layers.5.self_attn.k_rope,172.031
decode,19,model.layers.5.self_attn.qk_matmul,429.01
decode,19,model.layers.5.self_attn.mask,142.813
decode,19,model.layers.5.self_attn.softmax,158.855
decode,19,model.layers.5.self_attn.av_matmul,424.531
decode,19,model.layers.5.self_attn.o_proj,428.281
decode,19,model.layers.5.self_attn,3948.65
decode,19,model.layers.5.post_attention_layernorm,160.573
decode,19,model.layers.5.mlp.gate_proj,910.625
decode,19,model.layers.5.mlp.act,161.614
decode,19,model.layers.5.mlp.up_proj,899.531
decode,19,model.layers.5.mlp.down_proj,837.656
decode,19,model.layers.5.mlp,2838.91
decode,19,model.layers.5,7310.42
decode,19,model.layers.6.input_layernorm,157.969
decode,19,model.layers.6.self_attn.q_proj,406.562
decode,19,model.layers.6.self_attn.k_proj,282.5
decode,19,model.layers.6.self_attn.v_proj,283.593
decode,19,model.layers.6.self_attn.q_norm,152.604
decode,19,model.layers.6.self_attn.k_norm,152.552
decode,19,model.layers.6.self_attn.q_rope,184.688
decode,19,model.layers.6.self_attn.k_rope,158.281
decode,19,model.layers.6.self_attn.qk_matmul,413.282
decode,19,model.layers.6.self_attn.mask,159.688
decode,19,model.layers.6.self_attn.softmax,157.5
decode,19,model.layers.6.self_attn.av_matmul,445.989
decode,19,model.layers.6.self_attn.o_proj,419.531
decode,19,model.layers.6.self_attn,4040.31
decode,19,model.layers.6.post_attention_layernorm,170.156
decode,19,model.layers.6.mlp.gate_proj,894.74
decode,19,model.layers.6.mlp.act,152.813
decode,19,model.layers.6.mlp.up_proj,916.927
decode,19,model.layers.6.mlp.down_proj,848.229
decode,19,model.layers.6.mlp,2864.64
decode,19,model.layers.6,7426.35
decode,19,model.layers.7.input_layernorm,163.282
decode,19,model.layers.7.self_attn.q_proj,404.011
decode,19,model.layers.7.self_attn.k_proj,303.125
decode,19,model.layers.7.self_attn.v_proj,291.927
decode,19,model.layers.7.self_attn.q_norm,161.354
decode,19,model.layers.7.self_attn.k_norm,154.792
decode,19,model.layers.7.self_attn.q_rope,176.511
decode,19,model.layers.7.self_attn.k_rope,172.083
decode,19,model.layers.7.self_attn.qk_matmul,426.563
decode,19,model.layers.7.self_attn.mask,167.813
decode,19,model.layers.7.self_attn.softmax,140.937
decode,19,model.layers.7.self_attn.av_matmul,446.042
decode,19,model.layers.7.self_attn.o_proj,418.906
decode,19,model.layers.7.self_attn,4095.42
decode,19,model.layers.7.post_attention_layernorm,167.656
decode,19,model.layers.7.mlp.gate_proj,900.156
decode,19,model.layers.7.mlp.act,157.344
decode,19,model.layers.7.mlp.up_proj,885.781
decode,19,model.layers.7.mlp.down_proj,830
decode,19,model.layers.7.mlp,2794.53
decode,19,model.layers.7,7418.59
decode,19,model.layers.8.input_layernorm,168.281
decode,19,model.layers.8.self_attn.q_proj,401.093
decode,19,model.layers.8.self_attn.k_proj,274.167
decode,19,model.layers.8.self_attn.v_proj,284.531
decode,19,model.layers.8.self_attn.q_norm,162.448
decode,19,model.layers.8.self_attn.k_norm,143.125
decode,19,model.layers.8.self_attn.q_rope,155.573
decode,19,model.layers.8.self_attn.k_rope,149.063
decode,19,model.layers.8.self_attn.qk_matmul,424.739
decode,19,model.layers.8.self_attn.mask,130.938
decode,19,model.layers.8.self_attn.softmax,156.459
decode,19,model.layers.8.self_attn.av_matmul,452.187
decode,19,model.layers.8.self_attn.o_proj,388.125
decode,19,model.layers.8.self_attn,3777.92
decode,19,model.layers.8.post_attention_layernorm,141.25
decode,19,model.layers.8.mlp.gate_proj,879.531
decode,19,model.layers.8.mlp.act,156.718
decode,19,model.layers.8.mlp.up_proj,879.895
decode,19,model.layers.8.mlp.down_proj,822.969
decode,19,model.layers.8.mlp,2768.75
decode,19,model.layers.8,7032.5
decode,19,model.layers.9.input_layernorm,158.594
decode,19,model.layers.9.self_attn.q_proj,397.083
decode,19,model.layers.9.self_attn.k_proj,295.365
decode,19,model.layers.9.self_attn.v_proj,275.729
decode,19,model.layers.9.self_attn.q_norm,158.489
decode,19,model.layers.9.self_attn.k_norm,153.802
decode,19,model.layers.9.self_attn.q_rope,163.49
decode,19,model.layers.9.self_attn.k_rope,177.657
decode,19,model.layers.9.self_attn.qk_matmul,415.937
decode,19,model.layers.9.self_attn.mask,189.219
decode,19,model.layers.9.self_attn.softmax,181.823
decode,19,model.layers.9.self_attn.av_matmul,423.281
decode,19,model.layers.9.self_attn.o_proj,386.407
decode,19,model.layers.9.self_attn,3976.82
decode,19,model.layers.9.post_attention_layernorm,153.907
decode,19,model.layers.9.mlp.gate_proj,904.532
decode,19,model.layers.9.mlp.act,149.427
decode,19,model.layers.9.mlp.up_proj,886.042
decode,19,model.layers.9.mlp.down_proj,837.708
decode,19,model.layers.9.mlp,2797.34
decode,19,model.layers.9,7246.15
decode,19,model.layers.10.input_layernorm,161.771
decode,19,model.layers.10.self_attn.q_proj,402.656
decode,19,model.layers.10.self_attn.k_proj,275.677
decode,19,model.layers.10.self_attn.v_proj,281.25
decode,19,model.layers.10.self_attn.q_norm,129.271
decode,19,model.layers.10.self_attn.k_norm,179.739
decode,19,model.layers.10.self_attn.q_rope,143.959
decode,19,model.layers.10.self_attn.k_rope,139.531
decode,19,model.layers.10.self_attn.qk_matmul,431.406
decode,19,model.layers.10.self_attn.mask,132.761
decode,19,model.layers.10.self_attn.softmax,145
decode,19,model.layers.10.self_attn.av_matmul,449.011
decode,19,model.layers.10.self_attn.o_proj,395.937
decode,19,model.layers.10.self_attn,3770.62
decode,19,model.layers.10.post_attention_layernorm,144.479
decode,19,model.layers.10.mlp.gate_proj,880.677
decode,19,model.layers.10.mlp.act,149.219
decode,19,model.layers.10.mlp.up_proj,877.969
decode,19,model.layers.10.mlp.down_proj,823.489
decode,19,model.layers.10.mlp,2760.94
decode,19,model.layers.10,7016.88
decode,19,model.layers.11.input_layernorm,140.208
decode,19,model.layers.11.self_attn.q_proj,381.718
decode,19,model.layers.11.self_attn.k_proj,256.563
decode,19,model.layers.11.self_attn.v_proj,275.416
decode,19,model.layers.11.self_attn.q_norm,137.708
decode,19,model.layers.11.self_attn.k_norm,131.042
decode,19,model.layers.11.self_attn.q_rope,133.75
decode,19,model.layers.11.self_attn.k_rope,129.323
decode,19,model.layers.11.self_attn.qk_matmul,421.718
decode,19,model.layers.11.self_attn.mask,194.323
decode,19,model.layers.11.self_attn.softmax,147.135
decode,19,model.layers.11.self_attn.av_matmul,468.594
decode,19,model.layers.11.self_attn.o_proj,413.282
decode,19,model.layers.11.self_attn,3963.12
decode,19,model.layers.11.post_attention_layernorm,162.395
decode,19,model.layers.11.mlp.gate_proj,893.125
decode,19,model.layers.11.mlp.act,161.875
decode,19,model.layers.11.mlp.up_proj,913.386
decode,19,model.layers.11.mlp.down_proj,857.031
decode,19,model.layers.11.mlp,2850.57
decode,19,model.layers.11,7327.92
decode,19,model.layers.12.input_layernorm,155.469
decode,19,model.layers.12.self_attn.q_proj,397.239
decode,19,model.layers.12.self_attn.k_proj,275.312
decode,19,model.layers.12.self_attn.v_proj,284.062
decode,19,model.layers.12.self_attn.q_norm,153.594
decode,19,model.layers.12.self_attn.k_norm,144.687
decode,19,model.layers.12.self_attn.q_rope,161.875
decode,19,model.layers.12.self_attn.k_rope,152.448
decode,19,model.layers.12.self_attn.qk_matmul,418.125
decode,19,model.layers.12.self_attn.mask,148.386
decode,19,model.layers.12.self_attn.softmax,163.125
decode,19,model.layers.12.self_attn.av_matmul,439.323
decode,19,model.layers.12.self_attn.o_proj,395.157
decode,19,model.layers.12.self_attn,3821.41
decode,19,model.layers.12.post_attention_layernorm,159.115
decode,19,model.layers.12.mlp.gate_proj,885.938
decode,19,model.layers.12.mlp.act,160.573
decode,19,model.layers.12.mlp.up_proj,901.875
decode,19,model.layers.12.mlp.down_proj,838.177
decode,19,model.layers.12.mlp,2809.64
decode,19,model.layers.12,7133.7
decode,19,model.layers.13.input_layernorm,154.844
decode,19,model.layers.13.self_attn.q_proj,409.688
decode,19,model.layers.13.self_attn.k_proj,286.562
decode,19,model.layers.13.self_attn.v_proj,295.208
decode,19,model.layers.13.self_attn.q_norm,150.625
decode,19,model.layers.13.self_attn.k_norm,161.511
decode,19,model.layers.13.self_attn.q_rope,170.156
decode,19,model.layers.13.self_attn.k_rope,158.906
decode,19,model.layers.13.self_attn.qk_matmul,413.645
decode,19,model.layers.13.self_attn.mask,145.469
decode,19,model.layers.13.self_attn.softmax,159.062
decode,19,model.layers.13.self_attn.av_matmul,497.448
decode,19,model.layers.13.self_attn.o_proj,404.427
decode,19,model.layers.13.self_attn,3959.79
decode,19,model.layers.13.post_attention_layernorm,163.073
decode,19,model.layers.13.mlp.gate_proj,891.823
decode,19,model.layers.13.mlp.act,135.469
decode,19,model.layers.13.mlp.up_proj,896.51
decode,19,model.layers.13.mlp.down_proj,832.032
decode,19,model.layers.13.mlp,2773.44
decode,19,model.layers.13,7234.58
decode,19,model.layers.14.input_layernorm,158.75
decode,19,model.layers.14.self_attn.q_proj,382.5
decode,19,model.layers.14.self_attn.k_proj,279.532
decode,19,model.layers.14.self_attn.v_proj,267.344
decode,19,model.layers.14.self_attn.q_norm,147.604
decode,19,model.layers.14.self_attn.k_norm,159.531
decode,19,model.layers.14.self_attn.q_rope,161.042
decode,19,model.layers.14.self_attn.k_rope,182.24
decode,19,model.layers.14.self_attn.qk_matmul,402.969
decode,19,model.layers.14.self_attn.mask,148.907
decode,19,model.layers.14.self_attn.softmax,164.375
decode,19,model.layers.14.self_attn.av_matmul,437.916
decode,19,model.layers.14.self_attn.o_proj,403.437
decode,19,model.layers.14.self_attn,3858.23
decode,19,model.layers.14.post_attention_layernorm,150.937
decode,19,model.layers.14.mlp.gate_proj,882.657
decode,19,model.layers.14.mlp.act,174.063
decode,19,model.layers.14.mlp.up_proj,893.593
decode,19,model.layers.14.mlp.down_proj,843.594
decode,19,model.layers.14.mlp,2818.96
decode,19,model.layers.14,7185
decode,19,model.layers.15.input_layernorm,176.406
decode,19,model.layers.15.self_attn.q_proj,396.666
decode,19,model.layers.15.self_attn.k_proj,274.063
decode,19,model.layers.15.self_attn.v_proj,266.875
decode,19,model.layers.15.self_attn.q_norm,157.916
decode,19,model.layers.15.self_attn.k_norm,189.687
decode,19,model.layers.15.self_attn.q_rope,150.625
decode,19,model.layers.15.self_attn.k_rope,148.958
decode,19,model.layers.15.self_attn.qk_matmul,425.156
decode,19,model.layers.15.self_attn.mask,149.948
decode,19,model.layers.15.self_attn.softmax,154.687
decode,19,model.layers.15.self_attn.av_matmul,438.854
decode,19,model.layers.15.self_attn.o_proj,393.646
decode,19,model.layers.15.self_attn,3732.97
decode,19,model.layers.15.post_attention_layernorm,147.344
decode,19,model.layers.15.mlp.gate_proj,867.864
decode,19,model.layers.15.mlp.act,166.823
decode,19,model.layers.15.mlp.up_proj,901.458
decode,19,model.layers.15.mlp.down_proj,847.604
decode,19,model.layers.15.mlp,2815.47
decode,19,model.layers.15,7085.21
decode,19,model.layers.16.input_layernorm,157.187
decode,19,model.layers.16.self_attn.q_proj,378.958
decode,19,model.layers.16.self_attn.k_proj,299.218
decode,19,model.layers.16.self_attn.v_proj,287.396
decode,19,model.layers.16.self_attn.q_norm,147.187
decode,19,model.layers.16.self_attn.k_norm,149.791
decode,19,model.layers.16.self_attn.q_rope,149.688
decode,19,model.layers.16.self_attn.k_rope,156.094
decode,19,model.layers.16.self_attn.qk_matmul,418.594
decode,19,model.layers.16.self_attn.mask,169.219
decode,19,model.layers.16.self_attn.softmax,160
decode,19,model.layers.16.self_attn.av_matmul,438.698
decode,19,model.layers.16.self_attn.o_proj,416.563
decode,19,model.layers.16.self_attn,3836.98
decode,19,model.layers.16.post_attention_layernorm,154.115
decode,19,model.layers.16.mlp.gate_proj,886.25
decode,19,model.layers.16.mlp.act,160.573
decode,19,model.layers.16.mlp.up_proj,908.438
decode,19,model.layers.16.mlp.down_proj,832.76
decode,19,model.layers.16.mlp,2810.31
decode,19,model.layers.16,7153.23
decode,19,model.layers.17.input_layernorm,146.458
decode,19,model.layers.17.self_attn.q_proj,389.687
decode,19,model.layers.17.self_attn.k_proj,263.386
decode,19,model.layers.17.self_attn.v_proj,262.031
decode,19,model.layers.17.self_attn.q_norm,160.625
decode,19,model.layers.17.self_attn.k_norm,146.407
decode,19,model.layers.17.self_attn.q_rope,158.125
decode,19,model.layers.17.self_attn.k_rope,145.625
decode,19,model.layers.17.self_attn.qk_matmul,408.125
decode,19,model.layers.17.self_attn.mask,188.698
decode,19,model.layers.17.self_attn.softmax,161.511
decode,19,model.layers.17.self_attn.av_matmul,426.927
decode,19,model.layers.17.self_attn.o_proj,401.927
decode,19,model.layers.17.self_attn,3771.67
decode,19,model.layers.17.post_attention_layernorm,173.802
decode,19,model.layers.17.mlp.gate_proj,883.542
decode,19,model.layers.17.mlp.act,145.313
decode,19,model.layers.17.mlp.up_proj,889.583
decode,19,model.layers.17.mlp.down_proj,931.198
decode,19,model.layers.17.mlp,2868.91
decode,19,model.layers.17,7067.5
decode,19,model.layers.18.input_layernorm,207.292
decode,19,model.layers.18.self_attn.q_proj,388.645
decode,19,model.layers.18.self_attn.k_proj,285.468
decode,19,model.layers.18.self_attn.v_proj,275.313
decode,19,model.layers.18.self_attn.q_norm,159.739
decode,19,model.layers.18.self_attn.k_norm,162.604
decode,19,model.layers.18.self_attn.q_rope,169.843
decode,19,model.layers.18.self_attn.k_rope,158.333
decode,19,model.layers.18.self_attn.qk_matmul,418.282
decode,19,model.layers.18.self_attn.mask,155.416
decode,19,model.layers.18.self_attn.softmax,143.75
decode,19,model.layers.18.self_attn.av_matmul,503.177
decode,19,model.layers.18.self_attn.o_proj,414.896
decode,19,model.layers.18.self_attn,4100.78
decode,19,model.layers.18.post_attention_layernorm,157.292
decode,19,model.layers.18.mlp.gate_proj,891.562
decode,19,model.layers.18.mlp.act,154.844
decode,19,model.layers.18.mlp.up_proj,894.219
decode,19,model.layers.18.mlp.down_proj,825.521
decode,19,model.layers.18.mlp,2792.97
decode,19,model.layers.18,7472.5
decode,19,model.layers.19.input_layernorm,167.812
decode,19,model.layers.19.self_attn.q_proj,421.771
decode,19,model.layers.19.self_attn.k_proj,282.656
decode,19,model.layers.19.self_attn.v_proj,277.657
decode,19,model.layers.19.self_attn.q_norm,155.677
decode,19,model.layers.19.self_attn.k_norm,165.729
decode,19,model.layers.19.self_attn.q_rope,150.312
decode,19,model.layers.19.self_attn.k_rope,167.5
decode,19,model.layers.19.self_attn.qk_matmul,426.771
decode,19,model.layers.19.self_attn.mask,178.698
decode,19,model.layers.19.self_attn.softmax,171.823
decode,19,model.layers.19.self_attn.av_matmul,435.313
decode,19,model.layers.19.self_attn.o_proj,403.75
decode,19,model.layers.19.self_attn,4058.28
decode,19,model.layers.19.post_attention_layernorm,151.146
decode,19,model.layers.19.mlp.gate_proj,898.593
decode,19,model.layers.19.mlp.act,147.969
decode,19,model.layers.19.mlp.up_proj,901.25
decode,19,model.layers.19.mlp.down_proj,833.854
decode,19,model.layers.19.mlp,2811.09
decode,19,model.layers.19,7397.55
decode,19,model.layers.20.input_layernorm,150.781
decode,19,model.layers.20.self_attn.q_proj,393.125
decode,19,model.layers.20.self_attn.k_proj,269.479
decode,19,model.layers.20.self_attn.v_proj,418.125
decode,19,model.layers.20.self_attn.q_norm,202.708
decode,19,model.layers.20.self_attn.k_norm,221.459
decode,19,model.layers.20.self_attn.q_rope,185.781
decode,19,model.layers.20.self_attn.k_rope,177.968
decode,19,model.layers.20.self_attn.qk_matmul,441.771
decode,19,model.layers.20.self_attn.mask,163.125
decode,19,model.layers.20.self_attn.softmax,175.677
decode,19,model.layers.20.self_attn.av_matmul,460.782
decode,19,model.layers.20.self_attn.o_proj,422.709
decode,19,model.layers.20.self_attn,4546.09
decode,19,model.layers.20.post_attention_layernorm,228.438
decode,19,model.layers.20.mlp.gate_proj,933.594
decode,19,model.layers.20.mlp.act,170.469
decode,19,model.layers.20.mlp.up_proj,930.937
decode,19,model.layers.20.mlp.down_proj,892.969
decode,19,model.layers.20.mlp,2959.27
decode,19,model.layers.20,8138.54
decode,19,model.layers.21.input_layernorm,192.656
decode,19,model.layers.21.self_attn.q_proj,424.739
decode,19,model.layers.21.self_attn.k_proj,324.427
decode,19,model.layers.21.self_attn.v_proj,317.656
decode,19,model.layers.21.self_attn.q_norm,170.625
decode,19,model.layers.21.self_attn.k_norm,163.697
decode,19,model.layers.21.self_attn.q_rope,156.719
decode,19,model.layers.21.self_attn.k_rope,172.5
decode,19,model.layers.21.self_attn.qk_matmul,429.843
decode,19,model.layers.21.self_attn.mask,158.75
decode,19,model.layers.21.self_attn.softmax,172.657
decode,19,model.layers.21.self_attn.av_matmul,444.062
decode,19,model.layers.21.self_attn.o_proj,424.428
decode,19,model.layers.21.self_attn,4287.6
decode,19,model.layers.21.post_attention_layernorm,147.656
decode,19,model.layers.21.mlp.gate_proj,930.781
decode,19,model.layers.21.mlp.act,156.042
decode,19,model.layers.21.mlp.up_proj,947.396
decode,19,model.layers.21.mlp.down_proj,904.635
decode,19,model.layers.21.mlp,2965.57
decode,19,model.layers.21,7799.22
decode,19,model.layers.22.input_layernorm,186.354
decode,19,model.layers.22.self_attn.q_proj,420.469
decode,19,model.layers.22.self_attn.k_proj,342.969
decode,19,model.layers.22.self_attn.v_proj,346.198
decode,19,model.layers.22.self_attn.q_norm,194.427
decode,19,model.layers.22.self_attn.k_norm,186.875
decode,19,model.layers.22.self_attn.q_rope,190.938
decode,19,model.layers.22.self_attn.k_rope,213.594
decode,19,model.layers.22.self_attn.qk_matmul,459.792
decode,19,model.layers.22.self_attn.mask,184.687
decode,19,model.layers.22.self_attn.softmax,172.968
decode,19,model.layers.22.self_attn.av_matmul,473.281
decode,19,model.layers.22.self_attn.o_proj,436.146
decode,19,model.layers.22.self_attn,5104.9
decode,19,model.layers.22.post_attention_layernorm,191.407
decode,19,model.layers.22.mlp.gate_proj,962.969
decode,19,model.layers.22.mlp.act,193.021
decode,19,model.layers.22.mlp.up_proj,956.615
decode,19,model.layers.22.mlp.down_proj,895.469
decode,19,model.layers.22.mlp,3047.97
decode,19,model.layers.22,8781.41
decode,19,model.layers.23.input_layernorm,249.896
decode,19,model.layers.23.self_attn.q_proj,419.583
decode,19,model.layers.23.self_attn.k_proj,305
decode,19,model.layers.23.self_attn.v_proj,308.75
decode,19,model.layers.23.self_attn.q_norm,190.521
decode,19,model.layers.23.self_attn.k_norm,175.417
decode,19,model.layers.23.self_attn.q_rope,195.834
decode,19,model.layers.23.self_attn.k_rope,174.583
decode,19,model.layers.23.self_attn.qk_matmul,430.781
decode,19,model.layers.23.self_attn.mask,164.323
decode,19,model.layers.23.self_attn.softmax,183.75
decode,19,model.layers.23.self_attn.av_matmul,481.666
decode,19,model.layers.23.self_attn.o_proj,432.5
decode,19,model.layers.23.self_attn,4632.03
decode,19,model.layers.23.post_attention_layernorm,178.697
decode,19,model.layers.23.mlp.gate_proj,977.032
decode,19,model.layers.23.mlp.act,190.781
decode,19,model.layers.23.mlp.up_proj,938.334
decode,19,model.layers.23.mlp.down_proj,1005.16
decode,19,model.layers.23.mlp,3153.59
decode,19,model.layers.23,8491.82
decode,19,model.layers.24.input_layernorm,175.937
decode,19,model.layers.24.self_attn.q_proj,436.406
decode,19,model.layers.24.self_attn.k_proj,301.354
decode,19,model.layers.24.self_attn.v_proj,312.188
decode,19,model.layers.24.self_attn.q_norm,165
decode,19,model.layers.24.self_attn.k_norm,190
decode,19,model.layers.24.self_attn.q_rope,177.657
decode,19,model.layers.24.self_attn.k_rope,186.25
decode,19,model.layers.24.self_attn.qk_matmul,448.75
decode,19,model.layers.24.self_attn.mask,156.197
decode,19,model.layers.24.self_attn.softmax,149.271
decode,19,model.layers.24.self_attn.av_matmul,459.688
decode,19,model.layers.24.self_attn.o_proj,447.031
decode,19,model.layers.24.self_attn,4435.62
decode,19,model.layers.24.post_attention_layernorm,196.041
decode,19,model.layers.24.mlp.gate_proj,944.375
decode,19,model.layers.24.mlp.act,174.532
decode,19,model.layers.24.mlp.up_proj,950.677
decode,19,model.layers.24.mlp.down_proj,960
decode,19,model.layers.24.mlp,3064.38
decode,19,model.layers.24,8140.83
decode,19,model.layers.25.input_layernorm,138.646
decode,19,model.layers.25.self_attn.q_proj,460.572
decode,19,model.layers.25.self_attn.k_proj,306.979
decode,19,model.layers.25.self_attn.v_proj,306.25
decode,19,model.layers.25.self_attn.q_norm,167.917
decode,19,model.layers.25.self_attn.k_norm,183.906
decode,19,model.layers.25.self_attn.q_rope,186.041
decode,19,model.layers.25.self_attn.k_rope,173.75
decode,19,model.layers.25.self_attn.qk_matmul,436.875
decode,19,model.layers.25.self_attn.mask,176.927
decode,19,model.layers.25.self_attn.softmax,161.823
decode,19,model.layers.25.self_attn.av_matmul,462.448
decode,19,model.layers.25.self_attn.o_proj,428.75
decode,19,model.layers.25.self_attn,4445.21
decode,19,model.layers.25.post_attention_layernorm,165.469
decode,19,model.layers.25.mlp.gate_proj,929.584
decode,19,model.layers.25.mlp.act,170.938
decode,19,model.layers.25.mlp.up_proj,935.469
decode,19,model.layers.25.mlp.down_proj,977.812
decode,19,model.layers.25.mlp,3050.42
decode,19,model.layers.25,8090.16
decode,19,model.layers.26.input_layernorm,187.552
decode,19,model.layers.26.self_attn.q_proj,447.656
decode,19,model.layers.26.self_attn.k_proj,315.625
decode,19,model.layers.26.self_attn.v_proj,328.698
decode,19,model.layers.26.self_attn.q_norm,175.834
decode,19,model.layers.26.self_attn.k_norm,190.938
decode,19,model.layers.26.self_attn.q_rope,190
decode,19,model.layers.26.self_attn.k_rope,190.157
decode,19,model.layers.26.self_attn.qk_matmul,430.885
decode,19,model.layers.26.self_attn.mask,175.729
decode,19,model.layers.26.self_attn.softmax,181.875
decode,19,model.layers.26.self_attn.av_matmul,459.479
decode,19,model.layers.26.self_attn.o_proj,438.75
decode,19,model.layers.26.self_attn,4705.16
decode,19,model.layers.26.post_attention_layernorm,191.094
decode,19,model.layers.26.mlp.gate_proj,950.937
decode,19,model.layers.26.mlp.act,162.813
decode,19,model.layers.26.mlp.up_proj,936.25
decode,19,model.layers.26.mlp.down_proj,913.282
decode,19,model.layers.26.mlp,3002.81
decode,19,model.layers.26,8316.67
decode,19,model.layers.27.input_layernorm,173.281
decode,19,model.layers.27.self_attn.q_proj,448.385
decode,19,model.layers.27.self_attn.k_proj,314.844
decode,19,model.layers.27.self_attn.v_proj,289.167
decode,19,model.layers.27.self_attn.q_norm,168.281
decode,19,model.layers.27.self_attn.k_norm,204.063
decode,19,model.layers.27.self_attn.q_rope,268.958
decode,19,model.layers.27.self_attn.k_rope,171.719
decode,19,model.layers.27.self_attn.qk_matmul,428.646
decode,19,model.layers.27.self_attn.mask,173.437
decode,19,model.layers.27.self_attn.softmax,190.781
decode,19,model.layers.27.self_attn.av_matmul,445.417
decode,19,model.layers.27.self_attn.o_proj,427.5
decode,19,model.layers.27.self_attn,4519.43
decode,19,model.layers.27.post_attention_layernorm,179.791
decode,19,model.layers.27.mlp.gate_proj,948.697
decode,19,model.layers.27.mlp.act,166.615
decode,19,model.layers.27.mlp.up_proj,971.458
decode,19,model.layers.27.mlp.down_proj,959.688
decode,19,model.layers.27.mlp,3160.31
decode,19,model.layers.27,8332.6
decode,19,model.norm,237.864
decode,19,model,215170
decode,19,lm_head_out,77835.5
decode,19,model.embed_tokens,6.25
decode,20,model.layers.0.input_layernorm,366.51
decode,20,model.layers.0.self_attn.q_proj,664.375
decode,20,model.layers.0.self_attn.k_proj,699.948
decode,20,model.layers.0.self_attn.v_proj,533.906
decode,20,model.layers.0.self_attn.q_norm,155.833
decode,20,model.layers.0.self_attn.k_norm,148.75
decode,20,model.layers.0.self_attn.q_rope,151.666
decode,20,model.layers.0.self_attn.k_rope,153.594
decode,20,model.layers.0.self_attn.qk_matmul,410.677
decode,20,model.layers.0.self_attn.mask,153.438
decode,20,model.layers.0.self_attn.softmax,164.792
decode,20,model.layers.0.self_attn.av_matmul,427.292
decode,20,model.layers.0.self_attn.o_proj,410.156
decode,20,model.layers.0.self_attn,4726.35
decode,20,model.layers.0.post_attention_layernorm,164.688
decode,20,model.layers.0.mlp.gate_proj,908.593
decode,20,model.layers.0.mlp.act,146.458
decode,20,model.layers.0.mlp.up_proj,904.375
decode,20,model.layers.0.mlp.down_proj,900.938
decode,20,model.layers.0.mlp,2879.69
decode,20,model.layers.0,8309.38
decode,20,model.layers.1.input_layernorm,177.865
decode,20,model.layers.1.self_attn.q_proj,399.166
decode,20,model.layers.1.self_attn.k_proj,264.947
decode,20,model.layers.1.self_attn.v_proj,279.219
decode,20,model.layers.1.self_attn.q_norm,164.583
decode,20,model.layers.1.self_attn.k_norm,148.593
decode,20,model.layers.1.self_attn.q_rope,137.031
decode,20,model.layers.1.self_attn.k_rope,143.594
decode,20,model.layers.1.self_attn.qk_matmul,409.323
decode,20,model.layers.1.self_attn.mask,154.062
decode,20,model.layers.1.self_attn.softmax,153.437
decode,20,model.layers.1.self_attn.av_matmul,426.563
decode,20,model.layers.1.self_attn.o_proj,405.782
decode,20,model.layers.1.self_attn,3684.84
decode,20,model.layers.1.post_attention_layernorm,146.823
decode,20,model.layers.1.mlp.gate_proj,933.907
decode,20,model.layers.1.mlp.act,126.875
decode,20,model.layers.1.mlp.up_proj,907.083
decode,20,model.layers.1.mlp.down_proj,893.177
decode,20,model.layers.1.mlp,2880.73
decode,20,model.layers.1,7090.73
decode,20,model.layers.2.input_layernorm,152.344
decode,20,model.layers.2.self_attn.q_proj,402.76
decode,20,model.layers.2.self_attn.k_proj,308.125
decode,20,model.layers.2.self_attn.v_proj,291.719
decode,20,model.layers.2.self_attn.q_norm,162.76
decode,20,model.layers.2.self_attn.k_norm,151.771
decode,20,model.layers.2.self_attn.q_rope,159.532
decode,20,model.layers.2.self_attn.k_rope,153.907
decode,20,model.layers.2.self_attn.qk_matmul,419.167
decode,20,model.layers.2.self_attn.mask,148.698
decode,20,model.layers.2.self_attn.softmax,148.697
decode,20,model.layers.2.self_attn.av_matmul,442.604
decode,20,model.layers.2.self_attn.o_proj,401.406
decode,20,model.layers.2.self_attn,3988.44
decode,20,model.layers.2.post_attention_layernorm,152.291
decode,20,model.layers.2.mlp.gate_proj,949.011
decode,20,model.layers.2.mlp.act,160.833
decode,20,model.layers.2.mlp.up_proj,936.718
decode,20,model.layers.2.mlp.down_proj,895.052
decode,20,model.layers.2.mlp,2968.8
decode,20,model.layers.2,7469.38
decode,20,model.layers.3.input_layernorm,158.75
decode,20,model.layers.3.self_attn.q_proj,400.625
decode,20,model.layers.3.self_attn.k_proj,283.594
decode,20,model.layers.3.self_attn.v_proj,310.156
decode,20,model.layers.3.self_attn.q_norm,163.594
decode,20,model.layers.3.self_attn.k_norm,164.791
decode,20,model.layers.3.self_attn.q_rope,164.063
decode,20,model.layers.3.self_attn.k_rope,151.51
decode,20,model.layers.3.self_attn.qk_matmul,427.656
decode,20,model.layers.3.self_attn.mask,164.063
decode,20,model.layers.3.self_attn.softmax,154.948
decode,20,model.layers.3.self_attn.av_matmul,450.937
decode,20,model.layers.3.self_attn.o_proj,430.625
decode,20,model.layers.3.self_attn,4043.02
decode,20,model.layers.3.post_attention_layernorm,159.063
decode,20,model.layers.3.mlp.gate_proj,899.219
decode,20,model.layers.3.mlp.act,160.052
decode,20,model.layers.3.mlp.up_proj,928.958
decode,20,model.layers.3.mlp.down_proj,907.031
decode,20,model.layers.3.mlp,2921.25
decode,20,model.layers.3,7499.84
decode,20,model.layers.4.input_layernorm,154.271
decode,20,model.layers.4.self_attn.q_proj,401.51
decode,20,model.layers.4.self_attn.k_proj,278.49
decode,20,model.layers.4.self_attn.v_proj,277.187
decode,20,model.layers.4.self_attn.q_norm,171.25
decode,20,model.layers.4.self_attn.k_norm,173.594
decode,20,model.layers.4.self_attn.q_rope,146.563
decode,20,model.layers.4.self_attn.k_rope,196.146
decode,20,model.layers.4.self_attn.qk_matmul,431.563
decode,20,model.layers.4.self_attn.mask,189.063
decode,20,model.layers.4.self_attn.softmax,210.573
decode,20,model.layers.4.self_attn.av_matmul,449.688
decode,20,model.layers.4.self_attn.o_proj,419.218
decode,20,model.layers.4.self_attn,4390.16
decode,20,model.layers.4.post_attention_layernorm,171.615
decode,20,model.layers.4.mlp.gate_proj,933.073
decode,20,model.layers.4.mlp.act,158.646
decode,20,model.layers.4.mlp.up_proj,947.552
decode,20,model.layers.4.mlp.down_proj,928.49
decode,20,model.layers.4.mlp,2994.64
decode,20,model.layers.4,7914.06
decode,20,model.layers.5.input_layernorm,159.219
decode,20,model.layers.5.self_attn.q_proj,412.24
decode,20,model.layers.5.self_attn.k_proj,327.396
decode,20,model.layers.5.self_attn.v_proj,285.782
decode,20,model.layers.5.self_attn.q_norm,178.489
decode,20,model.layers.5.self_attn.k_norm,161.719
decode,20,model.layers.5.self_attn.q_rope,168.593
decode,20,model.layers.5.self_attn.k_rope,180.573
decode,20,model.layers.5.self_attn.qk_matmul,422.76
decode,20,model.layers.5.self_attn.mask,170.156
decode,20,model.layers.5.self_attn.softmax,169.218
decode,20,model.layers.5.self_attn.av_matmul,443.803
decode,20,model.layers.5.self_attn.o_proj,422.187
decode,20,model.layers.5.self_attn,4162.97
decode,20,model.layers.5.post_attention_layernorm,185.469
decode,20,model.layers.5.mlp.gate_proj,927.76
decode,20,model.layers.5.mlp.act,145.677
decode,20,model.layers.5.mlp.up_proj,938.646
decode,20,model.layers.5.mlp.down_proj,894.531
decode,20,model.layers.5.mlp,2931.56
decode,20,model.layers.5,7621.77
decode,20,model.layers.6.input_layernorm,149.687
decode,20,model.layers.6.self_attn.q_proj,419.479
decode,20,model.layers.6.self_attn.k_proj,277.604
decode,20,model.layers.6.self_attn.v_proj,262.5
decode,20,model.layers.6.self_attn.q_norm,168.907
decode,20,model.layers.6.self_attn.k_norm,149.219
decode,20,model.layers.6.self_attn.q_rope,164.167
decode,20,model.layers.6.self_attn.k_rope,144.062
decode,20,model.layers.6.self_attn.qk_matmul,451.458
decode,20,model.layers.6.self_attn.mask,168.125
decode,20,model.layers.6.self_attn.softmax,167.292
decode,20,model.layers.6.self_attn.av_matmul,444.167
decode,20,model.layers.6.self_attn.o_proj,410.99
decode,20,model.layers.6.self_attn,4128.8
decode,20,model.layers.6.post_attention_layernorm,152.031
decode,20,model.layers.6.mlp.gate_proj,935.26
decode,20,model.layers.6.mlp.act,220.312
decode,20,model.layers.6.mlp.up_proj,936.094
decode,20,model.layers.6.mlp.down_proj,898.594
decode,20,model.layers.6.mlp,3021.88
decode,20,model.layers.6,7663.49
decode,20,model.layers.7.input_layernorm,176.875
decode,20,model.layers.7.self_attn.q_proj,427.187
decode,20,model.layers.7.self_attn.k_proj,296.822
decode,20,model.layers.7.self_attn.v_proj,306.25
decode,20,model.layers.7.self_attn.q_norm,152.187
decode,20,model.layers.7.self_attn.k_norm,170.625
decode,20,model.layers.7.self_attn.q_rope,164.375
decode,20,model.layers.7.self_attn.k_rope,153.697
decode,20,model.layers.7.self_attn.qk_matmul,425.833
decode,20,model.layers.7.self_attn.mask,157.709
decode,20,model.layers.7.self_attn.softmax,154.063
decode,20,model.layers.7.self_attn.av_matmul,432.344
decode,20,model.layers.7.self_attn.o_proj,415.99
decode,20,model.layers.7.self_attn,4084.01
decode,20,model.layers.7.post_attention_layernorm,153.542
decode,20,model.layers.7.mlp.gate_proj,937.657
decode,20,model.layers.7.mlp.act,170.677
decode,20,model.layers.7.mlp.up_proj,943.646
decode,20,model.layers.7.mlp.down_proj,909.896
decode,20,model.layers.7.mlp,2988.54
decode,20,model.layers.7,7604.53
decode,20,model.layers.8.input_layernorm,160.156
decode,20,model.layers.8.self_attn.q_proj,427.916
decode,20,model.layers.8.self_attn.k_proj,290
decode,20,model.layers.8.self_attn.v_proj,302.344
decode,20,model.layers.8.self_attn.q_norm,133.854
decode,20,model.layers.8.self_attn.k_norm,161.458
decode,20,model.layers.8.self_attn.q_rope,185.157
decode,20,model.layers.8.self_attn.k_rope,163.854
decode,20,model.layers.8.self_attn.qk_matmul,463.594
decode,20,model.layers.8.self_attn.mask,164.427
decode,20,model.layers.8.self_attn.softmax,136.718
decode,20,model.layers.8.self_attn.av_matmul,437.24
decode,20,model.layers.8.self_attn.o_proj,424.739
decode,20,model.layers.8.self_attn,4113.91
decode,20,model.layers.8.post_attention_layernorm,174.427
decode,20,model.layers.8.mlp.gate_proj,925.157
decode,20,model.layers.8.mlp.act,147.187
decode,20,model.layers.8.mlp.up_proj,933.541
decode,20,model.layers.8.mlp.down_proj,903.75
decode,20,model.layers.8.mlp,2940.62
decode,20,model.layers.8,7592.03
decode,20,model.layers.9.input_layernorm,153.541
decode,20,model.layers.9.self_attn.q_proj,402.604
decode,20,model.layers.9.self_attn.k_proj,287.343
decode,20,model.layers.9.self_attn.v_proj,269.114
decode,20,model.layers.9.self_attn.q_norm,163.802
decode,20,model.layers.9.self_attn.k_norm,170.052
decode,20,model.layers.9.self_attn.q_rope,143.854
decode,20,model.layers.9.self_attn.k_rope,162.969
decode,20,model.layers.9.self_attn.qk_matmul,428.125
decode,20,model.layers.9.self_attn.mask,167.031
decode,20,model.layers.9.self_attn.softmax,172.344
decode,20,model.layers.9.self_attn.av_matmul,440.469
decode,20,model.layers.9.self_attn.o_proj,419.792
decode,20,model.layers.9.self_attn,3939.38
decode,20,model.layers.9.post_attention_layernorm,128.437
decode,20,model.layers.9.mlp.gate_proj,937.5
decode,20,model.layers.9.mlp.act,160.469
decode,20,model.layers.9.mlp.up_proj,941.823
decode,20,model.layers.9.mlp.down_proj,907.448
decode,20,model.layers.9.mlp,2977.14
decode,20,model.layers.9,7424.53
decode,20,model.layers.10.input_layernorm,165.156
decode,20,model.layers.10.self_attn.q_proj,414.062
decode,20,model.layers.10.self_attn.k_proj,286.875
decode,20,model.layers.10.self_attn.v_proj,281.25
decode,20,model.layers.10.self_attn.q_norm,165.209
decode,20,model.layers.10.self_attn.k_norm,173.282
decode,20,model.layers.10.self_attn.q_rope,168.75
decode,20,model.layers.10.self_attn.k_rope,170.781
decode,20,model.layers.10.self_attn.qk_matmul,415.99
decode,20,model.layers.10.self_attn.mask,143.906
decode,20,model.layers.10.self_attn.softmax,147.656
decode,20,model.layers.10.self_attn.av_matmul,449.687
decode,20,model.layers.10.self_attn.o_proj,428.125
decode,20,model.layers.10.self_attn,4050.05
decode,20,model.layers.10.post_attention_layernorm,150.625
decode,20,model.layers.10.mlp.gate_proj,942.604
decode,20,model.layers.10.mlp.act,192.604
decode,20,model.layers.10.mlp.up_proj,935.937
decode,20,model.layers.10.mlp.down_proj,898.438
decode,20,model.layers.10.mlp,3000.94
decode,20,model.layers.10,7571.41
decode,20,model.layers.11.input_layernorm,163.906
decode,20,model.layers.11.self_attn.q_proj,409.687
decode,20,model.layers.11.self_attn.k_proj,281.771
decode,20,model.layers.11.self_attn.v_proj,287.344
decode,20,model.layers.11.self_attn.q_norm,151.771
decode,20,model.layers.11.self_attn.k_norm,169.219
decode,20,model.layers.11.self_attn.q_rope,150.937
decode,20,model.layers.11.self_attn.k_rope,148.229
decode,20,model.layers.11.self_attn.qk_matmul,457.76
decode,20,model.layers.11.self_attn.mask,153.907
decode,20,model.layers.11.self_attn.softmax,176.875
decode,20,model.layers.11.self_attn.av_matmul,446.771
decode,20,model.layers.11.self_attn.o_proj,418.75
decode,20,model.layers.11.self_attn,4001.98
decode,20,model.layers.11.post_attention_layernorm,165.625
decode,20,model.layers.11.mlp.gate_proj,924.062
decode,20,model.layers.11.mlp.act,138.75
decode,20,model.layers.11.mlp.up_proj,950.625
decode,20,model.layers.11.mlp.down_proj,898.437
decode,20,model.layers.11.mlp,2940.16
decode,20,model.layers.11,7462.92
decode,20,model.layers.12.input_layernorm,169.635
decode,20,model.layers.12.self_attn.q_proj,420.156
decode,20,model.layers.12.self_attn.k_proj,279.636
decode,20,model.layers.12.self_attn.v_proj,285.313
decode,20,model.layers.12.self_attn.q_norm,164.531
decode,20,model.layers.12.self_attn.k_norm,145.625
decode,20,model.layers.12.self_attn.q_rope,163.385
decode,20,model.layers.12.self_attn.k_rope,165
decode,20,model.layers.12.self_attn.qk_matmul,426.875
decode,20,model.layers.12.self_attn.mask,140.364
decode,20,model.layers.12.self_attn.softmax,156.094
decode,20,model.layers.12.self_attn.av_matmul,441.614
decode,20,model.layers.12.self_attn.o_proj,407.656
decode,20,model.layers.12.self_attn,3940.31
decode,20,model.layers.12.post_attention_layernorm,183.75
decode,20,model.layers.12.mlp.gate_proj,936.042
decode,20,model.layers.12.mlp.act,181.094
decode,20,model.layers.12.mlp.up_proj,942.135
decode,20,model.layers.12.mlp.down_proj,910.416
decode,20,model.layers.12.mlp,2999.58
decode,20,model.layers.12,7487.03
decode,20,model.layers.13.input_layernorm,166.771
decode,20,model.layers.13.self_attn.q_proj,419.895
decode,20,model.layers.13.self_attn.k_proj,302.343
decode,20,model.layers.13.self_attn.v_proj,310.938
decode,20,model.layers.13.self_attn.q_norm,165.521
decode,20,model.layers.13.self_attn.k_norm,188.594
decode,20,model.layers.13.self_attn.q_rope,173.645
decode,20,model.layers.13.self_attn.k_rope,172.708
decode,20,model.layers.13.self_attn.qk_matmul,434.375
decode,20,model.layers.13.self_attn.mask,230
decode,20,model.layers.13.self_attn.softmax,158.646
decode,20,model.layers.13.self_attn.av_matmul,447.032
decode,20,model.layers.13.self_attn.o_proj,410.782
decode,20,model.layers.13.self_attn,4407.34
decode,20,model.layers.13.post_attention_layernorm,168.437
decode,20,model.layers.13.mlp.gate_proj,945.625
decode,20,model.layers.13.mlp.act,149.375
decode,20,model.layers.13.mlp.up_proj,935.469
decode,20,model.layers.13.mlp.down_proj,914.011
decode,20,model.layers.13.mlp,2973.23
decode,20,model.layers.13,7919.74
decode,20,model.layers.14.input_layernorm,157.761
decode,20,model.layers.14.self_attn.q_proj,438.073
decode,20,model.layers.14.self_attn.k_proj,316.302
decode,20,model.layers.14.self_attn.v_proj,305.625
decode,20,model.layers.14.self_attn.q_norm,163.75
decode,20,model.layers.14.self_attn.k_norm,192.344
decode,20,model.layers.14.self_attn.q_rope,171.354
decode,20,model.layers.14.self_attn.k_rope,178.75
decode,20,model.layers.14.self_attn.qk_matmul,417.187
decode,20,model.layers.14.self_attn.mask,172.031
decode,20,model.layers.14.self_attn.softmax,170.312
decode,20,model.layers.14.self_attn.av_matmul,461.615
decode,20,model.layers.14.self_attn.o_proj,422.761
decode,20,model.layers.14.self_attn,4321.51
decode,20,model.layers.14.post_attention_layernorm,174.271
decode,20,model.layers.14.mlp.gate_proj,970.156
decode,20,model.layers.14.mlp.act,204.375
decode,20,model.layers.14.mlp.up_proj,975.677
decode,20,model.layers.14.mlp.down_proj,945.886
decode,20,model.layers.14.mlp,3140.94
decode,20,model.layers.14,8039.9
decode,20,model.layers.15.input_layernorm,201.25
decode,20,model.layers.15.self_attn.q_proj,476.354
decode,20,model.layers.15.self_attn.k_proj,346.823
decode,20,model.layers.15.self_attn.v_proj,351.771
decode,20,model.layers.15.self_attn.q_norm,96.719
decode,20,model.layers.15.self_attn.k_norm,201.562
decode,20,model.layers.15.self_attn.q_rope,204.687
decode,20,model.layers.15.self_attn.k_rope,113.282
decode,20,model.layers.15.self_attn.qk_matmul,478.959
decode,20,model.layers.15.self_attn.mask,196.667
decode,20,model.layers.15.self_attn.softmax,195.625
decode,20,model.layers.15.self_attn.av_matmul,477.552
decode,20,model.layers.15.self_attn.o_proj,470.156
decode,20,model.layers.15.self_attn,5007.66
decode,20,model.layers.15.post_attention_layernorm,194.062
decode,20,model.layers.15.mlp.gate_proj,955.938
decode,20,model.layers.15.mlp.act,196.406
decode,20,model.layers.15.mlp.up_proj,970.312
decode,20,model.layers.15.mlp.down_proj,936.875
decode,20,model.layers.15.mlp,3107.19
decode,20,model.layers.15,8785.16
decode,20,model.layers.16.input_layernorm,210.468
decode,20,model.layers.16.self_attn.q_proj,471.198
decode,20,model.layers.16.self_attn.k_proj,335.313
decode,20,model.layers.16.self_attn.v_proj,332.5
decode,20,model.layers.16.self_attn.q_norm,206.302
decode,20,model.layers.16.self_attn.k_norm,187.708
decode,20,model.layers.16.self_attn.q_rope,213.073
decode,20,model.layers.16.self_attn.k_rope,88.75
decode,20,model.layers.16.self_attn.qk_matmul,451.927
decode,20,model.layers.16.self_attn.mask,202.708
decode,20,model.layers.16.self_attn.softmax,205.989
decode,20,model.layers.16.self_attn.av_matmul,511.198
decode,20,model.layers.16.self_attn.o_proj,478.021
decode,20,model.layers.16.self_attn,5109.95
decode,20,model.layers.16.post_attention_layernorm,204.636
decode,20,model.layers.16.mlp.gate_proj,988.073
decode,20,model.layers.16.mlp.act,212.969
decode,20,model.layers.16.mlp.up_proj,987.032
decode,20,model.layers.16.mlp.down_proj,966.093
decode,20,model.layers.16.mlp,3208.7
decode,20,model.layers.16,8904.53
decode,20,model.layers.17.input_layernorm,77.917
decode,20,model.layers.17.self_attn.q_proj,442.344
decode,20,model.layers.17.self_attn.k_proj,299.271
decode,20,model.layers.17.self_attn.v_proj,309.271
decode,20,model.layers.17.self_attn.q_norm,173.802
decode,20,model.layers.17.self_attn.k_norm,160.469
decode,20,model.layers.17.self_attn.q_rope,179.375
decode,20,model.layers.17.self_attn.k_rope,187.032
decode,20,model.layers.17.self_attn.qk_matmul,422.865
decode,20,model.layers.17.self_attn.mask,158.125
decode,20,model.layers.17.self_attn.softmax,178.177
decode,20,model.layers.17.self_attn.av_matmul,460
decode,20,model.layers.17.self_attn.o_proj,449.062
decode,20,model.layers.17.self_attn,4492.34
decode,20,model.layers.17.post_attention_layernorm,166.98
decode,20,model.layers.17.mlp.gate_proj,939.271
decode,20,model.layers.17.mlp.act,179.167
decode,20,model.layers.17.mlp.up_proj,947.239
decode,20,model.layers.17.mlp.down_proj,920
decode,20,model.layers.17.mlp,3017.19
decode,20,model.layers.17,7980.16
decode,20,model.layers.18.input_layernorm,186.823
decode,20,model.layers.18.self_attn.q_proj,436.719
decode,20,model.layers.18.self_attn.k_proj,301.25
decode,20,model.layers.18.self_attn.v_proj,311.666
decode,20,model.layers.18.self_attn.q_norm,170.521
decode,20,model.layers.18.self_attn.k_norm,207.969
decode,20,model.layers.18.self_attn.q_rope,174.792
decode,20,model.layers.18.self_attn.k_rope,184.843
decode,20,model.layers.18.self_attn.qk_matmul,427.344
decode,20,model.layers.18.self_attn.mask,165.625
decode,20,model.layers.18.self_attn.softmax,144.792
decode,20,model.layers.18.self_attn.av_matmul,468.594
decode,20,model.layers.18.self_attn.o_proj,418.854
decode,20,model.layers.18.self_attn,4498.65
decode,20,model.layers.18.post_attention_layernorm,179.27
decode,20,model.layers.18.mlp.gate_proj,967.395
decode,20,model.layers.18.mlp.act,171.823
decode,20,model.layers.18.mlp.up_proj,930.105
decode,20,model.layers.18.mlp.down_proj,914.844
decode,20,model.layers.18.mlp,3015.62
decode,20,model.layers.18,8093.59
decode,20,model.layers.19.input_layernorm,184.792
decode,20,model.layers.19.self_attn.q_proj,434.532
decode,20,model.layers.19.self_attn.k_proj,319.063
decode,20,model.layers.19.self_attn.v_proj,308.698
decode,20,model.layers.19.self_attn.q_norm,175.313
decode,20,model.layers.19.self_attn.k_norm,192.24
decode,20,model.layers.19.self_attn.q_rope,184.843
decode,20,model.layers.19.self_attn.k_rope,70.625
decode,20,model.layers.19.self_attn.qk_matmul,426.562
decode,20,model.layers.19.self_attn.mask,177.969
decode,20,model.layers.19.self_attn.softmax,216.875
decode,20,model.layers.19.self_attn.av_matmul,471.406
decode,20,model.layers.19.self_attn.o_proj,513.125
decode,20,model.layers.19.self_attn,4596.41
decode,20,model.layers.19.post_attention_layernorm,180.156
decode,20,model.layers.19.mlp.gate_proj,950.313
decode,20,model.layers.19.mlp.act,192.656
decode,20,model.layers.19.mlp.up_proj,939.323
decode,20,model.layers.19.mlp.down_proj,904.688
decode,20,model.layers.19.mlp,3019.38
decode,20,model.layers.19,8219.53
decode,20,model.layers.20.input_layernorm,173.281
decode,20,model.layers.20.self_attn.q_proj,431.406
decode,20,model.layers.20.self_attn.k_proj,306.563
decode,20,model.layers.20.self_attn.v_proj,312.5
decode,20,model.layers.20.self_attn.q_norm,170
decode,20,model.layers.20.self_attn.k_norm,157.5
decode,20,model.layers.20.self_attn.q_rope,161.718
decode,20,model.layers.20.self_attn.k_rope,146.563
decode,20,model.layers.20.self_attn.qk_matmul,416.979
decode,20,model.layers.20.self_attn.mask,225.156
decode,20,model.layers.20.self_attn.softmax,120.156
decode,20,model.layers.20.self_attn.av_matmul,525.99
decode,20,model.layers.20.self_attn.o_proj,490.104
decode,20,model.layers.20.self_attn,4644.74
decode,20,model.layers.20.post_attention_layernorm,232.448
decode,20,model.layers.20.mlp.gate_proj,1011.56
decode,20,model.layers.20.mlp.act,95
decode,20,model.layers.20.mlp.up_proj,1002.81
decode,20,model.layers.20.mlp.down_proj,951.458
decode,20,model.layers.20.mlp,3116.56
decode,20,model.layers.20,8512.66
decode,20,model.layers.21.input_layernorm,148.594
decode,20,model.layers.21.self_attn.q_proj,489.219
decode,20,model.layers.21.self_attn.k_proj,359.323
decode,20,model.layers.21.self_attn.v_proj,371.979
decode,20,model.layers.21.self_attn.q_norm,131.875
decode,20,model.layers.21.self_attn.k_norm,231.875
decode,20,model.layers.21.self_attn.q_rope,213.49
decode,20,model.layers.21.self_attn.k_rope,217.187
decode,20,model.layers.21.self_attn.qk_matmul,499.271
decode,20,model.layers.21.self_attn.mask,223.281
decode,20,model.layers.21.self_attn.softmax,113.75
decode,20,model.layers.21.self_attn.av_matmul,498.437
decode,20,model.layers.21.self_attn.o_proj,479.583
decode,20,model.layers.21.self_attn,5680.62
decode,20,model.layers.21.post_attention_layernorm,218.906
decode,20,model.layers.21.mlp.gate_proj,991.562
decode,20,model.layers.21.mlp.act,151.146
decode,20,model.layers.21.mlp.up_proj,1012.66
decode,20,model.layers.21.mlp.down_proj,957.656
decode,20,model.layers.21.mlp,3169.06
decode,20,model.layers.21,9558.59
decode,20,model.layers.22.input_layernorm,217.344
decode,20,model.layers.22.self_attn.q_proj,472.5
decode,20,model.layers.22.self_attn.k_proj,368.958
decode,20,model.layers.22.self_attn.v_proj,403.854
decode,20,model.layers.22.self_attn.q_norm,126.719
decode,20,model.layers.22.self_attn.k_norm,181.042
decode,20,model.layers.22.self_attn.q_rope,265.469
decode,20,model.layers.22.self_attn.k_rope,126.615
decode,20,model.layers.22.self_attn.qk_matmul,492.552
decode,20,model.layers.22.self_attn.mask,502.864
decode,20,model.layers.22.self_attn.softmax,137.656
decode,20,model.layers.22.self_attn.av_matmul,540.625
decode,20,model.layers.22.self_attn.o_proj,515.365
decode,20,model.layers.22.self_attn,6485.62
decode,20,model.layers.22.post_attention_layernorm,295.364
decode,20,model.layers.22.mlp.gate_proj,1032.24
decode,20,model.layers.22.mlp.act,139.375
decode,20,model.layers.22.mlp.up_proj,1064.06
decode,20,model.layers.22.mlp.down_proj,1021.77
decode,20,model.layers.22.mlp,3329.84
decode,20,model.layers.22,10735.7
decode,20,model.layers.23.input_layernorm,122.657
decode,20,model.layers.23.self_attn.q_proj,579.791
decode,20,model.layers.23.self_attn.k_proj,409.375
decode,20,model.layers.23.self_attn.v_proj,422.188
decode,20,model.layers.23.self_attn.q_norm,124.844
decode,20,model.layers.23.self_attn.k_norm,282.343
decode,20,model.layers.23.self_attn.q_rope,521.563
decode,20,model.layers.23.self_attn.k_rope,251.875
decode,20,model.layers.23.self_attn.qk_matmul,712.969
decode,20,model.layers.23.self_attn.mask,292.187
decode,20,model.layers.23.self_attn.softmax,139.375
decode,20,model.layers.23.self_attn.av_matmul,594.167
decode,20,model.layers.23.self_attn.o_proj,796.302
decode,20,model.layers.23.self_attn,7539.22
decode,20,model.layers.23.post_attention_layernorm,510.417
decode,20,model.layers.23.mlp.gate_proj,1095.68
decode,20,model.layers.23.mlp.act,120
decode,20,model.layers.23.mlp.up_proj,1067.66
decode,20,model.layers.23.mlp.down_proj,997.812
decode,20,model.layers.23.mlp,3348.64
decode,20,model.layers.23,11932.7
decode,20,model.layers.24.input_layernorm,283.021
decode,20,model.layers.24.self_attn.q_proj,510
decode,20,model.layers.24.self_attn.k_proj,390.782
decode,20,model.layers.24.self_attn.v_proj,427.187
decode,20,model.layers.24.self_attn.q_norm,306.145
decode,20,model.layers.24.self_attn.k_norm,121.563
decode,20,model.layers.24.self_attn.q_rope,299.219
decode,20,model.layers.24.self_attn.k_rope,242.709
decode,20,model.layers.24.self_attn.qk_matmul,548.906
decode,20,model.layers.24.self_attn.mask,499.531
decode,20,model.layers.24.self_attn.softmax,190.156
decode,20,model.layers.24.self_attn.av_matmul,551.25
decode,20,model.layers.24.self_attn.o_proj,510.104
decode,20,model.layers.24.self_attn,7022.6
decode,20,model.layers.24.post_attention_layernorm,361.042
decode,20,model.layers.24.mlp.gate_proj,1252.81
decode,20,model.layers.24.mlp.act,259.636
decode,20,model.layers.24.mlp.up_proj,1073.65
decode,20,model.layers.24.mlp.down_proj,1313.28
decode,20,model.layers.24.mlp,3975.42
decode,20,model.layers.24,12316.5
decode,20,model.layers.25.input_layernorm,137.032
decode,20,model.layers.25.self_attn.q_proj,563.594
decode,20,model.layers.25.self_attn.k_proj,416.98
decode,20,model.layers.25.self_attn.v_proj,417.656
decode,20,model.layers.25.self_attn.q_norm,188.593
decode,20,model.layers.25.self_attn.k_norm,227.604
decode,20,model.layers.25.self_attn.q_rope,503.958
decode,20,model.layers.25.self_attn.k_rope,273.125
decode,20,model.layers.25.self_attn.qk_matmul,515.156
decode,20,model.layers.25.self_attn.mask,181.25
decode,20,model.layers.25.self_attn.softmax,149.531
decode,20,model.layers.25.self_attn.av_matmul,483.906
decode,20,model.layers.25.self_attn.o_proj,472.343
decode,20,model.layers.25.self_attn,6624.58
decode,20,model.layers.25.post_attention_layernorm,192.083
decode,20,model.layers.25.mlp.gate_proj,986.563
decode,20,model.layers.25.mlp.act,193.281
decode,20,model.layers.25.mlp.up_proj,970.157
decode,20,model.layers.25.mlp.down_proj,952.604
decode,20,model.layers.25.mlp,3151.2
decode,20,model.layers.25,10408.6
decode,20,model.layers.26.input_layernorm,206.719
decode,20,model.layers.26.self_attn.q_proj,451.406
decode,20,model.layers.26.self_attn.k_proj,338.49
decode,20,model.layers.26.self_attn.v_proj,329.375
decode,20,model.layers.26.self_attn.q_norm,182.969
decode,20,model.layers.26.self_attn.k_norm,181.458
decode,20,model.layers.26.self_attn.q_rope,208.593
decode,20,model.layers.26.self_attn.k_rope,212.657
decode,20,model.layers.26.self_attn.qk_matmul,479.635
decode,20,model.layers.26.self_attn.mask,242.395
decode,20,model.layers.26.self_attn.softmax,175.781
decode,20,model.layers.26.self_attn.av_matmul,517.188
decode,20,model.layers.26.self_attn.o_proj,489.01
decode,20,model.layers.26.self_attn,5246.88
decode,20,model.layers.26.post_attention_layernorm,230.625
decode,20,model.layers.26.mlp.gate_proj,992.968
decode,20,model.layers.26.mlp.act,234.844
decode,20,model.layers.26.mlp.up_proj,997.5
decode,20,model.layers.26.mlp.down_proj,942.813
decode,20,model.layers.26.mlp,3222.5
decode,20,model.layers.26,9183.59
decode,20,model.layers.27.input_layernorm,232.969
decode,20,model.layers.27.self_attn.q_proj,474.114
decode,20,model.layers.27.self_attn.k_proj,369.323
decode,20,model.layers.27.self_attn.v_proj,363.281
decode,20,model.layers.27.self_attn.q_norm,261.042
decode,20,model.layers.27.self_attn.k_norm,138.75
decode,20,model.layers.27.self_attn.q_rope,230.677
decode,20,model.layers.27.self_attn.k_rope,234.531
decode,20,model.layers.27.self_attn.qk_matmul,483.021
decode,20,model.layers.27.self_attn.mask,241.093
decode,20,model.layers.27.self_attn.softmax,111.614
decode,20,model.layers.27.self_attn.av_matmul,526.771
decode,20,model.layers.27.self_attn.o_proj,483.073
decode,20,model.layers.27.self_attn,5629.79
decode,20,model.layers.27.post_attention_layernorm,242.969
decode,20,model.layers.27.mlp.gate_proj,1000.16
decode,20,model.layers.27.mlp.act,136.355
decode,20,model.layers.27.mlp.up_proj,1027.66
decode,20,model.layers.27.mlp.down_proj,962.344
decode,20,model.layers.27.mlp,3189.58
decode,20,model.layers.27,9608.91
decode,20,model.norm,223.229
decode,20,model,239578
decode,20,lm_head_out,81273
